device mps
~/.tc_work/quire-runs/run-22693966/work/src/runner.py:37: UserWarning: Sparse invariant checks are implicitly disabled. Memory errors (e.g. SEGFAULT) will occur when operating on a sparse tensor which violates the invariants, but checks incur performance overhead. To silence this warning, explicitly opt in or out. See `torch.sparse.check_sparse_tensor_invariants.__doc__` for guidance.  (Triggered internally at /Users/runner/work/pytorch/pytorch/aten/src/ATen/Context.cpp:855.)
  return torch.sparse_coo_tensor(idx, v, (n, n)).coalesce().to(dev)
width scan from battery/battery-v6.json: jitters [1.0, 1.41, 2.0, 2.83, 4.0] at target x1
reference probe rate 13.609 spikes/s/neuron
item 1 real     trial 0 attractant    10.2s  DNp09 0.00 MDN 0.00 DNp01 0.00 pC1 1.65 pIP10 25.00 HS R/L 0.00/0.00
item 1 real     trial 0 neutral        9.4s  DNp09 0.00 MDN 0.00 DNp01 0.00 pC1 2.04 pIP10 10.83 HS R/L 0.00/0.00
item 1 real     trial 0 repellent      9.0s  DNp09 0.00 MDN 5.00 DNp01 0.00 pC1 1.00 pIP10 12.50 HS R/L 0.00/0.00
item 1 real     trial 1 attractant    10.0s  DNp09 0.00 MDN 0.00 DNp01 0.00 pC1 1.76 pIP10 8.33 HS R/L 0.00/0.00
item 1 real     trial 1 neutral        9.0s  DNp09 0.00 MDN 0.00 DNp01 0.00 pC1 2.82 pIP10 25.00 HS R/L 0.00/0.00
item 1 real     trial 1 repellent      9.9s  DNp09 0.00 MDN 4.58 DNp01 0.00 pC1 0.98 pIP10 27.50 HS R/L 0.00/0.00
item 1 real     trial 2 attractant     9.0s  DNp09 0.00 MDN 0.00 DNp01 0.00 pC1 2.34 pIP10 11.67 HS R/L 0.00/0.00
item 1 real     trial 2 neutral        9.8s  DNp09 0.00 MDN 0.00 DNp01 0.00 pC1 3.00 pIP10 33.33 HS R/L 0.00/0.00
item 1 real     trial 2 repellent      9.3s  DNp09 0.00 MDN 0.42 DNp01 0.00 pC1 0.33 pIP10 24.17 HS R/L 0.00/0.00
item 1 real     trial 3 attractant     9.5s  DNp09 0.00 MDN 0.00 DNp01 0.00 pC1 1.90 pIP10 11.67 HS R/L 0.00/0.00
item 1 real     trial 3 neutral       10.1s  DNp09 0.00 MDN 0.00 DNp01 0.00 pC1 2.37 pIP10 26.67 HS R/L 0.00/0.00
item 1 real     trial 3 repellent      9.4s  DNp09 0.00 MDN 3.33 DNp01 0.00 pC1 0.26 pIP10 13.33 HS R/L 0.00/0.00
item 1 real     trial 4 attractant     9.8s  DNp09 0.00 MDN 0.42 DNp01 0.00 pC1 2.24 pIP10 8.33 HS R/L 0.00/0.00
item 1 real     trial 4 neutral       10.1s  DNp09 0.00 MDN 0.00 DNp01 0.00 pC1 1.98 pIP10 19.17 HS R/L 0.00/0.00
item 1 real     trial 4 repellent     10.3s  DNp09 0.00 MDN 3.33 DNp01 0.00 pC1 1.24 pIP10 15.83 HS R/L 0.00/0.00
item 1 real     trial 5 attractant     9.7s  DNp09 0.00 MDN 0.83 DNp01 0.00 pC1 1.60 pIP10 20.00 HS R/L 0.00/0.00
item 1 real     trial 5 neutral       10.1s  DNp09 0.00 MDN 2.50 DNp01 0.00 pC1 1.82 pIP10 10.83 HS R/L 0.00/0.00
item 1 real     trial 5 repellent     10.5s  DNp09 0.00 MDN 2.08 DNp01 0.00 pC1 0.48 pIP10 20.83 HS R/L 0.00/0.00
item 1 real     trial 6 attractant    10.6s  DNp09 0.00 MDN 0.42 DNp01 0.00 pC1 1.89 pIP10 10.83 HS R/L 0.00/0.00
item 1 real     trial 6 neutral       10.0s  DNp09 0.00 MDN 2.50 DNp01 0.00 pC1 0.66 pIP10 24.17 HS R/L 0.00/0.00
item 1 real     trial 6 repellent     10.5s  DNp09 0.00 MDN 0.00 DNp01 0.00 pC1 3.02 pIP10 10.83 HS R/L 0.00/0.00
item 1 real     trial 7 attractant    10.9s  DNp09 0.00 MDN 0.00 DNp01 0.00 pC1 1.63 pIP10 16.67 HS R/L 0.00/0.00
item 1 real     trial 7 neutral       10.3s  DNp09 0.00 MDN 0.00 DNp01 0.00 pC1 1.91 pIP10 30.00 HS R/L 0.00/0.00
item 1 real     trial 7 repellent     10.7s  DNp09 0.00 MDN 1.67 DNp01 0.00 pC1 0.65 pIP10 27.50 HS R/L 0.00/0.00
item 1 real     trial 8 attractant    10.8s  DNp09 0.00 MDN 0.00 DNp01 0.00 pC1 2.21 pIP10 18.33 HS R/L 0.00/0.00
item 1 real     trial 8 neutral       11.2s  DNp09 0.00 MDN 0.00 DNp01 0.00 pC1 2.14 pIP10 13.33 HS R/L 0.00/0.00
item 1 real     trial 8 repellent     10.5s  DNp09 0.00 MDN 3.75 DNp01 0.00 pC1 1.05 pIP10 25.00 HS R/L 0.00/0.00
item 1 real     trial 9 attractant    10.2s  DNp09 0.00 MDN 1.25 DNp01 0.00 pC1 1.40 pIP10 10.83 HS R/L 0.00/0.00
item 1 real     trial 9 neutral       10.1s  DNp09 0.00 MDN 0.00 DNp01 0.00 pC1 1.93 pIP10 21.67 HS R/L 0.00/0.00
item 1 real     trial 9 repellent     10.5s  DNp09 0.00 MDN 0.42 DNp01 0.00 pC1 0.91 pIP10 21.67 HS R/L 0.00/0.00
item 1 real     trial 10 attractant    10.8s  DNp09 0.00 MDN 0.00 DNp01 0.00 pC1 3.32 pIP10 18.33 HS R/L 0.00/0.00
item 1 real     trial 10 neutral       10.9s  DNp09 0.00 MDN 5.00 DNp01 0.00 pC1 1.81 pIP10 13.33 HS R/L 0.00/0.00
item 1 real     trial 10 repellent     10.6s  DNp09 0.00 MDN 2.08 DNp01 0.00 pC1 0.29 pIP10 19.17 HS R/L 0.00/0.00
item 1 real     trial 11 attractant    10.9s  DNp09 0.00 MDN 0.00 DNp01 0.00 pC1 2.98 pIP10 16.67 HS R/L 0.00/0.00
item 1 real     trial 11 neutral       10.4s  DNp09 0.00 MDN 0.00 DNp01 0.00 pC1 1.12 pIP10 23.33 HS R/L 0.00/0.00
item 1 real     trial 11 repellent     10.5s  DNp09 0.00 MDN 1.25 DNp01 0.00 pC1 0.16 pIP10 10.00 HS R/L 0.00/0.00
item 1 real     trial 12 attractant    10.5s  DNp09 0.00 MDN 0.00 DNp01 0.00 pC1 2.25 pIP10 13.33 HS R/L 0.00/0.00
item 1 real     trial 12 neutral       11.2s  DNp09 0.00 MDN 0.00 DNp01 0.00 pC1 1.58 pIP10 12.50 HS R/L 0.00/0.00
item 1 real     trial 12 repellent     11.4s  DNp09 0.00 MDN 0.00 DNp01 0.00 pC1 0.60 pIP10 13.33 HS R/L 0.00/0.00
item 1 real     trial 13 attractant    10.5s  DNp09 0.00 MDN 0.00 DNp01 0.00 pC1 1.84 pIP10 21.67 HS R/L 0.00/0.00
item 1 real     trial 13 neutral       12.0s  DNp09 0.00 MDN 0.83 DNp01 0.00 pC1 1.74 pIP10 20.83 HS R/L 0.00/0.00
item 1 real     trial 13 repellent     10.7s  DNp09 0.00 MDN 0.00 DNp01 0.00 pC1 1.11 pIP10 26.67 HS R/L 0.00/0.00
item 1 real     trial 14 attractant    11.3s  DNp09 0.00 MDN 0.00 DNp01 0.00 pC1 4.93 pIP10 12.50 HS R/L 0.00/0.00
item 1 real     trial 14 neutral       11.5s  DNp09 0.00 MDN 0.00 DNp01 0.00 pC1 2.49 pIP10 31.67 HS R/L 0.00/0.00
item 1 real     trial 14 repellent     10.8s  DNp09 0.00 MDN 3.33 DNp01 0.00 pC1 1.15 pIP10 25.83 HS R/L 0.00/0.00
item 1 real     trial 15 attractant    11.7s  DNp09 0.00 MDN 0.00 DNp01 0.00 pC1 1.93 pIP10 22.50 HS R/L 0.00/0.00
item 1 real     trial 15 neutral       11.2s  DNp09 0.00 MDN 0.00 DNp01 0.00 pC1 1.76 pIP10 24.17 HS R/L 0.00/0.00
item 1 real     trial 15 repellent     11.6s  DNp09 0.00 MDN 3.33 DNp01 0.00 pC1 2.57 pIP10 10.83 HS R/L 0.00/0.00
item 1 real     trial 16 attractant    11.5s  DNp09 0.00 MDN 1.25 DNp01 0.00 pC1 2.14 pIP10 22.50 HS R/L 0.00/0.00
item 1 real     trial 16 neutral       11.6s  DNp09 0.00 MDN 0.00 DNp01 0.00 pC1 5.35 pIP10 12.50 HS R/L 0.00/0.00
item 1 real     trial 16 repellent     11.1s  DNp09 0.00 MDN 3.33 DNp01 0.00 pC1 0.91 pIP10 31.67 HS R/L 0.00/0.00
item 1 real     trial 17 attractant    12.0s  DNp09 0.00 MDN 0.00 DNp01 0.00 pC1 2.78 pIP10 21.67 HS R/L 0.00/0.00
item 1 real     trial 17 neutral       11.3s  DNp09 0.00 MDN 0.00 DNp01 0.00 pC1 2.57 pIP10 19.17 HS R/L 0.00/0.00
item 1 real     trial 17 repellent     10.9s  DNp09 0.00 MDN 2.92 DNp01 0.00 pC1 1.99 pIP10 31.67 HS R/L 0.00/0.00
item 1 real     trial 18 attractant    10.8s  DNp09 0.00 MDN 0.00 DNp01 0.00 pC1 1.71 pIP10 26.67 HS R/L 0.00/0.00
item 1 real     trial 18 neutral       11.0s  DNp09 0.00 MDN 0.00 DNp01 0.00 pC1 2.41 pIP10 24.17 HS R/L 0.00/0.00
item 1 real     trial 18 repellent     11.8s  DNp09 0.00 MDN 0.42 DNp01 0.00 pC1 0.80 pIP10 25.83 HS R/L 0.00/0.00
item 1 real     trial 19 attractant    11.7s  DNp09 0.00 MDN 0.00 DNp01 0.00 pC1 2.39 pIP10 31.67 HS R/L 0.00/0.00
item 1 real     trial 19 neutral       11.4s  DNp09 0.00 MDN 0.00 DNp01 0.00 pC1 3.47 pIP10 26.67 HS R/L 0.00/0.00
item 1 real     trial 19 repellent     11.0s  DNp09 0.00 MDN 0.00 DNp01 0.00 pC1 0.40 pIP10 15.00 HS R/L 0.00/0.00
item 1 real     trial 20 attractant    11.0s  DNp09 0.00 MDN 0.00 DNp01 0.00 pC1 1.54 pIP10 23.33 HS R/L 0.00/0.00
item 1 real     trial 20 neutral       11.2s  DNp09 0.00 MDN 0.00 DNp01 0.00 pC1 4.24 pIP10 17.50 HS R/L 0.00/0.00
item 1 real     trial 20 repellent     10.9s  DNp09 0.00 MDN 2.92 DNp01 0.00 pC1 0.74 pIP10 22.50 HS R/L 0.00/0.00
item 1 real     trial 21 attractant    10.9s  DNp09 0.00 MDN 0.00 DNp01 0.00 pC1 2.75 pIP10 26.67 HS R/L 0.00/0.00
item 1 real     trial 21 neutral       10.8s  DNp09 0.00 MDN 0.00 DNp01 0.00 pC1 3.17 pIP10 18.33 HS R/L 0.00/0.00
item 1 real     trial 21 repellent     11.5s  DNp09 0.00 MDN 1.25 DNp01 0.00 pC1 1.40 pIP10 15.00 HS R/L 0.00/0.00
item 1 real     trial 22 attractant    11.9s  DNp09 0.00 MDN 0.00 DNp01 0.00 pC1 2.13 pIP10 25.00 HS R/L 0.00/0.00
item 1 real     trial 22 neutral       11.6s  DNp09 0.00 MDN 0.42 DNp01 0.00 pC1 1.65 pIP10 9.17 HS R/L 0.00/0.00
item 1 real     trial 22 repellent     11.0s  DNp09 0.00 MDN 1.67 DNp01 0.00 pC1 2.09 pIP10 9.17 HS R/L 0.00/0.00
item 1 real     trial 23 attractant    10.7s  DNp09 0.00 MDN 0.00 DNp01 0.00 pC1 1.77 pIP10 19.17 HS R/L 0.00/0.00
item 1 real     trial 23 neutral       10.8s  DNp09 0.00 MDN 0.42 DNp01 0.00 pC1 1.31 pIP10 27.50 HS R/L 0.00/0.00
item 1 real     trial 23 repellent     12.3s  DNp09 0.00 MDN 2.50 DNp01 0.00 pC1 0.54 pIP10 27.50 HS R/L 0.00/0.00
item 1 real     trial 24 attractant    11.3s  DNp09 0.00 MDN 0.00 DNp01 0.00 pC1 1.99 pIP10 17.50 HS R/L 0.00/0.00
item 1 real     trial 24 neutral       10.7s  DNp09 0.00 MDN 0.00 DNp01 0.00 pC1 2.81 pIP10 20.00 HS R/L 0.00/0.00
item 1 real     trial 24 repellent     10.9s  DNp09 0.00 MDN 0.00 DNp01 0.00 pC1 1.13 pIP10 28.33 HS R/L 0.00/0.00
item 1 real     trial 25 attractant    12.4s  DNp09 0.00 MDN 0.00 DNp01 0.00 pC1 1.75 pIP10 25.83 HS R/L 0.00/0.00
item 1 real     trial 25 neutral       10.9s  DNp09 0.00 MDN 0.00 DNp01 0.00 pC1 2.75 pIP10 21.67 HS R/L 0.00/0.00
item 1 real     trial 25 repellent     11.1s  DNp09 0.00 MDN 1.67 DNp01 0.00 pC1 0.30 pIP10 35.00 HS R/L 0.00/0.00
item 1 real     trial 26 attractant    11.0s  DNp09 0.00 MDN 0.00 DNp01 0.00 pC1 3.82 pIP10 18.33 HS R/L 0.00/0.00
item 1 real     trial 26 neutral       11.0s  DNp09 0.00 MDN 0.00 DNp01 0.00 pC1 2.05 pIP10 24.17 HS R/L 0.00/0.00
item 1 real     trial 26 repellent     10.7s  DNp09 0.00 MDN 6.25 DNp01 0.00 pC1 0.24 pIP10 13.33 HS R/L 0.00/0.00
item 1 real     trial 27 attractant    10.8s  DNp09 0.00 MDN 0.00 DNp01 0.00 pC1 1.73 pIP10 25.83 HS R/L 0.00/0.00
item 1 real     trial 27 neutral       10.9s  DNp09 0.00 MDN 0.00 DNp01 0.00 pC1 2.97 pIP10 27.50 HS R/L 0.00/0.00
item 1 real     trial 27 repellent     10.9s  DNp09 0.00 MDN 3.33 DNp01 0.00 pC1 1.22 pIP10 30.00 HS R/L 0.00/0.00
item 1 real     trial 28 attractant    11.7s  DNp09 0.00 MDN 0.00 DNp01 0.00 pC1 1.96 pIP10 18.33 HS R/L 0.00/0.00
item 1 real     trial 28 neutral       10.7s  DNp09 0.00 MDN 0.42 DNp01 0.00 pC1 2.32 pIP10 22.50 HS R/L 0.00/0.00
item 1 real     trial 28 repellent     10.5s  DNp09 0.00 MDN 0.00 DNp01 0.00 pC1 0.90 pIP10 9.17 HS R/L 0.00/0.00
item 1 real     trial 29 attractant    10.5s  DNp09 0.00 MDN 0.00 DNp01 0.00 pC1 3.77 pIP10 23.33 HS R/L 0.00/0.00
item 1 real     trial 29 neutral       10.5s  DNp09 0.00 MDN 0.00 DNp01 0.00 pC1 1.99 pIP10 25.83 HS R/L 0.00/0.00
item 1 real     trial 29 repellent     10.9s  DNp09 0.00 MDN 1.67 DNp01 0.00 pC1 0.17 pIP10 13.33 HS R/L 0.00/0.00
item 1 shuffled trial 0 attractant    10.3s  DNp09 107.50 MDN 117.08 DNp01 10.00 pC1 92.77 pIP10 164.17 HS R/L 154.44/76.11
item 1 shuffled trial 0 neutral       10.1s  DNp09 80.00 MDN 94.58 DNp01 5.00 pC1 75.60 pIP10 150.00 HS R/L 126.67/71.11
item 1 shuffled trial 0 repellent     10.3s  DNp09 0.00 MDN 0.00 DNp01 0.00 pC1 0.00 pIP10 0.00 HS R/L 0.00/0.00
item 1 shuffled trial 1 attractant     9.9s  DNp09 42.50 MDN 60.42 DNp01 83.33 pC1 45.49 pIP10 41.67 HS R/L 83.89/76.11
item 1 shuffled trial 1 neutral        9.6s  DNp09 0.00 MDN 0.00 DNp01 0.83 pC1 0.15 pIP10 0.00 HS R/L 0.00/1.11
item 1 shuffled trial 1 repellent     10.4s  DNp09 0.00 MDN 0.00 DNp01 0.00 pC1 0.00 pIP10 0.00 HS R/L 0.00/0.00
item 1 shuffled trial 2 attractant     9.9s  DNp09 50.00 MDN 83.75 DNp01 83.33 pC1 52.14 pIP10 87.50 HS R/L 82.78/60.00
item 1 shuffled trial 2 neutral       10.1s  DNp09 0.00 MDN 0.00 DNp01 0.83 pC1 0.12 pIP10 0.83 HS R/L 1.11/0.56
item 1 shuffled trial 2 repellent      9.7s  DNp09 0.00 MDN 0.00 DNp01 0.00 pC1 0.00 pIP10 0.00 HS R/L 0.00/0.00
item 1 shuffled trial 3 attractant     9.3s  DNp09 0.00 MDN 0.00 DNp01 0.00 pC1 0.16 pIP10 0.00 HS R/L 0.56/0.00
item 1 shuffled trial 3 neutral        9.8s  DNp09 10.83 MDN 12.08 DNp01 2.50 pC1 8.72 pIP10 19.17 HS R/L 19.44/17.78
item 1 shuffled trial 3 repellent      9.6s  DNp09 0.00 MDN 0.00 DNp01 0.00 pC1 0.00 pIP10 0.00 HS R/L 0.00/0.00
item 1 shuffled trial 4 attractant    10.0s  DNp09 112.50 MDN 105.83 DNp01 70.83 pC1 69.16 pIP10 127.50 HS R/L 133.33/120.00
item 1 shuffled trial 4 neutral        8.9s  DNp09 5.83 MDN 0.00 DNp01 0.00 pC1 0.05 pIP10 0.00 HS R/L 0.00/0.00
item 1 shuffled trial 4 repellent      9.8s  DNp09 0.00 MDN 0.00 DNp01 0.00 pC1 0.00 pIP10 0.00 HS R/L 0.00/0.00
item 1 shuffled trial 5 attractant     9.1s  DNp09 172.50 MDN 140.00 DNp01 0.83 pC1 99.21 pIP10 185.00 HS R/L 130.56/182.22
item 1 shuffled trial 5 neutral        8.8s  DNp09 6.67 MDN 0.00 DNp01 0.00 pC1 0.04 pIP10 0.00 HS R/L 0.00/0.00
item 1 shuffled trial 5 repellent      6.2s  DNp09 0.00 MDN 0.00 DNp01 0.00 pC1 0.00 pIP10 0.00 HS R/L 0.00/0.00
item 1 shuffled trial 6 attractant    12.4s  DNp09 88.33 MDN 162.50 DNp01 70.00 pC1 88.80 pIP10 165.00 HS R/L 0.00/165.00
item 1 shuffled trial 6 neutral        6.6s  DNp09 0.00 MDN 0.00 DNp01 0.00 pC1 0.00 pIP10 0.00 HS R/L 0.00/0.00
item 1 shuffled trial 6 repellent      6.6s  DNp09 0.00 MDN 0.00 DNp01 0.00 pC1 0.00 pIP10 0.00 HS R/L 0.00/0.00
item 1 shuffled trial 7 attractant     7.0s  DNp09 53.33 MDN 54.17 DNp01 50.00 pC1 31.39 pIP10 42.50 HS R/L 45.00/58.33
item 1 shuffled trial 7 neutral        6.6s  DNp09 0.00 MDN 0.00 DNp01 0.00 pC1 0.01 pIP10 0.00 HS R/L 0.00/0.00
item 1 shuffled trial 7 repellent      6.7s  DNp09 0.00 MDN 0.00 DNp01 0.00 pC1 0.00 pIP10 0.00 HS R/L 0.00/0.00
item 1 shuffled trial 8 attractant     6.6s  DNp09 138.33 MDN 140.83 DNp01 90.00 pC1 75.31 pIP10 150.00 HS R/L 140.00/96.67
item 1 shuffled trial 8 neutral        7.1s  DNp09 0.00 MDN 0.00 DNp01 0.00 pC1 0.07 pIP10 0.00 HS R/L 0.00/0.00
item 1 shuffled trial 8 repellent      6.9s  DNp09 0.00 MDN 0.00 DNp01 0.00 pC1 0.00 pIP10 0.00 HS R/L 0.00/0.00
item 1 shuffled trial 9 attractant     7.1s  DNp09 0.00 MDN 0.42 DNp01 0.00 pC1 0.15 pIP10 0.00 HS R/L 1.11/0.00
item 1 shuffled trial 9 neutral        6.7s  DNp09 0.00 MDN 1.25 DNp01 0.00 pC1 0.01 pIP10 0.00 HS R/L 0.00/0.00
item 1 shuffled trial 9 repellent      6.9s  DNp09 0.00 MDN 0.00 DNp01 0.00 pC1 0.00 pIP10 0.00 HS R/L 0.00/0.00
item 1 shuffled trial 10 attractant     6.8s  DNp09 152.50 MDN 108.33 DNp01 81.67 pC1 85.20 pIP10 156.67 HS R/L 162.78/157.78
item 1 shuffled trial 10 neutral        6.7s  DNp09 0.00 MDN 0.00 DNp01 0.00 pC1 0.00 pIP10 0.00 HS R/L 0.00/0.00
item 1 shuffled trial 10 repellent      6.8s  DNp09 0.00 MDN 0.00 DNp01 0.00 pC1 0.00 pIP10 0.00 HS R/L 0.00/0.00
item 1 shuffled trial 11 attractant     6.7s  DNp09 0.00 MDN 0.00 DNp01 0.00 pC1 0.10 pIP10 0.00 HS R/L 0.56/0.00
item 1 shuffled trial 11 neutral        6.3s  DNp09 0.00 MDN 0.00 DNp01 0.00 pC1 0.00 pIP10 1.67 HS R/L 0.00/0.00
item 1 shuffled trial 11 repellent      6.5s  DNp09 0.00 MDN 0.00 DNp01 0.00 pC1 0.00 pIP10 0.00 HS R/L 0.00/0.00
item 1 shuffled trial 12 attractant     7.4s  DNp09 194.17 MDN 134.17 DNp01 135.83 pC1 115.65 pIP10 192.50 HS R/L 198.33/200.00
item 1 shuffled trial 12 neutral        6.6s  DNp09 0.00 MDN 0.00 DNp01 0.00 pC1 0.01 pIP10 0.00 HS R/L 0.00/0.00
item 1 shuffled trial 12 repellent      6.7s  DNp09 0.00 MDN 0.00 DNp01 0.00 pC1 0.00 pIP10 0.00 HS R/L 0.00/0.00
item 1 shuffled trial 13 attractant     6.8s  DNp09 90.00 MDN 167.08 DNp01 175.00 pC1 99.96 pIP10 190.83 HS R/L 151.11/48.89
item 1 shuffled trial 13 neutral        6.4s  DNp09 0.00 MDN 2.92 DNp01 0.00 pC1 0.33 pIP10 0.00 HS R/L 2.78/0.00
item 1 shuffled trial 13 repellent      6.9s  DNp09 0.00 MDN 0.00 DNp01 0.00 pC1 0.00 pIP10 0.00 HS R/L 0.00/0.00
item 1 shuffled trial 14 attractant     6.8s  DNp09 88.33 MDN 125.42 DNp01 133.33 pC1 93.41 pIP10 0.83 HS R/L 108.33/162.78
item 1 shuffled trial 14 neutral        6.9s  DNp09 0.00 MDN 0.00 DNp01 0.00 pC1 0.00 pIP10 0.00 HS R/L 0.00/2.78
item 1 shuffled trial 14 repellent      7.1s  DNp09 0.00 MDN 0.00 DNp01 0.00 pC1 0.00 pIP10 0.00 HS R/L 0.00/0.00
item 1 shuffled trial 15 attractant     7.1s  DNp09 0.83 MDN 8.75 DNp01 7.50 pC1 1.72 pIP10 9.17 HS R/L 1.67/8.33
item 1 shuffled trial 15 neutral        7.7s  DNp09 0.00 MDN 0.00 DNp01 0.00 pC1 0.26 pIP10 0.00 HS R/L 0.00/0.00
item 1 shuffled trial 15 repellent      6.4s  DNp09 0.00 MDN 0.00 DNp01 0.00 pC1 0.00 pIP10 0.00 HS R/L 0.00/0.00
item 1 shuffled trial 16 attractant     6.4s  DNp09 169.17 MDN 130.42 DNp01 104.17 pC1 104.25 pIP10 179.17 HS R/L 181.11/122.78
item 1 shuffled trial 16 neutral        6.4s  DNp09 152.50 MDN 114.58 DNp01 90.00 pC1 89.69 pIP10 152.50 HS R/L 150.56/110.00
item 1 shuffled trial 16 repellent      6.4s  DNp09 0.00 MDN 0.00 DNp01 0.00 pC1 0.00 pIP10 0.00 HS R/L 0.00/0.00
item 1 shuffled trial 17 attractant     9.8s  DNp09 140.00 MDN 123.33 DNp01 92.50 pC1 113.16 pIP10 176.67 HS R/L 173.89/167.78
item 1 shuffled trial 17 neutral        7.2s  DNp09 0.00 MDN 0.00 DNp01 0.00 pC1 0.02 pIP10 0.00 HS R/L 0.00/0.00
item 1 shuffled trial 17 repellent      7.6s  DNp09 0.00 MDN 0.00 DNp01 0.00 pC1 0.00 pIP10 0.00 HS R/L 0.00/0.00
item 1 shuffled trial 18 attractant    12.2s  DNp09 206.67 MDN 147.08 DNp01 129.17 pC1 102.05 pIP10 103.33 HS R/L 161.11/126.67
item 1 shuffled trial 18 neutral       12.0s  DNp09 0.00 MDN 0.00 DNp01 0.00 pC1 0.07 pIP10 0.00 HS R/L 0.00/0.56
item 1 shuffled trial 18 repellent     11.7s  DNp09 0.00 MDN 0.00 DNp01 0.00 pC1 0.00 pIP10 0.00 HS R/L 0.00/0.00
item 1 shuffled trial 19 attractant    11.3s  DNp09 188.33 MDN 131.25 DNp01 10.00 pC1 122.59 pIP10 182.50 HS R/L 180.00/187.22
item 1 shuffled trial 19 neutral       10.7s  DNp09 67.50 MDN 42.08 DNp01 5.83 pC1 43.13 pIP10 70.00 HS R/L 64.44/70.00
item 1 shuffled trial 19 repellent     11.7s  DNp09 0.00 MDN 0.00 DNp01 0.00 pC1 0.00 pIP10 0.00 HS R/L 0.00/0.00
item 1 shuffled trial 20 attractant     7.7s  DNp09 6.67 MDN 130.42 DNp01 118.33 pC1 96.27 pIP10 85.00 HS R/L 134.44/178.33
item 1 shuffled trial 20 neutral        6.6s  DNp09 0.00 MDN 0.00 DNp01 0.00 pC1 0.07 pIP10 0.00 HS R/L 0.00/0.00
item 1 shuffled trial 20 repellent      6.6s  DNp09 0.00 MDN 0.00 DNp01 0.00 pC1 0.00 pIP10 0.00 HS R/L 0.00/0.00
item 1 shuffled trial 21 attractant     6.8s  DNp09 81.67 MDN 181.67 DNp01 85.83 pC1 108.77 pIP10 172.50 HS R/L 173.89/123.33
item 1 shuffled trial 21 neutral        6.8s  DNp09 0.00 MDN 0.00 DNp01 0.00 pC1 0.01 pIP10 0.00 HS R/L 0.00/0.00
item 1 shuffled trial 21 repellent      6.4s  DNp09 0.00 MDN 0.00 DNp01 0.00 pC1 0.00 pIP10 0.00 HS R/L 0.00/0.00
item 1 shuffled trial 22 attractant     6.4s  DNp09 170.83 MDN 115.83 DNp01 86.67 pC1 108.47 pIP10 5.83 HS R/L 170.56/88.33
item 1 shuffled trial 22 neutral        6.4s  DNp09 0.83 MDN 2.92 DNp01 5.00 pC1 0.80 pIP10 1.67 HS R/L 0.56/1.67
item 1 shuffled trial 22 repellent      6.4s  DNp09 0.00 MDN 0.00 DNp01 0.00 pC1 0.00 pIP10 0.00 HS R/L 0.00/0.00
item 1 shuffled trial 23 attractant     6.3s  DNp09 91.67 MDN 133.75 DNp01 165.83 pC1 105.44 pIP10 103.33 HS R/L 197.22/198.33
item 1 shuffled trial 23 neutral        6.9s  DNp09 0.00 MDN 0.00 DNp01 0.00 pC1 0.36 pIP10 0.00 HS R/L 0.56/0.56
item 1 shuffled trial 23 repellent      6.3s  DNp09 0.00 MDN 0.00 DNp01 0.00 pC1 0.00 pIP10 0.00 HS R/L 0.00/0.00
item 1 shuffled trial 24 attractant     6.4s  DNp09 121.67 MDN 60.42 DNp01 0.00 pC1 69.97 pIP10 35.00 HS R/L 97.78/95.00
item 1 shuffled trial 24 neutral        6.4s  DNp09 155.00 MDN 70.83 DNp01 0.00 pC1 85.66 pIP10 47.50 HS R/L 127.78/115.00
item 1 shuffled trial 24 repellent      6.4s  DNp09 0.00 MDN 0.00 DNp01 0.00 pC1 0.00 pIP10 0.00 HS R/L 0.00/0.00
item 1 shuffled trial 25 attractant     7.0s  DNp09 0.00 MDN 0.00 DNp01 0.00 pC1 0.04 pIP10 0.00 HS R/L 14.44/0.00
item 1 shuffled trial 25 neutral        6.5s  DNp09 0.00 MDN 0.00 DNp01 1.67 pC1 0.01 pIP10 0.00 HS R/L 0.00/0.00
item 1 shuffled trial 25 repellent      7.8s  DNp09 0.00 MDN 0.00 DNp01 0.00 pC1 0.00 pIP10 0.00 HS R/L 0.00/0.00
item 1 shuffled trial 26 attractant     6.7s  DNp09 155.83 MDN 119.58 DNp01 161.67 pC1 100.83 pIP10 152.50 HS R/L 87.22/120.56
item 1 shuffled trial 26 neutral        7.5s  DNp09 0.00 MDN 0.00 DNp01 0.00 pC1 0.02 pIP10 0.00 HS R/L 0.00/0.00
item 1 shuffled trial 26 repellent      7.0s  DNp09 0.00 MDN 0.00 DNp01 0.00 pC1 0.00 pIP10 0.00 HS R/L 0.00/0.00
item 1 shuffled trial 27 attractant     7.2s  DNp09 104.17 MDN 162.92 DNp01 87.50 pC1 119.53 pIP10 91.67 HS R/L 207.78/172.78
item 1 shuffled trial 27 neutral        7.0s  DNp09 0.00 MDN 2.50 DNp01 0.00 pC1 0.58 pIP10 0.00 HS R/L 0.56/0.56
item 1 shuffled trial 27 repellent      7.0s  DNp09 0.00 MDN 0.00 DNp01 0.00 pC1 0.00 pIP10 0.00 HS R/L 0.00/0.00
item 1 shuffled trial 28 attractant     6.4s  DNp09 105.83 MDN 101.67 DNp01 110.83 pC1 61.45 pIP10 103.33 HS R/L 98.33/67.78
item 1 shuffled trial 28 neutral        6.3s  DNp09 0.00 MDN 0.00 DNp01 0.00 pC1 0.11 pIP10 0.00 HS R/L 0.00/0.00
item 1 shuffled trial 28 repellent      6.3s  DNp09 0.00 MDN 0.00 DNp01 0.00 pC1 0.00 pIP10 0.00 HS R/L 0.00/0.00
item 1 shuffled trial 29 attractant     6.4s  DNp09 193.33 MDN 145.42 DNp01 6.67 pC1 112.97 pIP10 180.00 HS R/L 187.22/202.78
item 1 shuffled trial 29 neutral        6.4s  DNp09 0.00 MDN 0.00 DNp01 0.00 pC1 0.02 pIP10 0.00 HS R/L 0.00/0.00
item 1 shuffled trial 29 repellent      6.6s  DNp09 0.00 MDN 0.00 DNp01 0.00 pC1 0.00 pIP10 0.00 HS R/L 0.00/0.00
  jitter trial 0 j=1: wscale 0.1733 probe 12.782 (target 13.609) in 6 iters
item 1 random   trial 0 attractant     6.4s  DNp09 74.17 MDN 70.00 DNp01 103.33 pC1 17.43 pIP10 112.50 HS R/L 103.33/0.00
item 1 random   trial 0 neutral        6.4s  DNp09 66.67 MDN 61.25 DNp01 95.00 pC1 15.46 pIP10 104.17 HS R/L 95.00/0.00
item 1 random   trial 0 repellent      6.6s  DNp09 0.00 MDN 0.00 DNp01 0.00 pC1 0.00 pIP10 0.00 HS R/L 0.00/0.00
  jitter trial 0 j=1.41: wscale 0.1733 probe 13.055 (target 13.609) in 6 iters
item 1 random   trial 0 attractant     6.4s  DNp09 80.00 MDN 79.17 DNp01 96.67 pC1 18.19 pIP10 106.67 HS R/L 101.11/0.00
item 1 random   trial 0 neutral        6.4s  DNp09 72.50 MDN 72.08 DNp01 89.17 pC1 16.30 pIP10 99.17 HS R/L 93.89/0.00
item 1 random   trial 0 repellent      6.4s  DNp09 0.00 MDN 0.00 DNp01 0.00 pC1 0.00 pIP10 0.00 HS R/L 0.00/0.00
  jitter trial 0 j=2: wscale 0.1733 probe 14.247 (target 13.609) in 6 iters
item 1 random   trial 0 attractant     6.4s  DNp09 84.17 MDN 91.25 DNp01 87.50 pC1 21.01 pIP10 105.00 HS R/L 100.56/0.00
item 1 random   trial 0 neutral        6.4s  DNp09 80.00 MDN 86.67 DNp01 85.00 pC1 20.07 pIP10 101.67 HS R/L 97.78/0.00
item 1 random   trial 0 repellent      6.5s  DNp09 0.00 MDN 0.00 DNp01 0.00 pC1 0.00 pIP10 0.00 HS R/L 0.00/0.00
  jitter trial 0 j=2.83: wscale 0.1521 probe 11.825 (target 13.609) in 4 iters
item 1 random   trial 0 attractant     6.5s  DNp09 47.50 MDN 74.17 DNp01 52.50 pC1 12.76 pIP10 72.50 HS R/L 76.11/0.00
item 1 random   trial 0 neutral        6.4s  DNp09 45.83 MDN 73.33 DNp01 53.33 pC1 12.78 pIP10 73.33 HS R/L 76.11/0.00
item 1 random   trial 0 repellent      6.4s  DNp09 0.00 MDN 0.00 DNp01 0.00 pC1 0.00 pIP10 0.00 HS R/L 0.00/0.00
  jitter trial 0 j=4: wscale 0.1521 probe 14.339 (target 13.609) in 4 iters
item 1 random   trial 0 attractant     6.5s  DNp09 57.50 MDN 86.67 DNp01 62.50 pC1 20.19 pIP10 71.67 HS R/L 86.67/0.00
item 1 random   trial 0 neutral        6.5s  DNp09 59.17 MDN 91.67 DNp01 63.33 pC1 21.66 pIP10 78.33 HS R/L 89.44/0.00
item 1 random   trial 0 repellent      6.4s  DNp09 0.00 MDN 0.00 DNp01 0.00 pC1 0.00 pIP10 0.00 HS R/L 0.00/0.00
  jitter trial 1 j=1: wscale 0.0744 probe 14.346 (target 13.609) in 5 iters
item 1 random   trial 1 attractant     6.5s  DNp09 102.50 MDN 82.92 DNp01 106.67 pC1 12.82 pIP10 80.83 HS R/L 108.33/0.00
item 1 random   trial 1 neutral        6.4s  DNp09 50.83 MDN 28.33 DNp01 55.83 pC1 3.73 pIP10 29.17 HS R/L 47.78/0.00
item 1 random   trial 1 repellent      6.4s  DNp09 0.00 MDN 0.00 DNp01 0.00 pC1 0.00 pIP10 0.00 HS R/L 0.00/0.00
  jitter trial 1 j=1.41: wscale 0.0744 probe 14.745 (target 13.609) in 5 iters
item 1 random   trial 1 attractant     6.4s  DNp09 113.33 MDN 96.25 DNp01 115.83 pC1 15.28 pIP10 90.83 HS R/L 116.67/0.00
item 1 random   trial 1 neutral        6.5s  DNp09 70.00 MDN 52.50 DNp01 69.17 pC1 7.28 pIP10 47.50 HS R/L 66.67/0.00
item 1 random   trial 1 repellent      6.4s  DNp09 0.00 MDN 0.00 DNp01 0.00 pC1 0.00 pIP10 0.00 HS R/L 0.00/0.00
  jitter trial 1 j=2: wscale 0.0744 probe 15.803 (target 13.609) in 5 iters
item 1 random   trial 1 attractant     6.5s  DNp09 128.33 MDN 113.75 DNp01 130.00 pC1 21.24 pIP10 97.50 HS R/L 126.67/0.00
item 1 random   trial 1 neutral        6.4s  DNp09 80.00 MDN 67.92 DNp01 78.33 pC1 10.80 pIP10 51.67 HS R/L 80.00/0.00
item 1 random   trial 1 repellent      6.4s  DNp09 0.00 MDN 0.00 DNp01 0.00 pC1 0.00 pIP10 0.00 HS R/L 0.00/0.00
  jitter trial 1 j=2.83: wscale 0.0653 probe 13.155 (target 13.609) in 6 iters
item 1 random   trial 1 attractant     6.4s  DNp09 129.17 MDN 104.17 DNp01 125.83 pC1 13.38 pIP10 49.17 HS R/L 126.67/0.00
item 1 random   trial 1 neutral        6.4s  DNp09 0.00 MDN 0.00 DNp01 0.00 pC1 0.00 pIP10 0.00 HS R/L 0.00/0.00
item 1 random   trial 1 repellent      6.4s  DNp09 0.00 MDN 0.00 DNp01 0.00 pC1 0.00 pIP10 0.00 HS R/L 0.00/0.00
  jitter trial 1 j=4: wscale 0.0573 probe 11.580 (target 13.609) in 3 iters
item 1 random   trial 1 attractant     6.4s  DNp09 116.67 MDN 99.17 DNp01 102.50 pC1 10.83 pIP10 20.00 HS R/L 128.89/0.00
item 1 random   trial 1 neutral        6.4s  DNp09 0.00 MDN 0.00 DNp01 0.00 pC1 0.00 pIP10 0.00 HS R/L 0.00/0.00
item 1 random   trial 1 repellent      6.4s  DNp09 0.00 MDN 0.00 DNp01 0.00 pC1 0.00 pIP10 0.00 HS R/L 0.00/0.00
  jitter trial 2 j=1: wscale 2.4640 probe 14.774 (target 13.609) in 5 iters
item 1 random   trial 2 attractant     6.7s  DNp09 133.33 MDN 125.42 DNp01 140.83 pC1 49.91 pIP10 139.17 HS R/L 133.33/135.00
item 1 random   trial 2 neutral        6.5s  DNp09 93.33 MDN 87.50 DNp01 97.50 pC1 33.85 pIP10 99.17 HS R/L 90.00/90.00
item 1 random   trial 2 repellent      6.5s  DNp09 95.00 MDN 88.33 DNp01 100.83 pC1 34.64 pIP10 99.17 HS R/L 96.67/95.00
  jitter trial 2 j=1.41: wscale 2.4640 probe 14.983 (target 13.609) in 5 iters
item 1 random   trial 2 attractant     6.5s  DNp09 136.67 MDN 117.92 DNp01 141.67 pC1 53.24 pIP10 139.17 HS R/L 136.67/138.33
item 1 random   trial 2 neutral        6.5s  DNp09 105.00 MDN 90.42 DNp01 111.67 pC1 40.28 pIP10 107.50 HS R/L 106.67/106.67
item 1 random   trial 2 repellent      6.5s  DNp09 60.83 MDN 51.25 DNp01 66.67 pC1 22.20 pIP10 65.00 HS R/L 60.00/63.33
  jitter trial 2 j=2: wscale 2.4640 probe 15.709 (target 13.609) in 5 iters
item 1 random   trial 2 attractant     6.6s  DNp09 137.50 MDN 107.92 DNp01 144.17 pC1 56.03 pIP10 140.00 HS R/L 136.67/140.00
item 1 random   trial 2 neutral        6.4s  DNp09 113.33 MDN 88.75 DNp01 120.00 pC1 45.66 pIP10 115.00 HS R/L 113.33/116.67
item 1 random   trial 2 repellent      6.3s  DNp09 104.17 MDN 80.42 DNp01 111.67 pC1 42.32 pIP10 105.83 HS R/L 103.33/108.33
  jitter trial 2 j=2.83: wscale 1.9000 probe 10.513 (target 13.609) in 4 iters
item 1 random   trial 2 attractant     6.5s  DNp09 94.17 MDN 58.33 DNp01 135.00 pC1 27.61 pIP10 107.50 HS R/L 129.44/135.00
item 1 random   trial 2 neutral        6.7s  DNp09 75.83 MDN 47.08 DNp01 112.50 pC1 22.17 pIP10 87.50 HS R/L 106.67/113.33
item 1 random   trial 2 repellent      6.4s  DNp09 62.50 MDN 37.08 DNp01 94.17 pC1 17.87 pIP10 71.67 HS R/L 89.44/95.00
  jitter trial 2 j=4: wscale 1.9000 probe 12.035 (target 13.609) in 4 iters
item 1 random   trial 2 attractant     6.5s  DNp09 85.83 MDN 54.58 DNp01 137.50 pC1 34.62 pIP10 105.00 HS R/L 131.11/140.00
item 1 random   trial 2 neutral        6.4s  DNp09 84.17 MDN 52.50 DNp01 135.83 pC1 33.35 pIP10 102.50 HS R/L 127.22/136.67
item 1 random   trial 2 repellent      6.4s  DNp09 66.67 MDN 42.08 DNp01 110.83 pC1 26.67 pIP10 82.50 HS R/L 103.33/112.78
  jitter trial 3 j=1: wscale 0.8508 probe 11.613 (target 13.609) in 5 iters
item 1 random   trial 3 attractant     6.4s  DNp09 108.33 MDN 88.33 DNp01 121.67 pC1 19.25 pIP10 20.00 HS R/L 121.11/0.00
item 1 random   trial 3 neutral        6.3s  DNp09 97.50 MDN 79.58 DNp01 110.83 pC1 16.54 pIP10 16.67 HS R/L 111.67/0.00
item 1 random   trial 3 repellent      6.4s  DNp09 0.00 MDN 0.00 DNp01 0.00 pC1 0.00 pIP10 0.00 HS R/L 0.00/0.00
  jitter trial 3 j=1.41: wscale 0.8508 probe 12.186 (target 13.609) in 5 iters
item 1 random   trial 3 attractant     6.3s  DNp09 111.67 MDN 100.42 DNp01 123.33 pC1 24.41 pIP10 38.33 HS R/L 113.33/0.00
item 1 random   trial 3 neutral        6.2s  DNp09 105.00 MDN 94.17 DNp01 116.67 pC1 22.46 pIP10 35.00 HS R/L 106.67/0.00
item 1 random   trial 3 repellent      6.2s  DNp09 81.67 MDN 72.08 DNp01 93.33 pC1 15.66 pIP10 22.50 HS R/L 82.22/0.00
  jitter trial 3 j=2: wscale 0.8508 probe 13.621 (target 13.609) in 5 iters
item 1 random   trial 3 attractant     6.3s  DNp09 125.83 MDN 112.50 DNp01 138.33 pC1 33.80 pIP10 72.50 HS R/L 121.11/0.00
item 1 random   trial 3 neutral        6.3s  DNp09 119.17 MDN 107.08 DNp01 131.67 pC1 31.41 pIP10 66.67 HS R/L 110.00/0.00
item 1 random   trial 3 repellent      6.3s  DNp09 99.17 MDN 90.00 DNp01 112.50 pC1 25.05 pIP10 52.50 HS R/L 91.11/0.00
  jitter trial 3 j=2.83: wscale 0.8508 probe 15.324 (target 13.609) in 5 iters
item 1 random   trial 3 attractant     6.4s  DNp09 138.33 MDN 120.42 DNp01 151.67 pC1 43.88 pIP10 106.67 HS R/L 129.44/0.00
item 1 random   trial 3 neutral        6.4s  DNp09 133.33 MDN 115.83 DNp01 145.83 pC1 41.86 pIP10 102.50 HS R/L 124.44/0.00
item 1 random   trial 3 repellent      6.3s  DNp09 118.33 MDN 103.75 DNp01 130.83 pC1 36.50 pIP10 89.17 HS R/L 109.44/0.00
  jitter trial 3 j=4: wscale 0.6561 probe 10.339 (target 13.609) in 1 iters
item 1 random   trial 3 attractant     6.4s  DNp09 114.17 MDN 90.42 DNp01 136.67 pC1 23.75 pIP10 55.00 HS R/L 101.67/0.00
item 1 random   trial 3 neutral        6.4s  DNp09 108.33 MDN 84.17 DNp01 130.83 pC1 22.30 pIP10 48.33 HS R/L 95.00/0.00
item 1 random   trial 3 repellent      6.4s  DNp09 95.00 MDN 73.33 DNp01 116.67 pC1 19.09 pIP10 41.67 HS R/L 81.11/0.00
  jitter trial 4 j=1: wscale 0.4106 probe 11.416 (target 13.609) in 5 iters
item 1 random   trial 4 attractant     6.4s  DNp09 82.50 MDN 129.58 DNp01 150.00 pC1 27.36 pIP10 61.67 HS R/L 53.33/95.00
item 1 random   trial 4 neutral        6.4s  DNp09 0.00 MDN 0.00 DNp01 0.00 pC1 0.00 pIP10 0.00 HS R/L 0.00/0.00
item 1 random   trial 4 repellent      6.5s  DNp09 0.00 MDN 0.00 DNp01 0.00 pC1 0.00 pIP10 0.00 HS R/L 0.00/0.00
  jitter trial 4 j=1.41: wscale 0.4106 probe 12.230 (target 13.609) in 5 iters
item 1 random   trial 4 attractant     6.4s  DNp09 92.50 MDN 140.00 DNp01 159.17 pC1 29.99 pIP10 72.50 HS R/L 148.33/75.56
item 1 random   trial 4 neutral        6.4s  DNp09 0.00 MDN 0.00 DNp01 0.00 pC1 0.00 pIP10 0.00 HS R/L 0.00/0.00
item 1 random   trial 4 repellent      6.4s  DNp09 0.00 MDN 0.00 DNp01 0.00 pC1 0.00 pIP10 0.00 HS R/L 0.00/0.00
  jitter trial 4 j=2: wscale 0.4106 probe 13.787 (target 13.609) in 5 iters
item 1 random   trial 4 attractant     6.4s  DNp09 110.00 MDN 157.08 DNp01 174.17 pC1 41.68 pIP10 96.67 HS R/L 158.89/65.00
item 1 random   trial 4 neutral        6.4s  DNp09 0.00 MDN 0.00 DNp01 0.00 pC1 0.00 pIP10 0.00 HS R/L 0.00/0.00
item 1 random   trial 4 repellent      6.4s  DNp09 0.00 MDN 0.00 DNp01 0.00 pC1 0.00 pIP10 0.00 HS R/L 0.00/0.00
  jitter trial 4 j=2.83: wscale 0.4106 probe 15.636 (target 13.609) in 5 iters
item 1 random   trial 4 attractant     6.7s  DNp09 135.00 MDN 146.25 DNp01 184.17 pC1 54.00 pIP10 109.17 HS R/L 171.67/43.89
item 1 random   trial 4 neutral        6.4s  DNp09 35.00 MDN 30.83 DNp01 60.83 pC1 9.39 pIP10 17.50 HS R/L 49.44/17.22
item 1 random   trial 4 repellent      6.4s  DNp09 0.00 MDN 0.00 DNp01 0.00 pC1 0.00 pIP10 0.00 HS R/L 0.00/0.00
  jitter trial 4 j=4: wscale 0.3606 probe 13.401 (target 13.609) in 6 iters
item 1 random   trial 4 attractant     6.4s  DNp09 118.33 MDN 108.33 DNp01 179.17 pC1 42.91 pIP10 87.50 HS R/L 148.33/15.56
item 1 random   trial 4 neutral        6.4s  DNp09 105.00 MDN 97.92 DNp01 162.50 pC1 38.48 pIP10 77.50 HS R/L 134.44/16.67
item 1 random   trial 4 repellent      6.6s  DNp09 0.00 MDN 0.00 DNp01 0.00 pC1 0.00 pIP10 0.00 HS R/L 0.00/0.00
  jitter trial 5 j=1: wscale 0.2919 probe 13.226 (target 13.609) in 1 iters
item 1 random   trial 5 attractant     6.5s  DNp09 88.33 MDN 87.08 DNp01 102.50 pC1 21.49 pIP10 106.67 HS R/L 0.00/80.00
item 1 random   trial 5 neutral        6.5s  DNp09 51.67 MDN 49.58 DNp01 61.67 pC1 9.40 pIP10 70.00 HS R/L 0.00/45.00
item 1 random   trial 5 repellent      6.5s  DNp09 0.00 MDN 0.00 DNp01 0.00 pC1 0.00 pIP10 0.00 HS R/L 0.00/0.00
  jitter trial 5 j=1.41: wscale 0.2919 probe 13.690 (target 13.609) in 1 iters
item 1 random   trial 5 attractant     6.8s  DNp09 95.00 MDN 94.58 DNp01 109.17 pC1 25.01 pIP10 114.17 HS R/L 0.00/91.67
item 1 random   trial 5 neutral        6.4s  DNp09 71.67 MDN 70.42 DNp01 80.83 pC1 16.27 pIP10 90.83 HS R/L 0.00/70.00
item 1 random   trial 5 repellent      6.6s  DNp09 64.17 MDN 62.92 DNp01 75.00 pC1 13.92 pIP10 82.50 HS R/L 0.00/61.11
  jitter trial 5 j=2: wscale 0.2919 probe 15.130 (target 13.609) in 1 iters
item 1 random   trial 5 attractant     6.5s  DNp09 106.67 MDN 106.67 DNp01 118.33 pC1 31.96 pIP10 122.50 HS R/L 0.00/103.33
item 1 random   trial 5 neutral        6.5s  DNp09 94.17 MDN 93.33 DNp01 102.50 pC1 27.24 pIP10 111.67 HS R/L 0.00/95.00
item 1 random   trial 5 repellent      6.5s  DNp09 80.00 MDN 79.58 DNp01 88.33 pC1 21.54 pIP10 96.67 HS R/L 0.00/80.00
  jitter trial 5 j=2.83: wscale 0.2564 probe 12.671 (target 13.609) in 6 iters
item 1 random   trial 5 attractant     6.5s  DNp09 103.33 MDN 106.25 DNp01 114.17 pC1 26.62 pIP10 122.50 HS R/L 0.00/105.00
item 1 random   trial 5 neutral        6.5s  DNp09 94.17 MDN 95.83 DNp01 101.67 pC1 23.55 pIP10 113.33 HS R/L 0.00/98.33
item 1 random   trial 5 repellent      6.5s  DNp09 83.33 MDN 84.58 DNp01 91.67 pC1 20.00 pIP10 103.33 HS R/L 0.00/88.33
  jitter trial 5 j=4: wscale 0.2251 probe 11.512 (target 13.609) in 5 iters
item 1 random   trial 5 attractant     8.9s  DNp09 102.50 MDN 107.50 DNp01 107.50 pC1 24.26 pIP10 122.50 HS R/L 0.00/107.78
item 1 random   trial 5 neutral        7.2s  DNp09 94.17 MDN 99.17 DNp01 97.50 pC1 21.81 pIP10 115.00 HS R/L 0.00/101.67
item 1 random   trial 5 repellent      6.5s  DNp09 87.50 MDN 91.67 DNp01 90.83 pC1 19.87 pIP10 109.17 HS R/L 0.56/95.00
  jitter trial 6 j=1: wscale 0.0661 probe 12.436 (target 13.609) in 4 iters
item 1 random   trial 6 attractant     6.4s  DNp09 97.50 MDN 101.25 DNp01 122.50 pC1 32.72 pIP10 90.83 HS R/L 10.00/89.44
item 1 random   trial 6 neutral        6.4s  DNp09 0.00 MDN 0.00 DNp01 0.00 pC1 0.00 pIP10 0.00 HS R/L 0.00/0.00
item 1 random   trial 6 repellent      6.4s  DNp09 0.00 MDN 0.00 DNp01 0.00 pC1 0.00 pIP10 0.00 HS R/L 0.00/0.00
  jitter trial 6 j=1.41: wscale 0.0661 probe 12.538 (target 13.609) in 4 iters
item 1 random   trial 6 attractant     6.8s  DNp09 95.83 MDN 104.17 DNp01 125.83 pC1 31.27 pIP10 88.33 HS R/L 4.44/97.22
item 1 random   trial 6 neutral        6.9s  DNp09 0.00 MDN 0.42 DNp01 1.67 pC1 0.00 pIP10 0.00 HS R/L 0.00/0.00
item 1 random   trial 6 repellent      7.9s  DNp09 0.00 MDN 0.00 DNp01 0.00 pC1 0.00 pIP10 0.00 HS R/L 0.00/0.00
  jitter trial 6 j=2: wscale 0.0661 probe 13.147 (target 13.609) in 4 iters
item 1 random   trial 6 attractant     8.6s  DNp09 102.50 MDN 110.00 DNp01 128.33 pC1 36.09 pIP10 99.17 HS R/L 3.33/78.33
item 1 random   trial 6 neutral        8.5s  DNp09 40.83 MDN 52.08 DNp01 54.17 pC1 5.57 pIP10 37.50 HS R/L 2.78/26.67
item 1 random   trial 6 repellent      8.4s  DNp09 0.00 MDN 0.00 DNp01 0.00 pC1 0.00 pIP10 0.00 HS R/L 0.00/0.00
  jitter trial 6 j=2.83: wscale 0.0661 probe 14.318 (target 13.609) in 4 iters
item 1 random   trial 6 attractant     6.5s  DNp09 109.17 MDN 110.42 DNp01 130.00 pC1 40.13 pIP10 105.83 HS R/L 1.67/125.56
item 1 random   trial 6 neutral        6.5s  DNp09 41.67 MDN 44.17 DNp01 65.00 pC1 6.43 pIP10 35.00 HS R/L 0.00/53.89
item 1 random   trial 6 repellent      6.4s  DNp09 0.00 MDN 0.00 DNp01 0.00 pC1 0.00 pIP10 0.00 HS R/L 0.00/0.00
  jitter trial 6 j=4: wscale 0.0661 probe 15.788 (target 13.609) in 4 iters
item 1 random   trial 6 attractant     6.4s  DNp09 116.67 MDN 107.08 DNp01 137.50 pC1 45.38 pIP10 110.83 HS R/L 2.78/125.56
item 1 random   trial 6 neutral        6.4s  DNp09 100.00 MDN 87.08 DNp01 110.83 pC1 33.76 pIP10 91.67 HS R/L 2.22/114.44
item 1 random   trial 6 repellent      6.4s  DNp09 18.33 MDN 15.00 DNp01 30.00 pC1 1.20 pIP10 10.83 HS R/L 0.00/35.56
  jitter trial 7 j=1: wscale 1.1964 probe 16.786 (target 13.609) in 1 iters
item 1 random   trial 7 attractant     6.5s  DNp09 281.67 MDN 297.92 DNp01 304.17 pC1 41.97 pIP10 123.33 HS R/L 285.00/0.00
item 1 random   trial 7 neutral        6.4s  DNp09 260.83 MDN 277.08 DNp01 285.00 pC1 39.23 pIP10 115.83 HS R/L 265.00/0.00
item 1 random   trial 7 repellent      6.4s  DNp09 0.00 MDN 0.00 DNp01 0.00 pC1 0.00 pIP10 0.00 HS R/L 0.00/0.00
  jitter trial 7 j=1.41: wscale 1.1964 probe 16.434 (target 13.609) in 1 iters
item 1 random   trial 7 attractant     7.0s  DNp09 277.50 MDN 300.42 DNp01 305.00 pC1 41.71 pIP10 140.83 HS R/L 286.67/0.00
item 1 random   trial 7 neutral        6.4s  DNp09 258.33 MDN 282.92 DNp01 289.17 pC1 38.74 pIP10 132.50 HS R/L 268.33/0.00
item 1 random   trial 7 repellent      6.4s  DNp09 0.00 MDN 0.00 DNp01 0.00 pC1 0.00 pIP10 0.00 HS R/L 0.00/0.00
  jitter trial 7 j=2: wscale 1.1211 probe 14.366 (target 13.609) in 7 iters
item 1 random   trial 7 attractant     6.6s  DNp09 241.67 MDN 299.17 DNp01 304.17 pC1 33.53 pIP10 108.33 HS R/L 277.78/0.00
item 1 random   trial 7 neutral        6.4s  DNp09 229.17 MDN 282.50 DNp01 289.17 pC1 31.91 pIP10 101.67 HS R/L 265.00/0.00
item 1 random   trial 7 repellent      6.7s  DNp09 0.00 MDN 0.00 DNp01 0.00 pC1 0.00 pIP10 0.00 HS R/L 0.00/0.00
  jitter trial 7 j=2.83: wscale 1.0506 probe 13.735 (target 13.609) in 6 iters
item 1 random   trial 7 attractant     6.4s  DNp09 168.33 MDN 299.58 DNp01 304.17 pC1 31.57 pIP10 92.50 HS R/L 281.67/0.00
item 1 random   trial 7 neutral        6.5s  DNp09 176.67 MDN 291.25 DNp01 296.67 pC1 31.47 pIP10 94.17 HS R/L 273.33/0.00
item 1 random   trial 7 repellent      6.5s  DNp09 0.00 MDN 0.00 DNp01 0.00 pC1 0.00 pIP10 0.00 HS R/L 0.00/0.00
  jitter trial 7 j=4: wscale 0.9226 probe 10.414 (target 13.609) in 5 iters
item 1 random   trial 7 attractant     6.5s  DNp09 26.67 MDN 268.33 DNp01 300.83 pC1 20.12 pIP10 74.17 HS R/L 269.44/0.00
item 1 random   trial 7 neutral        6.4s  DNp09 25.83 MDN 262.08 DNp01 294.17 pC1 20.00 pIP10 73.33 HS R/L 264.44/0.00
item 1 random   trial 7 repellent      6.5s  DNp09 23.33 MDN 226.25 DNp01 255.83 pC1 16.87 pIP10 60.83 HS R/L 223.33/0.00
  jitter trial 8 j=1: wscale 0.1541 probe 12.342 (target 13.609) in 6 iters
item 1 random   trial 8 attractant     6.5s  DNp09 0.00 MDN 0.00 DNp01 0.00 pC1 0.00 pIP10 0.00 HS R/L 0.00/0.00
item 1 random   trial 8 neutral        6.7s  DNp09 0.00 MDN 0.00 DNp01 0.00 pC1 0.00 pIP10 0.00 HS R/L 0.00/0.00
item 1 random   trial 8 repellent      6.5s  DNp09 0.00 MDN 0.00 DNp01 0.00 pC1 0.00 pIP10 0.00 HS R/L 0.00/0.00
  jitter trial 8 j=1.41: wscale 0.1541 probe 12.932 (target 13.609) in 6 iters
item 1 random   trial 8 attractant     6.5s  DNp09 0.00 MDN 0.00 DNp01 0.00 pC1 0.00 pIP10 0.00 HS R/L 0.00/0.00
item 1 random   trial 8 neutral        6.5s  DNp09 0.00 MDN 0.00 DNp01 0.00 pC1 0.00 pIP10 0.00 HS R/L 0.00/0.00
item 1 random   trial 8 repellent      6.5s  DNp09 0.00 MDN 0.00 DNp01 0.00 pC1 0.00 pIP10 0.00 HS R/L 0.00/0.00
  jitter trial 8 j=2: wscale 0.1541 probe 15.299 (target 13.609) in 6 iters
item 1 random   trial 8 attractant     6.6s  DNp09 0.00 MDN 0.00 DNp01 0.00 pC1 0.00 pIP10 0.00 HS R/L 0.00/0.00
item 1 random   trial 8 neutral        6.5s  DNp09 0.00 MDN 0.00 DNp01 0.00 pC1 0.00 pIP10 0.00 HS R/L 0.00/0.00
item 1 random   trial 8 repellent      6.5s  DNp09 0.00 MDN 0.00 DNp01 0.00 pC1 0.00 pIP10 0.00 HS R/L 0.00/0.00
  jitter trial 8 j=2.83: wscale 0.1354 probe 11.863 (target 13.609) in 4 iters
item 1 random   trial 8 attractant     6.5s  DNp09 0.00 MDN 0.00 DNp01 0.00 pC1 0.00 pIP10 0.00 HS R/L 0.00/0.00
item 1 random   trial 8 neutral        6.5s  DNp09 0.00 MDN 0.00 DNp01 0.00 pC1 0.00 pIP10 0.00 HS R/L 0.00/0.00
item 1 random   trial 8 repellent      6.5s  DNp09 0.00 MDN 0.00 DNp01 0.00 pC1 0.00 pIP10 0.00 HS R/L 0.00/0.00
  jitter trial 8 j=4: wscale 0.1354 probe 15.206 (target 13.609) in 4 iters
item 1 random   trial 8 attractant     6.5s  DNp09 178.33 MDN 155.83 DNp01 189.17 pC1 56.75 pIP10 180.00 HS R/L 113.89/0.00
item 1 random   trial 8 neutral        6.5s  DNp09 0.00 MDN 0.00 DNp01 0.00 pC1 0.00 pIP10 0.00 HS R/L 0.00/0.00
item 1 random   trial 8 repellent      6.5s  DNp09 0.00 MDN 0.00 DNp01 0.00 pC1 0.00 pIP10 0.00 HS R/L 0.00/0.00
  jitter trial 9 j=1: wscale 0.3311 probe 13.344 (target 13.609) in 5 iters
item 1 random   trial 9 attractant     6.4s  DNp09 107.50 MDN 147.08 DNp01 150.83 pC1 20.50 pIP10 121.67 HS R/L 1.67/0.00
item 1 random   trial 9 neutral        6.4s  DNp09 0.00 MDN 0.00 DNp01 0.00 pC1 0.00 pIP10 0.00 HS R/L 0.00/0.00
item 1 random   trial 9 repellent      6.7s  DNp09 0.00 MDN 0.00 DNp01 0.00 pC1 0.00 pIP10 0.00 HS R/L 0.00/0.00
  jitter trial 9 j=1.41: wscale 0.3311 probe 13.437 (target 13.609) in 5 iters
item 1 random   trial 9 attractant    10.8s  DNp09 119.17 MDN 147.08 DNp01 163.33 pC1 26.69 pIP10 128.33 HS R/L 3.33/0.00
item 1 random   trial 9 neutral        6.5s  DNp09 40.83 MDN 82.92 DNp01 85.00 pC1 7.39 pIP10 51.67 HS R/L 0.00/0.00
item 1 random   trial 9 repellent      6.5s  DNp09 0.00 MDN 0.00 DNp01 0.00 pC1 0.00 pIP10 0.00 HS R/L 0.00/0.00
  jitter trial 9 j=2: wscale 0.3311 probe 15.484 (target 13.609) in 5 iters
item 1 random   trial 9 attractant     6.4s  DNp09 133.33 MDN 145.42 DNp01 175.83 pC1 37.08 pIP10 140.83 HS R/L 53.89/0.00
item 1 random   trial 9 neutral        6.5s  DNp09 108.33 MDN 120.00 DNp01 149.17 pC1 28.42 pIP10 115.00 HS R/L 27.78/0.00
item 1 random   trial 9 repellent      6.4s  DNp09 0.00 MDN 0.00 DNp01 0.00 pC1 0.00 pIP10 0.00 HS R/L 0.00/0.00
  jitter trial 9 j=2.83: wscale 0.2907 probe 12.781 (target 13.609) in 6 iters
item 1 random   trial 9 attractant     6.4s  DNp09 100.83 MDN 115.00 DNp01 173.33 pC1 27.40 pIP10 120.00 HS R/L 3.33/1.11
item 1 random   trial 9 neutral        6.4s  DNp09 90.83 MDN 105.00 DNp01 162.50 pC1 24.53 pIP10 109.17 HS R/L 2.78/1.11
item 1 random   trial 9 repellent      6.4s  DNp09 0.00 MDN 0.00 DNp01 0.00 pC1 0.00 pIP10 0.00 HS R/L 0.00/0.00
  jitter trial 9 j=4: wscale 0.2553 probe 11.239 (target 13.609) in 2 iters
item 1 random   trial 9 attractant     6.4s  DNp09 72.50 MDN 92.50 DNp01 157.50 pC1 24.11 pIP10 82.50 HS R/L 1.11/1.67
item 1 random   trial 9 neutral        6.4s  DNp09 67.50 MDN 86.25 DNp01 149.17 pC1 22.24 pIP10 75.83 HS R/L 0.56/1.67
item 1 random   trial 9 repellent      6.4s  DNp09 0.00 MDN 0.00 DNp01 0.00 pC1 0.00 pIP10 0.00 HS R/L 0.00/0.00
  jitter trial 10 j=1: wscale 1.5162 probe 10.769 (target 13.609) in 5 iters
item 1 random   trial 10 attractant     6.5s  DNp09 90.83 MDN 112.50 DNp01 137.50 pC1 22.63 pIP10 116.67 HS R/L 0.00/130.00
item 1 random   trial 10 neutral        6.5s  DNp09 78.33 MDN 98.33 DNp01 125.00 pC1 18.71 pIP10 102.50 HS R/L 0.00/115.00
item 1 random   trial 10 repellent      6.5s  DNp09 0.00 MDN 0.00 DNp01 0.00 pC1 0.00 pIP10 0.00 HS R/L 0.00/0.00
  jitter trial 10 j=1.41: wscale 1.5162 probe 11.204 (target 13.609) in 5 iters
item 1 random   trial 10 attractant     6.5s  DNp09 97.50 MDN 103.33 DNp01 145.00 pC1 25.38 pIP10 119.17 HS R/L 0.00/120.00
item 1 random   trial 10 neutral        6.5s  DNp09 90.83 MDN 97.08 DNp01 136.67 pC1 23.39 pIP10 112.50 HS R/L 0.00/112.22
item 1 random   trial 10 repellent      6.5s  DNp09 0.00 MDN 0.00 DNp01 0.00 pC1 0.00 pIP10 0.00 HS R/L 0.00/0.00
  jitter trial 10 j=2: wscale 1.5162 probe 12.408 (target 13.609) in 5 iters
item 1 random   trial 10 attractant     6.5s  DNp09 118.33 MDN 107.08 DNp01 158.33 pC1 37.26 pIP10 136.67 HS R/L 0.00/137.22
item 1 random   trial 10 neutral        6.5s  DNp09 106.67 MDN 97.08 DNp01 147.50 pC1 33.50 pIP10 125.83 HS R/L 0.00/124.44
item 1 random   trial 10 repellent      6.5s  DNp09 0.00 MDN 0.00 DNp01 0.00 pC1 0.00 pIP10 0.00 HS R/L 0.00/0.00
  jitter trial 10 j=2.83: wscale 1.5162 probe 14.084 (target 13.609) in 5 iters
item 1 random   trial 10 attractant     6.5s  DNp09 140.00 MDN 107.08 DNp01 167.50 pC1 53.23 pIP10 154.17 HS R/L 0.00/141.67
item 1 random   trial 10 neutral        6.5s  DNp09 138.33 MDN 104.58 DNp01 162.50 pC1 51.94 pIP10 151.67 HS R/L 0.00/137.22
item 1 random   trial 10 repellent      6.5s  DNp09 0.00 MDN 0.00 DNp01 0.00 pC1 0.00 pIP10 0.00 HS R/L 0.00/0.00
  jitter trial 10 j=4: wscale 1.5162 probe 15.781 (target 13.609) in 5 iters
item 1 random   trial 10 attractant     6.6s  DNp09 154.17 MDN 99.17 DNp01 170.00 pC1 65.05 pIP10 165.00 HS R/L 0.00/117.22
item 1 random   trial 10 neutral        6.5s  DNp09 151.67 MDN 97.50 DNp01 167.50 pC1 64.21 pIP10 163.33 HS R/L 0.00/114.44
item 1 random   trial 10 repellent      6.5s  DNp09 0.00 MDN 0.00 DNp01 0.00 pC1 0.00 pIP10 0.00 HS R/L 0.00/0.00
  jitter trial 11 j=1: wscale 0.5023 probe 13.901 (target 13.609) in 5 iters
item 1 random   trial 11 attractant     6.5s  DNp09 58.33 MDN 41.67 DNp01 34.17 pC1 3.35 pIP10 30.83 HS R/L 0.00/13.89
item 1 random   trial 11 neutral        6.5s  DNp09 0.00 MDN 0.00 DNp01 0.00 pC1 0.00 pIP10 0.00 HS R/L 0.00/0.00
item 1 random   trial 11 repellent      6.5s  DNp09 0.00 MDN 0.00 DNp01 0.00 pC1 0.00 pIP10 0.00 HS R/L 0.00/0.00
  jitter trial 11 j=1.41: wscale 0.5023 probe 13.991 (target 13.609) in 5 iters
item 1 random   trial 11 attractant     6.5s  DNp09 0.83 MDN 0.00 DNp01 10.00 pC1 0.00 pIP10 0.00 HS R/L 0.00/0.00
item 1 random   trial 11 neutral        6.5s  DNp09 0.00 MDN 0.42 DNp01 1.67 pC1 0.00 pIP10 0.00 HS R/L 0.00/0.00
item 1 random   trial 11 repellent      6.5s  DNp09 0.00 MDN 0.00 DNp01 0.00 pC1 0.00 pIP10 0.00 HS R/L 0.00/0.00
  jitter trial 11 j=2: wscale 0.5023 probe 15.046 (target 13.609) in 5 iters
item 1 random   trial 11 attractant     6.5s  DNp09 146.67 MDN 143.75 DNp01 131.67 pC1 33.68 pIP10 134.17 HS R/L 82.78/116.67
item 1 random   trial 11 neutral        6.5s  DNp09 0.00 MDN 0.00 DNp01 0.00 pC1 0.00 pIP10 0.00 HS R/L 0.00/0.00
item 1 random   trial 11 repellent      6.5s  DNp09 0.00 MDN 0.00 DNp01 0.00 pC1 0.00 pIP10 0.00 HS R/L 0.00/0.00
  jitter trial 11 j=2.83: wscale 0.5023 probe 16.910 (target 13.609) in 5 iters
item 1 random   trial 11 attractant     6.5s  DNp09 170.00 MDN 156.25 DNp01 151.67 pC1 44.59 pIP10 157.50 HS R/L 118.33/153.89
item 1 random   trial 11 neutral        6.5s  DNp09 133.33 MDN 113.33 DNp01 110.00 pC1 31.20 pIP10 115.00 HS R/L 75.00/107.22
item 1 random   trial 11 repellent      6.5s  DNp09 0.00 MDN 0.00 DNp01 0.00 pC1 0.00 pIP10 0.00 HS R/L 0.00/0.00
  jitter trial 11 j=4: wscale 0.4411 probe 14.295 (target 13.609) in 6 iters
item 1 random   trial 11 attractant     6.5s  DNp09 115.83 MDN 79.58 DNp01 81.67 pC1 18.57 pIP10 91.67 HS R/L 67.22/99.44
item 1 random   trial 11 neutral        6.7s  DNp09 118.33 MDN 80.42 DNp01 85.83 pC1 18.99 pIP10 94.17 HS R/L 46.11/81.67
item 1 random   trial 11 repellent      6.5s  DNp09 0.00 MDN 0.00 DNp01 0.00 pC1 0.00 pIP10 0.00 HS R/L 0.00/0.00
  jitter trial 12 j=1: wscale 0.6498 probe 14.181 (target 13.609) in 4 iters
item 1 random   trial 12 attractant     6.4s  DNp09 127.50 MDN 128.75 DNp01 121.67 pC1 55.89 pIP10 127.50 HS R/L 0.56/0.00
item 1 random   trial 12 neutral        6.4s  DNp09 0.00 MDN 0.00 DNp01 0.00 pC1 0.00 pIP10 0.00 HS R/L 0.00/0.00
item 1 random   trial 12 repellent      6.4s  DNp09 0.00 MDN 0.00 DNp01 0.00 pC1 0.00 pIP10 0.00 HS R/L 0.00/0.00
  jitter trial 12 j=1.41: wscale 0.6498 probe 13.971 (target 13.609) in 4 iters
item 1 random   trial 12 attractant     6.4s  DNp09 150.83 MDN 151.67 DNp01 145.00 pC1 65.83 pIP10 150.83 HS R/L 10.56/125.00
item 1 random   trial 12 neutral        6.4s  DNp09 0.00 MDN 0.00 DNp01 0.00 pC1 0.00 pIP10 0.00 HS R/L 0.00/0.00
item 1 random   trial 12 repellent      6.4s  DNp09 0.00 MDN 0.00 DNp01 0.00 pC1 0.00 pIP10 0.00 HS R/L 0.00/0.00
  jitter trial 12 j=2: wscale 0.6498 probe 14.822 (target 13.609) in 4 iters
item 1 random   trial 12 attractant     6.4s  DNp09 155.00 MDN 153.75 DNp01 146.67 pC1 70.88 pIP10 151.67 HS R/L 15.00/140.00
item 1 random   trial 12 neutral        6.4s  DNp09 0.00 MDN 0.00 DNp01 0.00 pC1 0.00 pIP10 0.00 HS R/L 0.00/0.00
item 1 random   trial 12 repellent      6.4s  DNp09 0.00 MDN 0.00 DNp01 0.00 pC1 0.00 pIP10 0.00 HS R/L 0.00/0.00
  jitter trial 12 j=2.83: wscale 0.6498 probe 15.776 (target 13.609) in 4 iters
item 1 random   trial 12 attractant     6.4s  DNp09 160.00 MDN 155.83 DNp01 141.67 pC1 72.04 pIP10 156.67 HS R/L 20.56/146.67
item 1 random   trial 12 neutral        6.3s  DNp09 0.00 MDN 0.00 DNp01 0.00 pC1 0.00 pIP10 0.00 HS R/L 0.00/0.00
item 1 random   trial 12 repellent      6.3s  DNp09 0.00 MDN 0.00 DNp01 0.00 pC1 0.00 pIP10 0.00 HS R/L 0.00/0.00
  jitter trial 12 j=4: wscale 0.6498 probe 16.908 (target 13.609) in 4 iters
item 1 random   trial 12 attractant     6.4s  DNp09 160.83 MDN 158.33 DNp01 113.33 pC1 73.72 pIP10 158.33 HS R/L 15.00/149.44
item 1 random   trial 12 neutral        6.3s  DNp09 0.00 MDN 0.00 DNp01 0.00 pC1 0.00 pIP10 0.00 HS R/L 0.00/0.00
item 1 random   trial 12 repellent      6.5s  DNp09 0.00 MDN 0.00 DNp01 0.00 pC1 0.00 pIP10 0.00 HS R/L 0.00/0.00
  jitter trial 13 j=1: wscale 0.4733 probe 12.775 (target 13.609) in 4 iters
item 1 random   trial 13 attractant    11.1s  DNp09 90.00 MDN 159.58 DNp01 155.00 pC1 17.86 pIP10 88.33 HS R/L 0.00/0.56
item 1 random   trial 13 neutral        6.7s  DNp09 55.83 MDN 111.67 DNp01 102.50 pC1 9.35 pIP10 44.17 HS R/L 0.00/0.56
item 1 random   trial 13 repellent      6.7s  DNp09 0.00 MDN 0.00 DNp01 0.00 pC1 0.00 pIP10 0.00 HS R/L 0.00/0.00
  jitter trial 13 j=1.41: wscale 0.4733 probe 12.728 (target 13.609) in 4 iters
item 1 random   trial 13 attractant     6.9s  DNp09 103.33 MDN 155.42 DNp01 158.33 pC1 14.71 pIP10 74.17 HS R/L 0.00/0.56
item 1 random   trial 13 neutral        6.7s  DNp09 54.17 MDN 92.92 DNp01 85.83 pC1 5.94 pIP10 22.50 HS R/L 0.00/0.00
item 1 random   trial 13 repellent      6.7s  DNp09 0.00 MDN 0.00 DNp01 0.00 pC1 0.00 pIP10 0.00 HS R/L 0.00/0.00
  jitter trial 13 j=2: wscale 0.4733 probe 14.224 (target 13.609) in 4 iters
item 1 random   trial 13 attractant     6.6s  DNp09 128.33 MDN 160.83 DNp01 170.00 pC1 16.34 pIP10 88.33 HS R/L 0.00/0.56
item 1 random   trial 13 neutral        6.6s  DNp09 75.00 MDN 100.83 DNp01 97.50 pC1 7.59 pIP10 35.00 HS R/L 0.00/0.00
item 1 random   trial 13 repellent      6.6s  DNp09 0.00 MDN 0.00 DNp01 0.00 pC1 0.00 pIP10 0.00 HS R/L 0.00/0.00
  jitter trial 13 j=2.83: wscale 0.4156 probe 10.367 (target 13.609) in 6 iters
item 1 random   trial 13 attractant     6.6s  DNp09 102.50 MDN 116.67 DNp01 135.00 pC1 8.37 pIP10 34.17 HS R/L 0.00/0.00
item 1 random   trial 13 neutral        6.5s  DNp09 14.17 MDN 29.58 DNp01 2.50 pC1 0.88 pIP10 0.00 HS R/L 0.00/0.00
item 1 random   trial 13 repellent      6.5s  DNp09 0.00 MDN 0.00 DNp01 0.00 pC1 0.00 pIP10 0.00 HS R/L 0.00/0.00
  jitter trial 13 j=4: wscale 0.4156 probe 14.085 (target 13.609) in 6 iters
item 1 random   trial 13 attractant     6.6s  DNp09 135.83 MDN 127.92 DNp01 182.50 pC1 14.96 pIP10 65.00 HS R/L 0.00/0.00
item 1 random   trial 13 neutral       10.1s  DNp09 82.50 MDN 79.17 DNp01 102.50 pC1 7.43 pIP10 27.50 HS R/L 0.00/0.00
item 1 random   trial 13 repellent     11.0s  DNp09 0.00 MDN 0.00 DNp01 0.00 pC1 0.01 pIP10 0.00 HS R/L 0.00/0.00
  jitter trial 14 j=1: wscale 0.0763 probe 10.423 (target 13.609) in 6 iters
item 1 random   trial 14 attractant     6.5s  DNp09 112.50 MDN 128.75 DNp01 111.67 pC1 18.59 pIP10 10.00 HS R/L 133.33/0.00
item 1 random   trial 14 neutral        6.4s  DNp09 0.00 MDN 0.00 DNp01 0.00 pC1 0.00 pIP10 0.00 HS R/L 0.00/0.00
item 1 random   trial 14 repellent      6.4s  DNp09 0.00 MDN 0.00 DNp01 0.00 pC1 0.00 pIP10 0.00 HS R/L 0.00/0.00
  jitter trial 14 j=1.41: wscale 0.0763 probe 10.535 (target 13.609) in 6 iters
item 1 random   trial 14 attractant     6.5s  DNp09 118.33 MDN 130.00 DNp01 125.83 pC1 21.41 pIP10 37.50 HS R/L 143.33/0.00
item 1 random   trial 14 neutral        6.5s  DNp09 65.83 MDN 78.75 DNp01 75.83 pC1 8.77 pIP10 22.50 HS R/L 95.00/0.00
item 1 random   trial 14 repellent      6.5s  DNp09 0.00 MDN 0.00 DNp01 0.00 pC1 0.00 pIP10 0.00 HS R/L 0.00/0.00
  jitter trial 14 j=2: wscale 0.0763 probe 12.036 (target 13.609) in 6 iters
item 1 random   trial 14 attractant     6.4s  DNp09 129.17 MDN 152.50 DNp01 136.67 pC1 36.44 pIP10 94.17 HS R/L 148.33/0.00
item 1 random   trial 14 neutral        6.4s  DNp09 91.67 MDN 114.58 DNp01 102.50 pC1 22.49 pIP10 68.33 HS R/L 111.67/0.00
item 1 random   trial 14 repellent      6.6s  DNp09 0.00 MDN 0.00 DNp01 0.00 pC1 0.00 pIP10 0.00 HS R/L 0.00/0.00
  jitter trial 14 j=2.83: wscale 0.0763 probe 13.862 (target 13.609) in 6 iters
item 1 random   trial 14 attractant     6.7s  DNp09 143.33 MDN 163.75 DNp01 149.17 pC1 52.07 pIP10 126.67 HS R/L 156.11/0.00
item 1 random   trial 14 neutral        6.4s  DNp09 127.50 MDN 148.33 DNp01 133.33 pC1 45.46 pIP10 114.17 HS R/L 141.11/0.00
item 1 random   trial 14 repellent      6.4s  DNp09 84.17 MDN 105.83 DNp01 89.17 pC1 28.22 pIP10 77.50 HS R/L 99.44/0.00
  jitter trial 14 j=4: wscale 0.0670 probe 12.328 (target 13.609) in 3 iters
item 1 random   trial 14 attractant     6.5s  DNp09 138.33 MDN 165.00 DNp01 143.33 pC1 39.34 pIP10 130.00 HS R/L 160.00/0.00
item 1 random   trial 14 neutral        6.4s  DNp09 125.00 MDN 151.67 DNp01 130.00 pC1 34.88 pIP10 119.17 HS R/L 147.78/0.00
item 1 random   trial 14 repellent      6.5s  DNp09 124.17 MDN 148.75 DNp01 131.67 pC1 34.42 pIP10 118.33 HS R/L 144.44/0.00
  jitter trial 15 j=1: wscale 0.5033 probe 12.893 (target 13.609) in 6 iters
item 1 random   trial 15 attractant     6.4s  DNp09 135.00 MDN 127.92 DNp01 146.67 pC1 19.16 pIP10 135.83 HS R/L 0.00/1.11
item 1 random   trial 15 neutral        6.4s  DNp09 0.00 MDN 0.00 DNp01 0.00 pC1 0.00 pIP10 0.00 HS R/L 0.00/0.00
item 1 random   trial 15 repellent      6.4s  DNp09 0.00 MDN 0.00 DNp01 0.00 pC1 0.00 pIP10 0.00 HS R/L 0.00/0.00
  jitter trial 15 j=1.41: wscale 0.5033 probe 13.142 (target 13.609) in 6 iters
item 1 random   trial 15 attractant     6.4s  DNp09 113.33 MDN 98.75 DNp01 123.33 pC1 16.51 pIP10 119.17 HS R/L 0.00/1.67
item 1 random   trial 15 neutral        6.4s  DNp09 0.00 MDN 0.00 DNp01 0.00 pC1 0.00 pIP10 0.00 HS R/L 0.00/0.00
item 1 random   trial 15 repellent      6.4s  DNp09 0.00 MDN 0.00 DNp01 0.00 pC1 0.00 pIP10 0.00 HS R/L 0.00/0.00
  jitter trial 15 j=2: wscale 0.5033 probe 13.832 (target 13.609) in 6 iters
item 1 random   trial 15 attractant     6.4s  DNp09 118.33 MDN 85.83 DNp01 127.50 pC1 17.53 pIP10 124.17 HS R/L 0.00/2.22
item 1 random   trial 15 neutral        6.4s  DNp09 0.00 MDN 0.00 DNp01 0.00 pC1 0.00 pIP10 0.00 HS R/L 0.00/0.00
item 1 random   trial 15 repellent      6.4s  DNp09 0.00 MDN 0.00 DNp01 0.00 pC1 0.00 pIP10 0.00 HS R/L 0.00/0.00
  jitter trial 15 j=2.83: wscale 0.4419 probe 10.631 (target 13.609) in 4 iters
item 1 random   trial 15 attractant     6.4s  DNp09 0.00 MDN 0.00 DNp01 5.00 pC1 0.02 pIP10 0.00 HS R/L 0.00/0.00
item 1 random   trial 15 neutral        6.4s  DNp09 0.00 MDN 0.00 DNp01 0.00 pC1 0.00 pIP10 0.00 HS R/L 0.00/0.00
item 1 random   trial 15 repellent      6.4s  DNp09 0.00 MDN 0.00 DNp01 0.00 pC1 0.00 pIP10 0.00 HS R/L 0.00/0.00
  jitter trial 15 j=4: wscale 0.4419 probe 12.201 (target 13.609) in 4 iters
item 1 random   trial 15 attractant     6.3s  DNp09 140.00 MDN 73.33 DNp01 163.33 pC1 19.79 pIP10 140.00 HS R/L 0.00/3.33
item 1 random   trial 15 neutral        6.4s  DNp09 114.17 MDN 64.17 DNp01 134.17 pC1 16.31 pIP10 119.17 HS R/L 0.00/2.22
item 1 random   trial 15 repellent      6.6s  DNp09 0.00 MDN 0.00 DNp01 0.00 pC1 0.00 pIP10 0.00 HS R/L 0.00/0.00
  jitter trial 16 j=1: wscale 0.3399 probe 14.493 (target 13.609) in 4 iters
item 1 random   trial 16 attractant     6.5s  DNp09 70.00 MDN 50.00 DNp01 64.17 pC1 19.33 pIP10 70.00 HS R/L 2.22/60.00
item 1 random   trial 16 neutral        6.6s  DNp09 0.00 MDN 0.00 DNp01 0.00 pC1 0.00 pIP10 0.00 HS R/L 0.00/0.00
item 1 random   trial 16 repellent      6.6s  DNp09 0.00 MDN 0.00 DNp01 0.00 pC1 0.00 pIP10 0.00 HS R/L 0.00/0.00
  jitter trial 16 j=1.41: wscale 0.3399 probe 14.366 (target 13.609) in 4 iters
item 1 random   trial 16 attractant     6.5s  DNp09 124.17 MDN 85.00 DNp01 123.33 pC1 40.37 pIP10 125.00 HS R/L 3.89/91.11
item 1 random   trial 16 neutral        6.7s  DNp09 0.00 MDN 0.00 DNp01 0.00 pC1 0.00 pIP10 0.00 HS R/L 0.00/0.00
item 1 random   trial 16 repellent      6.4s  DNp09 0.00 MDN 0.00 DNp01 0.00 pC1 0.00 pIP10 0.00 HS R/L 0.00/0.00
  jitter trial 16 j=2: wscale 0.3399 probe 14.585 (target 13.609) in 4 iters
item 1 random   trial 16 attractant     6.4s  DNp09 139.17 MDN 83.33 DNp01 134.17 pC1 48.08 pIP10 138.33 HS R/L 1.11/98.33
item 1 random   trial 16 neutral        6.5s  DNp09 48.33 MDN 26.25 DNp01 47.50 pC1 13.33 pIP10 48.33 HS R/L 0.00/30.56
item 1 random   trial 16 repellent      6.4s  DNp09 0.00 MDN 0.00 DNp01 0.00 pC1 0.00 pIP10 0.00 HS R/L 0.00/0.00
  jitter trial 16 j=2.83: wscale 0.3399 probe 15.330 (target 13.609) in 4 iters
item 1 random   trial 16 attractant     6.4s  DNp09 141.67 MDN 73.33 DNp01 135.83 pC1 52.74 pIP10 140.83 HS R/L 0.00/85.56
item 1 random   trial 16 neutral        6.5s  DNp09 130.00 MDN 66.67 DNp01 125.00 pC1 47.70 pIP10 127.50 HS R/L 0.00/83.33
item 1 random   trial 16 repellent      6.4s  DNp09 0.00 MDN 0.00 DNp01 0.00 pC1 0.00 pIP10 0.00 HS R/L 0.00/0.00
  jitter trial 16 j=4: wscale 0.3399 probe 16.494 (target 13.609) in 4 iters
item 1 random   trial 16 attractant     6.4s  DNp09 134.17 MDN 66.25 DNp01 140.83 pC1 57.15 pIP10 143.33 HS R/L 0.00/75.00
item 1 random   trial 16 neutral        6.4s  DNp09 129.17 MDN 64.58 DNp01 136.67 pC1 54.64 pIP10 138.33 HS R/L 0.00/75.00
item 1 random   trial 16 repellent      6.4s  DNp09 0.00 MDN 0.00 DNp01 0.00 pC1 0.00 pIP10 0.00 HS R/L 0.00/0.00
  jitter trial 17 j=1: wscale 0.1354 probe 16.983 (target 13.609) in 9 iters
item 1 random   trial 17 attractant     6.6s  DNp09 0.00 MDN 0.00 DNp01 0.00 pC1 0.00 pIP10 0.00 HS R/L 0.00/0.00
item 1 random   trial 17 neutral        6.5s  DNp09 0.00 MDN 0.42 DNp01 29.17 pC1 0.00 pIP10 0.00 HS R/L 0.00/0.00
item 1 random   trial 17 repellent      6.5s  DNp09 0.00 MDN 0.00 DNp01 0.00 pC1 0.00 pIP10 0.00 HS R/L 0.00/0.00
  jitter trial 17 j=1.41: wscale 0.1289 probe 12.185 (target 13.609) in 7 iters
item 1 random   trial 17 attractant     6.5s  DNp09 0.00 MDN 0.00 DNp01 0.00 pC1 0.00 pIP10 0.00 HS R/L 0.00/0.00
item 1 random   trial 17 neutral        6.5s  DNp09 0.00 MDN 0.00 DNp01 19.17 pC1 0.00 pIP10 0.00 HS R/L 0.00/0.00
item 1 random   trial 17 repellent      6.5s  DNp09 0.00 MDN 0.00 DNp01 0.00 pC1 0.00 pIP10 0.00 HS R/L 0.00/0.00
  jitter trial 17 j=2: wscale 0.1208 probe 10.766 (target 13.609) in 5 iters
item 1 random   trial 17 attractant     6.5s  DNp09 0.00 MDN 0.00 DNp01 0.00 pC1 0.00 pIP10 0.00 HS R/L 0.00/0.00
item 1 random   trial 17 neutral        6.5s  DNp09 0.00 MDN 0.00 DNp01 0.00 pC1 0.00 pIP10 0.00 HS R/L 0.00/0.00
item 1 random   trial 17 repellent      6.5s  DNp09 0.00 MDN 0.00 DNp01 0.00 pC1 0.00 pIP10 0.00 HS R/L 0.00/0.00
  jitter trial 17 j=2.83: wscale 0.1132 probe 13.430 (target 13.609) in 7 iters
item 1 random   trial 17 attractant     6.5s  DNp09 0.00 MDN 0.00 DNp01 0.00 pC1 0.00 pIP10 0.00 HS R/L 0.00/0.00
item 1 random   trial 17 neutral        6.5s  DNp09 0.00 MDN 0.00 DNp01 0.00 pC1 0.00 pIP10 0.00 HS R/L 0.00/0.00
item 1 random   trial 17 repellent      6.9s  DNp09 0.00 MDN 0.00 DNp01 0.00 pC1 0.00 pIP10 0.00 HS R/L 0.00/0.00
  jitter trial 17 j=4: wscale 0.1061 probe 14.436 (target 13.609) in 6 iters
item 1 random   trial 17 attractant     6.5s  DNp09 0.00 MDN 0.00 DNp01 0.00 pC1 0.00 pIP10 0.00 HS R/L 0.00/0.00
item 1 random   trial 17 neutral        6.5s  DNp09 0.00 MDN 0.00 DNp01 0.00 pC1 0.00 pIP10 0.00 HS R/L 0.00/0.00
item 1 random   trial 17 repellent      6.5s  DNp09 0.00 MDN 0.00 DNp01 0.00 pC1 0.00 pIP10 0.00 HS R/L 0.00/0.00
  jitter trial 18 j=1: wscale 0.5297 probe 10.324 (target 13.609) in 5 iters
item 1 random   trial 18 attractant     8.4s  DNp09 199.17 MDN 150.42 DNp01 227.50 pC1 12.84 pIP10 217.50 HS R/L 0.00/130.00
item 1 random   trial 18 neutral        7.3s  DNp09 131.67 MDN 86.25 DNp01 160.83 pC1 7.86 pIP10 151.67 HS R/L 0.00/1.11
item 1 random   trial 18 repellent      6.4s  DNp09 0.00 MDN 0.00 DNp01 0.00 pC1 0.00 pIP10 0.00 HS R/L 0.00/0.00
  jitter trial 18 j=1.41: wscale 0.5297 probe 11.229 (target 13.609) in 5 iters
item 1 random   trial 18 attractant     6.5s  DNp09 203.33 MDN 171.67 DNp01 223.33 pC1 16.27 pIP10 220.00 HS R/L 0.00/58.33
item 1 random   trial 18 neutral        7.0s  DNp09 0.00 MDN 0.00 DNp01 0.00 pC1 0.00 pIP10 0.00 HS R/L 0.00/0.00
item 1 random   trial 18 repellent      7.4s  DNp09 0.00 MDN 0.00 DNp01 0.00 pC1 0.00 pIP10 0.00 HS R/L 0.00/0.00
  jitter trial 18 j=2: wscale 0.5297 probe 13.140 (target 13.609) in 5 iters
item 1 random   trial 18 attractant     7.2s  DNp09 218.33 MDN 197.50 DNp01 233.33 pC1 23.26 pIP10 232.50 HS R/L 0.00/137.78
item 1 random   trial 18 neutral        6.6s  DNp09 0.00 MDN 0.00 DNp01 0.00 pC1 0.00 pIP10 0.00 HS R/L 0.00/0.00
item 1 random   trial 18 repellent      6.6s  DNp09 0.00 MDN 0.00 DNp01 0.00 pC1 0.00 pIP10 0.00 HS R/L 0.00/0.00
  jitter trial 18 j=2.83: wscale 0.5297 probe 15.772 (target 13.609) in 5 iters
item 1 random   trial 18 attractant     7.2s  DNp09 228.33 MDN 218.33 DNp01 240.83 pC1 32.37 pIP10 244.17 HS R/L 0.00/160.56
item 1 random   trial 18 neutral        7.0s  DNp09 0.00 MDN 2.92 DNp01 0.00 pC1 0.00 pIP10 2.50 HS R/L 0.00/0.00
item 1 random   trial 18 repellent      6.9s  DNp09 0.00 MDN 0.00 DNp01 0.00 pC1 0.00 pIP10 0.00 HS R/L 0.00/0.00
  jitter trial 18 j=4: wscale 0.4651 probe 13.319 (target 13.609) in 6 iters
item 1 random   trial 18 attractant     6.9s  DNp09 189.17 MDN 200.83 DNp01 223.33 pC1 28.33 pIP10 223.33 HS R/L 0.00/157.22
item 1 random   trial 18 neutral        7.5s  DNp09 101.67 MDN 115.83 DNp01 118.33 pC1 12.03 pIP10 120.83 HS R/L 0.00/67.78
item 1 random   trial 18 repellent      7.5s  DNp09 0.00 MDN 0.00 DNp01 0.00 pC1 0.00 pIP10 0.00 HS R/L 0.00/0.00
  jitter trial 19 j=1: wscale 0.2775 probe 11.578 (target 13.609) in 6 iters
item 1 random   trial 19 attractant     6.6s  DNp09 117.50 MDN 120.00 DNp01 112.50 pC1 30.95 pIP10 108.33 HS R/L 10.56/0.00
item 1 random   trial 19 neutral        6.9s  DNp09 68.33 MDN 72.92 DNp01 61.67 pC1 16.42 pIP10 61.67 HS R/L 2.78/0.00
item 1 random   trial 19 repellent      7.0s  DNp09 0.00 MDN 0.00 DNp01 0.00 pC1 0.00 pIP10 0.00 HS R/L 0.00/0.00
  jitter trial 19 j=1.41: wscale 0.2775 probe 11.786 (target 13.609) in 6 iters
item 1 random   trial 19 attractant     7.1s  DNp09 116.67 MDN 117.50 DNp01 115.83 pC1 33.15 pIP10 111.67 HS R/L 2.22/0.56
item 1 random   trial 19 neutral        7.3s  DNp09 65.83 MDN 68.33 DNp01 61.67 pC1 16.83 pIP10 64.17 HS R/L 2.22/0.00
item 1 random   trial 19 repellent      7.5s  DNp09 0.00 MDN 0.00 DNp01 0.00 pC1 0.00 pIP10 0.00 HS R/L 0.00/0.00
  jitter trial 19 j=2: wscale 0.2775 probe 13.508 (target 13.609) in 6 iters
item 1 random   trial 19 attractant     7.5s  DNp09 120.00 MDN 122.08 DNp01 126.67 pC1 39.16 pIP10 124.17 HS R/L 0.00/2.78
item 1 random   trial 19 neutral        6.8s  DNp09 50.00 MDN 54.58 DNp01 52.50 pC1 14.21 pIP10 60.83 HS R/L 0.00/0.56
item 1 random   trial 19 repellent      6.7s  DNp09 0.00 MDN 0.00 DNp01 0.00 pC1 0.00 pIP10 0.00 HS R/L 0.00/0.00
  jitter trial 19 j=2.83: wscale 0.2436 probe 10.403 (target 13.609) in 5 iters
item 1 random   trial 19 attractant     7.3s  DNp09 96.67 MDN 91.67 DNp01 121.67 pC1 25.02 pIP10 108.33 HS R/L 0.00/1.11
item 1 random   trial 19 neutral        6.9s  DNp09 0.00 MDN 0.00 DNp01 0.00 pC1 0.00 pIP10 0.00 HS R/L 0.00/0.00
item 1 random   trial 19 repellent      7.6s  DNp09 0.00 MDN 0.00 DNp01 0.00 pC1 0.00 pIP10 0.00 HS R/L 0.00/0.00
  jitter trial 19 j=4: wscale 0.2436 probe 13.993 (target 13.609) in 5 iters
item 1 random   trial 19 attractant     6.6s  DNp09 123.33 MDN 110.83 DNp01 143.33 pC1 39.16 pIP10 140.83 HS R/L 0.00/3.89
item 1 random   trial 19 neutral        7.5s  DNp09 0.00 MDN 0.00 DNp01 0.00 pC1 0.00 pIP10 0.00 HS R/L 0.00/0.00
item 1 random   trial 19 repellent      6.8s  DNp09 0.00 MDN 0.00 DNp01 0.00 pC1 0.00 pIP10 0.00 HS R/L 0.00/0.00
  jitter trial 20 j=1: wscale 0.1275 probe 12.846 (target 13.609) in 6 iters
item 1 random   trial 20 attractant     6.5s  DNp09 133.33 MDN 193.75 DNp01 81.67 pC1 29.44 pIP10 116.67 HS R/L 132.22/0.00
item 1 random   trial 20 neutral        7.4s  DNp09 125.00 MDN 181.67 DNp01 75.00 pC1 27.24 pIP10 108.33 HS R/L 121.67/0.00
item 1 random   trial 20 repellent      7.8s  DNp09 0.00 MDN 0.00 DNp01 0.00 pC1 0.00 pIP10 0.00 HS R/L 0.00/0.00
  jitter trial 20 j=1.41: wscale 0.1275 probe 13.237 (target 13.609) in 6 iters
item 1 random   trial 20 attractant     7.5s  DNp09 144.17 MDN 195.42 DNp01 85.83 pC1 32.76 pIP10 125.00 HS R/L 134.44/0.00
item 1 random   trial 20 neutral        7.3s  DNp09 135.00 MDN 185.00 DNp01 80.83 pC1 29.76 pIP10 115.00 HS R/L 125.00/0.00
item 1 random   trial 20 repellent      7.5s  DNp09 0.00 MDN 0.00 DNp01 0.00 pC1 0.00 pIP10 0.00 HS R/L 0.00/0.00
  jitter trial 20 j=2: wscale 0.1275 probe 15.184 (target 13.609) in 6 iters
item 1 random   trial 20 attractant     6.9s  DNp09 145.00 MDN 195.00 DNp01 79.17 pC1 45.87 pIP10 147.50 HS R/L 125.00/0.00
item 1 random   trial 20 neutral        6.9s  DNp09 137.50 MDN 188.33 DNp01 73.33 pC1 43.24 pIP10 138.33 HS R/L 119.44/0.00
item 1 random   trial 20 repellent      7.0s  DNp09 0.00 MDN 0.00 DNp01 0.00 pC1 0.00 pIP10 0.00 HS R/L 0.00/0.00
  jitter trial 20 j=2.83: wscale 0.1120 probe 11.798 (target 13.609) in 4 iters
item 1 random   trial 20 attractant     6.9s  DNp09 106.67 MDN 175.83 DNp01 12.50 pC1 30.84 pIP10 116.67 HS R/L 123.89/0.00
item 1 random   trial 20 neutral        7.7s  DNp09 100.00 MDN 168.75 DNp01 12.50 pC1 28.99 pIP10 110.83 HS R/L 117.22/0.00
item 1 random   trial 20 repellent      6.6s  DNp09 0.00 MDN 0.00 DNp01 0.00 pC1 0.00 pIP10 0.00 HS R/L 0.00/0.00
  jitter trial 20 j=4: wscale 0.1120 probe 15.598 (target 13.609) in 4 iters
item 1 random   trial 20 attractant     7.0s  DNp09 120.00 MDN 177.08 DNp01 28.33 pC1 48.29 pIP10 152.50 HS R/L 146.11/0.00
item 1 random   trial 20 neutral        6.9s  DNp09 114.17 MDN 170.83 DNp01 24.17 pC1 46.13 pIP10 145.00 HS R/L 136.11/0.00
item 1 random   trial 20 repellent      7.1s  DNp09 0.00 MDN 0.00 DNp01 0.00 pC1 0.00 pIP10 0.00 HS R/L 0.00/0.00
  jitter trial 21 j=1: wscale 0.2180 probe 15.066 (target 13.609) in 6 iters
item 1 random   trial 21 attractant     7.5s  DNp09 17.50 MDN 52.92 DNp01 47.50 pC1 2.96 pIP10 13.33 HS R/L 33.33/33.33
item 1 random   trial 21 neutral        7.3s  DNp09 0.00 MDN 0.00 DNp01 0.00 pC1 0.00 pIP10 0.00 HS R/L 0.00/0.00
item 1 random   trial 21 repellent      7.2s  DNp09 0.00 MDN 0.00 DNp01 0.00 pC1 0.00 pIP10 0.00 HS R/L 0.00/0.00
  jitter trial 21 j=1.41: wscale 0.2180 probe 16.013 (target 13.609) in 6 iters
item 1 random   trial 21 attractant     7.5s  DNp09 61.67 MDN 77.92 DNp01 87.50 pC1 14.84 pIP10 50.83 HS R/L 60.00/61.11
item 1 random   trial 21 neutral        7.6s  DNp09 32.50 MDN 50.42 DNp01 64.17 pC1 5.53 pIP10 23.33 HS R/L 38.33/40.56
item 1 random   trial 21 repellent      7.6s  DNp09 0.00 MDN 0.00 DNp01 0.00 pC1 0.00 pIP10 0.00 HS R/L 0.00/0.00
  jitter trial 21 j=2: wscale 0.1914 probe 12.310 (target 13.609) in 4 iters
item 1 random   trial 21 attractant     7.8s  DNp09 27.50 MDN 37.50 DNp01 46.67 pC1 2.23 pIP10 11.67 HS R/L 17.78/23.89
item 1 random   trial 21 neutral        7.4s  DNp09 3.33 MDN 16.25 DNp01 19.17 pC1 0.33 pIP10 0.00 HS R/L 0.00/0.00
item 1 random   trial 21 repellent      7.0s  DNp09 0.00 MDN 0.00 DNp01 1.67 pC1 0.04 pIP10 0.00 HS R/L 0.00/0.00
  jitter trial 21 j=2.83: wscale 0.1914 probe 16.121 (target 13.609) in 4 iters
item 1 random   trial 21 attractant     7.7s  DNp09 115.00 MDN 97.08 DNp01 130.00 pC1 25.77 pIP10 83.33 HS R/L 83.89/86.11
item 1 random   trial 21 neutral        7.2s  DNp09 96.67 MDN 81.67 DNp01 114.17 pC1 19.93 pIP10 66.67 HS R/L 67.22/70.00
item 1 random   trial 21 repellent      7.6s  DNp09 25.00 MDN 20.00 DNp01 42.50 pC1 2.05 pIP10 8.33 HS R/L 0.00/1.11
  jitter trial 21 j=4: wscale 0.1681 probe 14.484 (target 13.609) in 6 iters
item 1 random   trial 21 attractant     7.3s  DNp09 123.33 MDN 81.25 DNp01 134.17 pC1 22.68 pIP10 74.17 HS R/L 66.11/72.78
item 1 random   trial 21 neutral        6.4s  DNp09 107.50 MDN 69.58 DNp01 119.17 pC1 18.45 pIP10 62.50 HS R/L 52.22/58.33
item 1 random   trial 21 repellent      6.4s  DNp09 61.67 MDN 36.67 DNp01 72.50 pC1 7.47 pIP10 29.17 HS R/L 11.67/15.56
  jitter trial 22 j=1: wscale 0.6534 probe 16.583 (target 13.609) in 4 iters
item 1 random   trial 22 attractant     6.3s  DNp09 157.50 MDN 163.75 DNp01 160.83 pC1 61.75 pIP10 165.83 HS R/L 0.00/0.00
item 1 random   trial 22 neutral        7.4s  DNp09 134.17 MDN 140.42 DNp01 137.50 pC1 51.38 pIP10 142.50 HS R/L 0.00/0.00
item 1 random   trial 22 repellent      6.8s  DNp09 0.00 MDN 0.00 DNp01 0.00 pC1 0.00 pIP10 0.00 HS R/L 0.00/0.00
  jitter trial 22 j=1.41: wscale 0.6534 probe 16.596 (target 13.609) in 4 iters
item 1 random   trial 22 attractant     7.4s  DNp09 157.50 MDN 162.92 DNp01 159.17 pC1 61.06 pIP10 166.67 HS R/L 0.00/0.00
item 1 random   trial 22 neutral        6.8s  DNp09 137.50 MDN 142.92 DNp01 140.00 pC1 52.39 pIP10 146.67 HS R/L 0.00/0.00
item 1 random   trial 22 repellent      6.9s  DNp09 0.00 MDN 0.00 DNp01 0.00 pC1 0.00 pIP10 0.00 HS R/L 0.00/0.00
  jitter trial 22 j=2: wscale 0.5738 probe 12.876 (target 13.609) in 6 iters
item 1 random   trial 22 attractant     7.3s  DNp09 150.00 MDN 153.33 DNp01 148.33 pC1 41.66 pIP10 160.00 HS R/L 0.00/0.00
item 1 random   trial 22 neutral        7.1s  DNp09 137.50 MDN 140.00 DNp01 136.67 pC1 37.79 pIP10 146.67 HS R/L 0.00/0.00
item 1 random   trial 22 repellent      7.0s  DNp09 0.00 MDN 0.00 DNp01 0.00 pC1 0.00 pIP10 0.00 HS R/L 0.00/0.00
  jitter trial 22 j=2.83: wscale 0.5738 probe 13.808 (target 13.609) in 6 iters
item 1 random   trial 22 attractant     7.1s  DNp09 154.17 MDN 152.08 DNp01 149.17 pC1 46.19 pIP10 162.50 HS R/L 0.00/0.00
item 1 random   trial 22 neutral        6.4s  DNp09 144.17 MDN 143.33 DNp01 139.17 pC1 43.47 pIP10 152.50 HS R/L 0.00/0.00
item 1 random   trial 22 repellent      7.4s  DNp09 15.83 MDN 16.67 DNp01 11.67 pC1 2.80 pIP10 24.17 HS R/L 0.00/0.00
  jitter trial 22 j=4: wscale 0.5038 probe 11.608 (target 13.609) in 5 iters
item 1 random   trial 22 attractant     7.0s  DNp09 150.00 MDN 131.25 DNp01 125.00 pC1 35.48 pIP10 156.67 HS R/L 0.00/0.00
item 1 random   trial 22 neutral        6.7s  DNp09 134.17 MDN 117.92 DNp01 110.00 pC1 31.74 pIP10 140.83 HS R/L 0.00/0.00
item 1 random   trial 22 repellent      7.0s  DNp09 105.00 MDN 92.92 DNp01 83.33 pC1 24.57 pIP10 111.67 HS R/L 0.00/0.00
  jitter trial 23 j=1: wscale 0.1838 probe 13.613 (target 13.609) in 6 iters
item 1 random   trial 23 attractant     6.6s  DNp09 126.67 MDN 142.92 DNp01 160.00 pC1 37.02 pIP10 127.50 HS R/L 2.78/0.00
item 1 random   trial 23 neutral        6.9s  DNp09 87.50 MDN 107.92 DNp01 117.50 pC1 23.61 pIP10 89.17 HS R/L 1.67/0.00
item 1 random   trial 23 repellent      6.7s  DNp09 0.00 MDN 0.00 DNp01 0.00 pC1 0.00 pIP10 0.00 HS R/L 0.00/0.00
  jitter trial 23 j=1.41: wscale 0.1838 probe 13.373 (target 13.609) in 6 iters
item 1 random   trial 23 attractant     6.6s  DNp09 124.17 MDN 143.75 DNp01 160.83 pC1 38.41 pIP10 118.33 HS R/L 1.11/0.00
item 1 random   trial 23 neutral        6.8s  DNp09 98.33 MDN 116.67 DNp01 130.00 pC1 28.79 pIP10 90.83 HS R/L 0.56/0.00
item 1 random   trial 23 repellent      7.3s  DNp09 0.00 MDN 0.00 DNp01 0.00 pC1 0.00 pIP10 0.00 HS R/L 0.00/0.00
  jitter trial 23 j=2: wscale 0.1838 probe 13.788 (target 13.609) in 6 iters
item 1 random   trial 23 attractant     6.8s  DNp09 122.50 MDN 146.25 DNp01 160.00 pC1 41.82 pIP10 110.00 HS R/L 0.00/0.56
item 1 random   trial 23 neutral        7.1s  DNp09 105.83 MDN 126.25 DNp01 140.00 pC1 35.12 pIP10 92.50 HS R/L 0.00/0.56
item 1 random   trial 23 repellent      7.4s  DNp09 0.00 MDN 0.00 DNp01 0.00 pC1 0.00 pIP10 0.00 HS R/L 0.00/0.00
  jitter trial 23 j=2.83: wscale 0.1614 probe 11.108 (target 13.609) in 5 iters
item 1 random   trial 23 attractant     7.4s  DNp09 80.00 MDN 137.92 DNp01 150.00 pC1 32.51 pIP10 90.00 HS R/L 0.00/0.00
item 1 random   trial 23 neutral        7.4s  DNp09 59.17 MDN 110.42 DNp01 123.33 pC1 23.85 pIP10 70.00 HS R/L 0.00/0.00
item 1 random   trial 23 repellent      7.1s  DNp09 0.00 MDN 0.00 DNp01 0.00 pC1 0.00 pIP10 0.00 HS R/L 0.00/0.00
  jitter trial 23 j=4: wscale 0.1614 probe 12.983 (target 13.609) in 5 iters
item 1 random   trial 23 attractant     7.5s  DNp09 66.67 MDN 147.50 DNp01 155.00 pC1 41.28 pIP10 94.17 HS R/L 0.00/0.56
item 1 random   trial 23 neutral        7.3s  DNp09 56.67 MDN 128.33 DNp01 136.67 pC1 34.71 pIP10 80.00 HS R/L 0.00/0.56
item 1 random   trial 23 repellent      7.6s  DNp09 0.00 MDN 0.00 DNp01 0.00 pC1 0.00 pIP10 0.00 HS R/L 0.00/0.00
  jitter trial 24 j=1: wscale 1.4512 probe 14.696 (target 13.609) in 3 iters
item 1 random   trial 24 attractant     6.9s  DNp09 139.17 MDN 143.33 DNp01 135.00 pC1 49.95 pIP10 141.67 HS R/L 0.00/140.00
item 1 random   trial 24 neutral        6.9s  DNp09 130.83 MDN 133.33 DNp01 125.83 pC1 46.30 pIP10 133.33 HS R/L 0.00/129.44
item 1 random   trial 24 repellent      7.1s  DNp09 0.00 MDN 0.00 DNp01 0.00 pC1 0.00 pIP10 0.00 HS R/L 0.00/0.00
  jitter trial 24 j=1.41: wscale 1.4512 probe 14.836 (target 13.609) in 3 iters
item 1 random   trial 24 attractant     7.3s  DNp09 139.17 MDN 142.50 DNp01 135.00 pC1 48.30 pIP10 143.33 HS R/L 0.00/138.33
item 1 random   trial 24 neutral        6.7s  DNp09 120.83 MDN 125.83 DNp01 117.50 pC1 42.13 pIP10 126.67 HS R/L 0.00/121.67
item 1 random   trial 24 repellent      7.5s  DNp09 0.00 MDN 0.00 DNp01 0.00 pC1 0.00 pIP10 0.00 HS R/L 0.00/0.00
  jitter trial 24 j=2: wscale 1.4512 probe 15.393 (target 13.609) in 3 iters
item 1 random   trial 24 attractant     7.4s  DNp09 141.67 MDN 145.42 DNp01 138.33 pC1 50.75 pIP10 147.50 HS R/L 1.11/138.33
item 1 random   trial 24 neutral        7.6s  DNp09 120.00 MDN 122.50 DNp01 116.67 pC1 42.45 pIP10 125.83 HS R/L 0.56/118.33
item 1 random   trial 24 repellent      7.4s  DNp09 0.00 MDN 0.00 DNp01 0.00 pC1 0.00 pIP10 0.00 HS R/L 0.00/0.00
  jitter trial 24 j=2.83: wscale 1.4512 probe 16.311 (target 13.609) in 3 iters
item 1 random   trial 24 attractant     7.6s  DNp09 144.17 MDN 147.50 DNp01 144.17 pC1 52.70 pIP10 152.50 HS R/L 14.44/141.67
item 1 random   trial 24 neutral        7.2s  DNp09 74.17 MDN 76.67 DNp01 73.33 pC1 25.81 pIP10 81.67 HS R/L 7.22/71.67
item 1 random   trial 24 repellent      7.2s  DNp09 0.00 MDN 0.00 DNp01 0.00 pC1 0.00 pIP10 0.00 HS R/L 0.00/0.00
  jitter trial 24 j=4: wscale 1.1190 probe 11.298 (target 13.609) in 5 iters
item 1 random   trial 24 attractant     7.6s  DNp09 119.17 MDN 141.25 DNp01 120.83 pC1 24.95 pIP10 148.33 HS R/L 3.89/133.33
item 1 random   trial 24 neutral        7.4s  DNp09 0.00 MDN 0.00 DNp01 0.00 pC1 0.00 pIP10 0.00 HS R/L 0.00/0.00
item 1 random   trial 24 repellent      7.3s  DNp09 0.00 MDN 0.00 DNp01 0.00 pC1 0.00 pIP10 0.00 HS R/L 0.00/0.00
  jitter trial 25 j=1: wscale 0.1275 probe 11.480 (target 13.609) in 6 iters
item 1 random   trial 25 attractant     7.1s  DNp09 152.50 MDN 154.17 DNp01 176.67 pC1 15.11 pIP10 158.33 HS R/L 55.00/0.00
item 1 random   trial 25 neutral        7.1s  DNp09 0.00 MDN 0.00 DNp01 0.00 pC1 0.00 pIP10 0.00 HS R/L 0.00/0.00
item 1 random   trial 25 repellent      7.0s  DNp09 0.00 MDN 0.00 DNp01 0.00 pC1 0.00 pIP10 0.00 HS R/L 0.00/0.00
  jitter trial 25 j=1.41: wscale 0.1275 probe 12.196 (target 13.609) in 6 iters
item 1 random   trial 25 attractant     7.3s  DNp09 150.83 MDN 149.58 DNp01 171.67 pC1 19.24 pIP10 157.50 HS R/L 34.44/0.00
item 1 random   trial 25 neutral        6.8s  DNp09 36.67 MDN 35.42 DNp01 58.33 pC1 0.85 pIP10 43.33 HS R/L 2.22/0.00
item 1 random   trial 25 repellent      7.1s  DNp09 0.00 MDN 0.00 DNp01 0.00 pC1 0.00 pIP10 0.00 HS R/L 0.00/0.00
  jitter trial 25 j=2: wscale 0.1275 probe 13.945 (target 13.609) in 6 iters
item 1 random   trial 25 attractant     6.4s  DNp09 160.00 MDN 159.17 DNp01 175.83 pC1 25.36 pIP10 166.67 HS R/L 25.00/0.00
item 1 random   trial 25 neutral        6.6s  DNp09 142.50 MDN 141.25 DNp01 159.17 pC1 21.58 pIP10 150.00 HS R/L 19.44/0.00
item 1 random   trial 25 repellent      7.1s  DNp09 0.00 MDN 0.00 DNp01 0.00 pC1 0.00 pIP10 0.00 HS R/L 0.00/0.00
  jitter trial 25 j=2.83: wscale 0.1120 probe 11.240 (target 13.609) in 3 iters
item 1 random   trial 25 attractant     7.7s  DNp09 148.33 MDN 126.67 DNp01 170.00 pC1 17.65 pIP10 161.67 HS R/L 0.00/0.00
item 1 random   trial 25 neutral        6.5s  DNp09 135.83 MDN 117.08 DNp01 158.33 pC1 15.91 pIP10 150.00 HS R/L 0.00/0.00
item 1 random   trial 25 repellent      7.1s  DNp09 0.00 MDN 0.00 DNp01 0.00 pC1 0.00 pIP10 0.00 HS R/L 0.00/0.00
  jitter trial 25 j=4: wscale 0.1120 probe 13.635 (target 13.609) in 3 iters
item 1 random   trial 25 attractant     6.9s  DNp09 159.17 MDN 124.58 DNp01 185.00 pC1 27.22 pIP10 176.67 HS R/L 5.00/0.00
item 1 random   trial 25 neutral        7.1s  DNp09 150.83 MDN 117.50 DNp01 176.67 pC1 25.74 pIP10 168.33 HS R/L 5.00/0.00
item 1 random   trial 25 repellent      6.9s  DNp09 0.00 MDN 0.00 DNp01 0.00 pC1 0.00 pIP10 0.00 HS R/L 0.00/0.00
  jitter trial 26 j=1: wscale 0.2648 probe 15.800 (target 13.609) in 3 iters
item 1 random   trial 26 attractant     7.4s  DNp09 120.83 MDN 119.58 DNp01 132.50 pC1 53.15 pIP10 130.00 HS R/L 0.00/0.00
item 1 random   trial 26 neutral        8.1s  DNp09 116.67 MDN 114.58 DNp01 129.17 pC1 51.20 pIP10 126.67 HS R/L 0.00/0.00
item 1 random   trial 26 repellent      8.8s  DNp09 65.00 MDN 62.50 DNp01 75.83 pC1 27.32 pIP10 74.17 HS R/L 0.00/0.00
  jitter trial 26 j=1.41: wscale 0.2648 probe 16.137 (target 13.609) in 3 iters
item 1 random   trial 26 attractant     8.7s  DNp09 127.50 MDN 124.17 DNp01 136.67 pC1 55.42 pIP10 131.67 HS R/L 2.22/0.00
item 1 random   trial 26 neutral        8.8s  DNp09 125.00 MDN 120.83 DNp01 133.33 pC1 54.00 pIP10 129.17 HS R/L 2.22/0.00
item 1 random   trial 26 repellent      8.7s  DNp09 79.17 MDN 74.58 DNp01 88.33 pC1 32.90 pIP10 82.50 HS R/L 1.11/0.00
  jitter trial 26 j=2: wscale 0.2648 probe 16.847 (target 13.609) in 3 iters
item 1 random   trial 26 attractant     9.2s  DNp09 135.00 MDN 129.17 DNp01 140.00 pC1 60.31 pIP10 133.33 HS R/L 9.44/0.00
item 1 random   trial 26 neutral        9.0s  DNp09 134.17 MDN 128.33 DNp01 138.33 pC1 59.66 pIP10 131.67 HS R/L 8.89/0.00
item 1 random   trial 26 repellent      7.3s  DNp09 123.33 MDN 117.08 DNp01 127.50 pC1 54.40 pIP10 121.67 HS R/L 7.78/0.00
  jitter trial 26 j=2.83: wscale 0.2042 probe 11.156 (target 13.609) in 5 iters
item 1 random   trial 26 attractant     6.9s  DNp09 115.83 MDN 85.00 DNp01 134.17 pC1 33.16 pIP10 121.67 HS R/L 0.00/0.00
item 1 random   trial 26 neutral        7.5s  DNp09 115.00 MDN 83.75 DNp01 131.67 pC1 32.62 pIP10 119.17 HS R/L 0.00/0.00
item 1 random   trial 26 repellent      6.5s  DNp09 105.00 MDN 76.67 DNp01 121.67 pC1 29.63 pIP10 109.17 HS R/L 0.00/0.00
  jitter trial 26 j=4: wscale 0.2042 probe 12.409 (target 13.609) in 5 iters
item 1 random   trial 26 attractant     6.6s  DNp09 120.83 MDN 84.17 DNp01 137.50 pC1 40.01 pIP10 118.33 HS R/L 0.00/2.22
item 1 random   trial 26 neutral        6.6s  DNp09 120.00 MDN 83.75 DNp01 135.83 pC1 39.53 pIP10 116.67 HS R/L 0.00/2.22
item 1 random   trial 26 repellent      6.7s  DNp09 112.50 MDN 77.92 DNp01 126.67 pC1 36.76 pIP10 108.33 HS R/L 0.00/2.22
  jitter trial 27 j=1: wscale 1.4316 probe 13.578 (target 13.609) in 4 iters
item 1 random   trial 27 attractant     6.9s  DNp09 144.17 MDN 145.00 DNp01 142.50 pC1 24.98 pIP10 143.33 HS R/L 0.00/0.00
item 1 random   trial 27 neutral        6.4s  DNp09 135.00 MDN 135.00 DNp01 132.50 pC1 22.92 pIP10 135.00 HS R/L 0.00/0.00
item 1 random   trial 27 repellent      7.4s  DNp09 0.00 MDN 0.00 DNp01 0.00 pC1 0.00 pIP10 0.00 HS R/L 0.00/0.00
  jitter trial 27 j=1.41: wscale 1.4316 probe 13.818 (target 13.609) in 4 iters
item 1 random   trial 27 attractant     7.7s  DNp09 145.83 MDN 144.58 DNp01 144.17 pC1 26.19 pIP10 144.17 HS R/L 0.00/0.00
item 1 random   trial 27 neutral        7.1s  DNp09 137.50 MDN 137.92 DNp01 135.83 pC1 24.60 pIP10 135.83 HS R/L 0.00/0.00
item 1 random   trial 27 repellent      7.1s  DNp09 0.00 MDN 0.00 DNp01 0.00 pC1 0.00 pIP10 0.00 HS R/L 0.00/0.00
  jitter trial 27 j=2: wscale 1.4316 probe 14.334 (target 13.609) in 4 iters
item 1 random   trial 27 attractant     6.4s  DNp09 147.50 MDN 145.42 DNp01 146.67 pC1 28.59 pIP10 145.83 HS R/L 1.11/0.00
item 1 random   trial 27 neutral        6.4s  DNp09 144.17 MDN 143.33 DNp01 143.33 pC1 28.10 pIP10 142.50 HS R/L 0.00/0.00
item 1 random   trial 27 repellent      6.4s  DNp09 68.33 MDN 67.08 DNp01 66.67 pC1 12.18 pIP10 66.67 HS R/L 0.56/0.00
  jitter trial 27 j=2.83: wscale 1.4316 probe 15.340 (target 13.609) in 4 iters
item 1 random   trial 27 attractant     6.4s  DNp09 148.33 MDN 146.67 DNp01 147.50 pC1 35.44 pIP10 145.83 HS R/L 3.33/0.00
item 1 random   trial 27 neutral       10.4s  DNp09 150.00 MDN 148.75 DNp01 148.33 pC1 35.52 pIP10 147.50 HS R/L 3.33/0.00
item 1 random   trial 27 repellent      6.9s  DNp09 85.00 MDN 83.75 DNp01 83.33 pC1 19.04 pIP10 81.67 HS R/L 1.67/0.00
  jitter trial 27 j=4: wscale 1.4316 probe 16.786 (target 13.609) in 4 iters
item 1 random   trial 27 attractant     7.0s  DNp09 149.17 MDN 142.50 DNp01 150.00 pC1 44.80 pIP10 143.33 HS R/L 5.56/0.00
item 1 random   trial 27 neutral        6.4s  DNp09 151.67 MDN 146.25 DNp01 152.50 pC1 46.06 pIP10 145.00 HS R/L 5.56/0.00
item 1 random   trial 27 repellent      6.4s  DNp09 148.33 MDN 142.08 DNp01 149.17 pC1 44.99 pIP10 142.50 HS R/L 6.11/0.00
  jitter trial 28 j=1: wscale 0.2643 probe 15.248 (target 13.609) in 7 iters
item 1 random   trial 28 attractant     6.5s  DNp09 151.67 MDN 87.50 DNp01 175.00 pC1 44.33 pIP10 120.83 HS R/L 3.89/1.11
item 1 random   trial 28 neutral        6.4s  DNp09 124.17 MDN 67.08 DNp01 148.33 pC1 32.36 pIP10 93.33 HS R/L 3.33/0.56
item 1 random   trial 28 repellent      6.5s  DNp09 0.00 MDN 0.00 DNp01 0.00 pC1 0.00 pIP10 0.00 HS R/L 0.00/0.00
  jitter trial 28 j=1.41: wscale 0.2476 probe 13.472 (target 13.609) in 3 iters
item 1 random   trial 28 attractant     6.4s  DNp09 89.17 MDN 32.08 DNp01 132.50 pC1 16.19 pIP10 58.33 HS R/L 2.78/0.00
item 1 random   trial 28 neutral        6.4s  DNp09 31.67 MDN 6.25 DNp01 69.17 pC1 3.26 pIP10 5.00 HS R/L 0.00/0.00
item 1 random   trial 28 repellent      6.4s  DNp09 0.00 MDN 0.00 DNp01 0.00 pC1 0.00 pIP10 0.00 HS R/L 0.00/0.00
  jitter trial 28 j=2: wscale 0.2320 probe 14.528 (target 13.609) in 7 iters
item 1 random   trial 28 attractant     6.4s  DNp09 92.50 MDN 25.83 DNp01 155.00 pC1 17.59 pIP10 58.33 HS R/L 5.00/0.00
item 1 random   trial 28 neutral        6.5s  DNp09 0.00 MDN 0.00 DNp01 10.83 pC1 0.00 pIP10 0.00 HS R/L 0.00/0.00
item 1 random   trial 28 repellent      6.4s  DNp09 0.00 MDN 0.00 DNp01 0.00 pC1 0.00 pIP10 0.00 HS R/L 0.00/0.00
  jitter trial 28 j=2.83: wscale 0.2174 probe 16.018 (target 13.609) in 6 iters
item 1 random   trial 28 attractant     6.5s  DNp09 0.00 MDN 0.00 DNp01 10.00 pC1 0.00 pIP10 0.00 HS R/L 0.00/0.00
item 1 random   trial 28 neutral        6.5s  DNp09 55.83 MDN 13.75 DNp01 114.17 pC1 11.18 pIP10 25.00 HS R/L 6.67/0.00
item 1 random   trial 28 repellent      6.5s  DNp09 0.00 MDN 0.00 DNp01 0.00 pC1 0.00 pIP10 0.00 HS R/L 0.00/0.00
  jitter trial 28 j=4: wscale 0.1909 probe 14.198 (target 13.609) in 5 iters
item 1 random   trial 28 attractant     6.6s  DNp09 0.00 MDN 0.00 DNp01 75.83 pC1 0.00 pIP10 0.00 HS R/L 0.00/0.00
item 1 random   trial 28 neutral        6.4s  DNp09 0.00 MDN 0.00 DNp01 0.00 pC1 0.00 pIP10 0.00 HS R/L 0.00/0.00
item 1 random   trial 28 repellent      6.4s  DNp09 0.00 MDN 0.00 DNp01 0.00 pC1 0.00 pIP10 0.00 HS R/L 0.00/0.00
  jitter trial 29 j=1: wscale 0.1110 probe 10.357 (target 13.609) in 6 iters
item 1 random   trial 29 attractant     6.4s  DNp09 83.33 MDN 75.42 DNp01 62.50 pC1 20.67 pIP10 80.83 HS R/L 0.00/0.00
item 1 random   trial 29 neutral        6.5s  DNp09 64.17 MDN 62.08 DNp01 49.17 pC1 14.17 pIP10 62.50 HS R/L 0.00/0.00
item 1 random   trial 29 repellent      6.4s  DNp09 0.00 MDN 0.00 DNp01 0.00 pC1 0.00 pIP10 0.00 HS R/L 0.00/0.00
  jitter trial 29 j=1.41: wscale 0.1110 probe 12.890 (target 13.609) in 6 iters
item 1 random   trial 29 attractant     6.5s  DNp09 82.50 MDN 69.58 DNp01 57.50 pC1 19.39 pIP10 85.00 HS R/L 0.00/0.00
item 1 random   trial 29 neutral        6.4s  DNp09 63.33 MDN 55.00 DNp01 44.17 pC1 12.75 pIP10 65.83 HS R/L 0.00/0.00
item 1 random   trial 29 repellent      6.4s  DNp09 0.00 MDN 0.00 DNp01 0.00 pC1 0.00 pIP10 0.00 HS R/L 0.00/0.00
  jitter trial 29 j=2: wscale 0.1110 probe 13.856 (target 13.609) in 6 iters
item 1 random   trial 29 attractant     6.4s  DNp09 87.50 MDN 70.42 DNp01 59.17 pC1 22.78 pIP10 95.00 HS R/L 0.00/0.00
item 1 random   trial 29 neutral        6.4s  DNp09 65.00 MDN 53.75 DNp01 45.00 pC1 14.31 pIP10 74.17 HS R/L 0.00/0.00
item 1 random   trial 29 repellent      6.6s  DNp09 0.00 MDN 0.00 DNp01 0.00 pC1 0.00 pIP10 0.00 HS R/L 0.00/0.00
  jitter trial 29 j=2.83: wscale 0.1110 probe 15.446 (target 13.609) in 6 iters
item 1 random   trial 29 attractant     6.4s  DNp09 107.50 MDN 72.50 DNp01 70.00 pC1 33.19 pIP10 112.50 HS R/L 0.00/0.00
item 1 random   trial 29 neutral        6.4s  DNp09 95.00 MDN 63.75 DNp01 60.83 pC1 25.19 pIP10 95.83 HS R/L 0.00/0.00
item 1 random   trial 29 repellent      6.7s  DNp09 56.67 MDN 38.75 DNp01 35.83 pC1 11.16 pIP10 66.67 HS R/L 0.00/0.00
  jitter trial 29 j=4: wscale 0.0974 probe 13.284 (target 13.609) in 3 iters
item 1 random   trial 29 attractant     6.4s  DNp09 103.33 MDN 62.08 DNp01 64.17 pC1 25.30 pIP10 106.67 HS R/L 0.00/0.00
item 1 random   trial 29 neutral        6.4s  DNp09 96.67 MDN 56.67 DNp01 59.17 pC1 21.83 pIP10 101.67 HS R/L 0.00/0.00
item 1 random   trial 29 repellent      6.4s  DNp09 59.17 MDN 34.17 DNp01 39.17 pC1 10.17 pIP10 71.67 HS R/L 0.00/0.00
item 2 real     trial 0 low            6.4s  DNp09 0.00 MDN 0.00 DNp01 0.00 pC1 5.07 pIP10 1.67 HS R/L 0.00/0.00
item 2 real     trial 0 high           6.3s  DNp09 0.00 MDN 0.00 DNp01 0.00 pC1 2.32 pIP10 22.50 HS R/L 0.00/0.00
item 2 real     trial 1 low            6.4s  DNp09 0.00 MDN 0.00 DNp01 0.00 pC1 2.26 pIP10 19.17 HS R/L 0.00/0.00
item 2 real     trial 1 high           6.3s  DNp09 0.00 MDN 0.00 DNp01 0.00 pC1 1.63 pIP10 25.83 HS R/L 0.00/0.00
item 2 real     trial 2 low            6.4s  DNp09 0.00 MDN 0.00 DNp01 0.00 pC1 1.03 pIP10 15.83 HS R/L 0.00/0.00
item 2 real     trial 2 high           6.3s  DNp09 0.00 MDN 0.00 DNp01 0.00 pC1 2.82 pIP10 10.00 HS R/L 0.00/0.00
item 2 real     trial 3 low            6.3s  DNp09 0.00 MDN 0.00 DNp01 0.00 pC1 1.70 pIP10 20.00 HS R/L 0.00/0.00
item 2 real     trial 3 high           6.4s  DNp09 0.00 MDN 0.00 DNp01 0.00 pC1 2.87 pIP10 12.50 HS R/L 0.00/0.00
item 2 real     trial 4 low            7.0s  DNp09 0.00 MDN 7.08 DNp01 0.00 pC1 0.62 pIP10 2.50 HS R/L 0.00/0.00
item 2 real     trial 4 high           7.4s  DNp09 0.00 MDN 0.00 DNp01 0.00 pC1 3.22 pIP10 19.17 HS R/L 0.00/0.00
item 2 real     trial 5 low            7.0s  DNp09 0.00 MDN 0.00 DNp01 0.00 pC1 2.08 pIP10 4.17 HS R/L 0.00/0.00
item 2 real     trial 5 high           6.8s  DNp09 0.00 MDN 0.00 DNp01 0.00 pC1 1.93 pIP10 20.83 HS R/L 0.00/0.00
item 2 real     trial 6 low            7.3s  DNp09 0.00 MDN 0.00 DNp01 0.00 pC1 0.63 pIP10 11.67 HS R/L 0.00/0.00
item 2 real     trial 6 high           7.1s  DNp09 0.00 MDN 0.00 DNp01 0.00 pC1 1.16 pIP10 14.17 HS R/L 0.00/0.00
item 2 real     trial 7 low            7.1s  DNp09 0.00 MDN 0.00 DNp01 0.00 pC1 2.31 pIP10 35.83 HS R/L 0.00/0.00
item 2 real     trial 7 high           6.6s  DNp09 0.00 MDN 0.00 DNp01 0.00 pC1 1.36 pIP10 27.50 HS R/L 0.00/0.00
item 2 real     trial 8 low            6.3s  DNp09 0.00 MDN 0.00 DNp01 0.00 pC1 2.53 pIP10 33.33 HS R/L 0.00/0.00
item 2 real     trial 8 high           6.4s  DNp09 0.00 MDN 0.00 DNp01 0.00 pC1 4.38 pIP10 0.00 HS R/L 0.00/0.00
item 2 real     trial 9 low            6.4s  DNp09 0.00 MDN 0.00 DNp01 0.00 pC1 1.01 pIP10 1.67 HS R/L 0.00/0.00
item 2 real     trial 9 high           6.3s  DNp09 0.00 MDN 0.00 DNp01 0.00 pC1 1.55 pIP10 21.67 HS R/L 0.00/0.00
item 2 real     trial 10 low            6.3s  DNp09 0.00 MDN 0.00 DNp01 0.00 pC1 4.27 pIP10 9.17 HS R/L 0.00/0.00
item 2 real     trial 10 high           6.5s  DNp09 0.00 MDN 0.00 DNp01 0.00 pC1 1.81 pIP10 22.50 HS R/L 0.00/0.00
item 2 real     trial 11 low            7.2s  DNp09 0.00 MDN 0.42 DNp01 0.00 pC1 3.27 pIP10 13.33 HS R/L 0.00/0.00
item 2 real     trial 11 high           7.0s  DNp09 0.00 MDN 0.00 DNp01 0.00 pC1 2.72 pIP10 23.33 HS R/L 0.00/0.00
item 2 real     trial 12 low            7.4s  DNp09 0.00 MDN 0.00 DNp01 0.00 pC1 1.57 pIP10 25.00 HS R/L 0.00/0.00
item 2 real     trial 12 high           7.5s  DNp09 0.00 MDN 0.00 DNp01 0.00 pC1 1.88 pIP10 22.50 HS R/L 0.00/0.00
item 2 real     trial 13 low            7.0s  DNp09 0.00 MDN 0.00 DNp01 0.00 pC1 1.54 pIP10 27.50 HS R/L 0.00/0.00
item 2 real     trial 13 high           7.8s  DNp09 0.00 MDN 0.00 DNp01 0.00 pC1 1.61 pIP10 18.33 HS R/L 0.00/0.00
item 2 real     trial 14 low            7.1s  DNp09 0.00 MDN 0.00 DNp01 0.00 pC1 1.72 pIP10 20.00 HS R/L 0.00/0.00
item 2 real     trial 14 high           7.4s  DNp09 0.00 MDN 0.00 DNp01 0.00 pC1 2.34 pIP10 22.50 HS R/L 0.00/0.00
item 2 real     trial 15 low            7.1s  DNp09 0.00 MDN 0.00 DNp01 0.00 pC1 2.20 pIP10 20.83 HS R/L 0.00/0.00
item 2 real     trial 15 high           7.2s  DNp09 0.00 MDN 0.00 DNp01 0.00 pC1 1.77 pIP10 19.17 HS R/L 0.00/0.00
item 2 real     trial 16 low            6.4s  DNp09 0.00 MDN 3.33 DNp01 0.00 pC1 1.32 pIP10 29.17 HS R/L 0.00/0.00
item 2 real     trial 16 high           6.3s  DNp09 0.00 MDN 0.00 DNp01 0.00 pC1 1.77 pIP10 23.33 HS R/L 0.00/0.00
item 2 real     trial 17 low            6.4s  DNp09 0.00 MDN 0.00 DNp01 0.00 pC1 2.59 pIP10 30.00 HS R/L 0.00/0.00
item 2 real     trial 17 high           6.3s  DNp09 0.00 MDN 0.00 DNp01 0.00 pC1 1.78 pIP10 22.50 HS R/L 0.00/0.00
item 2 real     trial 18 low            6.4s  DNp09 0.00 MDN 0.00 DNp01 0.00 pC1 1.76 pIP10 26.67 HS R/L 0.00/0.00
item 2 real     trial 18 high           6.3s  DNp09 0.00 MDN 0.00 DNp01 0.00 pC1 2.21 pIP10 15.83 HS R/L 0.00/0.00
item 2 real     trial 19 low            6.4s  DNp09 0.00 MDN 0.00 DNp01 0.00 pC1 1.76 pIP10 21.67 HS R/L 0.00/0.00
item 2 real     trial 19 high           6.3s  DNp09 0.00 MDN 0.00 DNp01 0.00 pC1 1.89 pIP10 20.00 HS R/L 0.00/0.00
item 2 real     trial 20 low            6.4s  DNp09 0.00 MDN 0.00 DNp01 0.00 pC1 2.69 pIP10 20.83 HS R/L 0.00/0.00
item 2 real     trial 20 high           6.6s  DNp09 0.00 MDN 0.00 DNp01 0.00 pC1 3.69 pIP10 10.83 HS R/L 0.00/0.00
item 2 real     trial 21 low            6.5s  DNp09 0.00 MDN 0.00 DNp01 0.00 pC1 1.75 pIP10 25.00 HS R/L 0.00/0.00
item 2 real     trial 21 high           6.6s  DNp09 0.00 MDN 0.00 DNp01 0.00 pC1 1.67 pIP10 22.50 HS R/L 0.00/0.00
item 2 real     trial 22 low            6.7s  DNp09 0.00 MDN 0.00 DNp01 0.00 pC1 1.76 pIP10 20.00 HS R/L 0.00/0.00
item 2 real     trial 22 high           6.6s  DNp09 0.00 MDN 0.00 DNp01 0.00 pC1 3.62 pIP10 15.00 HS R/L 0.00/0.00
item 2 real     trial 23 low            6.4s  DNp09 0.00 MDN 0.83 DNp01 0.00 pC1 1.37 pIP10 25.00 HS R/L 0.00/0.00
item 2 real     trial 23 high           6.5s  DNp09 0.00 MDN 0.00 DNp01 0.00 pC1 1.55 pIP10 24.17 HS R/L 0.00/0.00
item 2 real     trial 24 low            6.6s  DNp09 0.00 MDN 0.00 DNp01 0.00 pC1 1.15 pIP10 13.33 HS R/L 0.00/0.00
item 2 real     trial 24 high           6.6s  DNp09 0.00 MDN 0.00 DNp01 0.00 pC1 2.74 pIP10 27.50 HS R/L 0.00/0.00
item 2 real     trial 25 low            6.6s  DNp09 0.00 MDN 1.67 DNp01 0.00 pC1 1.51 pIP10 22.50 HS R/L 0.00/0.00
item 2 real     trial 25 high           6.5s  DNp09 0.00 MDN 0.00 DNp01 0.00 pC1 2.49 pIP10 13.33 HS R/L 0.00/0.00
item 2 real     trial 26 low            6.6s  DNp09 0.00 MDN 0.00 DNp01 0.00 pC1 0.51 pIP10 25.00 HS R/L 0.00/0.00
item 2 real     trial 26 high           6.4s  DNp09 0.00 MDN 0.00 DNp01 0.00 pC1 3.06 pIP10 14.17 HS R/L 0.00/0.00
item 2 real     trial 27 low            6.5s  DNp09 0.00 MDN 0.00 DNp01 0.00 pC1 1.89 pIP10 24.17 HS R/L 0.00/0.00
item 2 real     trial 27 high           6.4s  DNp09 0.00 MDN 0.00 DNp01 0.00 pC1 2.16 pIP10 25.83 HS R/L 0.00/0.00
item 2 real     trial 28 low            6.4s  DNp09 0.00 MDN 0.00 DNp01 0.00 pC1 1.71 pIP10 28.33 HS R/L 0.00/0.00
item 2 real     trial 28 high           6.4s  DNp09 0.00 MDN 0.00 DNp01 0.00 pC1 2.31 pIP10 15.00 HS R/L 0.00/0.00
item 2 real     trial 29 low            6.4s  DNp09 0.00 MDN 0.00 DNp01 0.00 pC1 2.36 pIP10 9.17 HS R/L 0.00/0.00
item 2 real     trial 29 high           6.3s  DNp09 0.00 MDN 0.00 DNp01 0.00 pC1 1.57 pIP10 11.67 HS R/L 0.00/0.00
item 2 shuffled trial 0 low            6.3s  DNp09 99.17 MDN 115.42 DNp01 7.50 pC1 91.93 pIP10 162.50 HS R/L 162.78/76.11
item 2 shuffled trial 0 high           6.3s  DNp09 125.00 MDN 150.83 DNp01 10.00 pC1 120.26 pIP10 215.00 HS R/L 206.67/104.44
item 2 shuffled trial 1 low            6.4s  DNp09 0.00 MDN 0.00 DNp01 0.00 pC1 0.06 pIP10 0.00 HS R/L 1.67/0.00
item 2 shuffled trial 1 high           6.4s  DNp09 130.83 MDN 153.75 DNp01 200.00 pC1 119.47 pIP10 121.67 HS R/L 201.67/196.11
item 2 shuffled trial 2 low            6.3s  DNp09 0.00 MDN 0.00 DNp01 0.83 pC1 0.11 pIP10 0.00 HS R/L 0.00/0.56
item 2 shuffled trial 2 high           6.4s  DNp09 102.50 MDN 191.25 DNp01 200.83 pC1 122.65 pIP10 198.33 HS R/L 197.78/133.89
item 2 shuffled trial 3 low            6.3s  DNp09 0.00 MDN 0.00 DNp01 0.00 pC1 0.00 pIP10 0.00 HS R/L 0.00/0.00
item 2 shuffled trial 3 high           6.2s  DNp09 149.17 MDN 137.50 DNp01 85.00 pC1 100.78 pIP10 152.50 HS R/L 130.56/176.11
item 2 shuffled trial 4 low            6.3s  DNp09 76.67 MDN 75.83 DNp01 49.17 pC1 45.99 pIP10 86.67 HS R/L 95.00/85.00
item 2 shuffled trial 4 high           6.4s  DNp09 200.00 MDN 172.50 DNp01 122.50 pC1 116.92 pIP10 213.33 HS R/L 216.67/203.33
item 2 shuffled trial 5 low            6.3s  DNp09 61.67 MDN 48.75 DNp01 0.00 pC1 36.65 pIP10 69.17 HS R/L 54.44/65.56
item 2 shuffled trial 5 high           6.3s  DNp09 187.50 MDN 157.50 DNp01 2.50 pC1 109.79 pIP10 205.00 HS R/L 148.33/200.56
item 2 shuffled trial 6 low            6.7s  DNp09 67.50 MDN 127.08 DNp01 56.67 pC1 69.46 pIP10 132.50 HS R/L 0.00/131.67
item 2 shuffled trial 6 high           6.5s  DNp09 104.17 MDN 195.42 DNp01 98.33 pC1 105.35 pIP10 196.67 HS R/L 6.67/197.22
item 2 shuffled trial 7 low            6.4s  DNp09 0.00 MDN 1.25 DNp01 0.00 pC1 0.20 pIP10 0.00 HS R/L 0.00/0.00
item 2 shuffled trial 7 high           6.4s  DNp09 145.00 MDN 153.33 DNp01 152.50 pC1 97.59 pIP10 109.17 HS R/L 110.56/153.33
item 2 shuffled trial 8 low            6.3s  DNp09 0.00 MDN 0.00 DNp01 0.00 pC1 0.31 pIP10 0.00 HS R/L 0.56/0.00
item 2 shuffled trial 8 high           6.3s  DNp09 200.00 MDN 205.83 DNp01 137.50 pC1 109.56 pIP10 207.50 HS R/L 200.00/132.22
item 2 shuffled trial 9 low            6.3s  DNp09 0.00 MDN 0.00 DNp01 0.00 pC1 0.01 pIP10 0.00 HS R/L 0.00/0.00
item 2 shuffled trial 9 high           6.3s  DNp09 142.50 MDN 143.75 DNp01 99.17 pC1 87.44 pIP10 92.50 HS R/L 156.67/105.00
item 2 shuffled trial 10 low            6.4s  DNp09 0.00 MDN 0.00 DNp01 0.00 pC1 0.24 pIP10 0.00 HS R/L 0.00/0.00
item 2 shuffled trial 10 high           6.3s  DNp09 195.83 MDN 125.00 DNp01 100.83 pC1 103.46 pIP10 193.33 HS R/L 195.56/196.11
item 2 shuffled trial 11 low            6.3s  DNp09 0.00 MDN 0.00 DNp01 0.00 pC1 0.00 pIP10 0.00 HS R/L 0.00/0.00
item 2 shuffled trial 11 high           6.3s  DNp09 88.33 MDN 80.00 DNp01 81.67 pC1 89.15 pIP10 93.33 HS R/L 132.78/169.44
item 2 shuffled trial 12 low            7.1s  DNp09 167.50 MDN 122.50 DNp01 118.33 pC1 99.18 pIP10 159.17 HS R/L 173.89/170.00
item 2 shuffled trial 12 high           6.7s  DNp09 206.67 MDN 146.25 DNp01 140.83 pC1 121.68 pIP10 199.17 HS R/L 205.00/216.67
item 2 shuffled trial 13 low            6.7s  DNp09 0.00 MDN 7.92 DNp01 0.00 pC1 0.47 pIP10 1.67 HS R/L 3.89/0.00
item 2 shuffled trial 13 high           6.5s  DNp09 99.17 MDN 180.83 DNp01 189.17 pC1 109.09 pIP10 208.33 HS R/L 166.67/54.44
item 2 shuffled trial 14 low            6.5s  DNp09 0.00 MDN 0.00 DNp01 1.67 pC1 0.11 pIP10 0.00 HS R/L 0.00/0.56
item 2 shuffled trial 14 high           6.3s  DNp09 95.00 MDN 143.33 DNp01 161.67 pC1 108.64 pIP10 5.83 HS R/L 129.44/182.78
item 2 shuffled trial 15 low            6.8s  DNp09 0.00 MDN 3.75 DNp01 0.00 pC1 0.21 pIP10 3.33 HS R/L 0.00/1.11
item 2 shuffled trial 15 high           6.4s  DNp09 42.50 MDN 165.42 DNp01 181.67 pC1 103.76 pIP10 94.17 HS R/L 130.56/186.11
item 2 shuffled trial 16 low            7.2s  DNp09 136.67 MDN 110.42 DNp01 90.00 pC1 85.58 pIP10 150.00 HS R/L 146.11/106.67
item 2 shuffled trial 16 high           7.0s  DNp09 210.00 MDN 162.92 DNp01 124.17 pC1 125.43 pIP10 214.17 HS R/L 212.78/147.22
item 2 shuffled trial 17 low            7.1s  DNp09 3.33 MDN 0.00 DNp01 0.00 pC1 0.30 pIP10 0.00 HS R/L 12.22/1.11
item 2 shuffled trial 17 high           7.2s  DNp09 160.00 MDN 133.33 DNp01 99.17 pC1 124.79 pIP10 201.67 HS R/L 189.44/189.44
item 2 shuffled trial 18 low            7.4s  DNp09 176.67 MDN 134.17 DNp01 119.17 pC1 91.81 pIP10 95.00 HS R/L 139.44/125.00
item 2 shuffled trial 18 high           7.6s  DNp09 205.00 MDN 155.42 DNp01 132.50 pC1 104.34 pIP10 110.00 HS R/L 160.00/137.22
item 2 shuffled trial 19 low            6.4s  DNp09 84.17 MDN 60.00 DNp01 7.50 pC1 53.34 pIP10 72.50 HS R/L 78.89/91.11
item 2 shuffled trial 19 high           6.9s  DNp09 203.33 MDN 145.00 DNp01 5.83 pC1 134.66 pIP10 200.00 HS R/L 197.22/207.78
item 2 shuffled trial 20 low            6.7s  DNp09 0.00 MDN 1.67 DNp01 0.00 pC1 0.96 pIP10 0.00 HS R/L 1.67/6.11
item 2 shuffled trial 20 high           7.0s  DNp09 5.83 MDN 154.58 DNp01 140.00 pC1 115.68 pIP10 113.33 HS R/L 166.11/207.78
item 2 shuffled trial 21 low            7.2s  DNp09 75.00 MDN 169.17 DNp01 79.17 pC1 98.12 pIP10 158.33 HS R/L 156.11/113.33
item 2 shuffled trial 21 high           6.6s  DNp09 95.00 MDN 202.50 DNp01 95.83 pC1 121.39 pIP10 192.50 HS R/L 195.56/141.11
item 2 shuffled trial 22 low            7.5s  DNp09 104.17 MDN 74.58 DNp01 54.17 pC1 65.99 pIP10 5.83 HS R/L 97.78/46.67
item 2 shuffled trial 22 high           7.7s  DNp09 193.33 MDN 134.17 DNp01 97.50 pC1 120.62 pIP10 6.67 HS R/L 185.00/91.11
item 2 shuffled trial 23 low            6.8s  DNp09 62.50 MDN 90.83 DNp01 117.50 pC1 73.49 pIP10 88.33 HS R/L 130.00/139.44
item 2 shuffled trial 23 high           7.0s  DNp09 100.00 MDN 151.67 DNp01 177.50 pC1 119.27 pIP10 129.17 HS R/L 215.00/218.89
item 2 shuffled trial 24 low            7.0s  DNp09 56.67 MDN 19.58 DNp01 0.00 pC1 31.65 pIP10 13.33 HS R/L 33.89/48.33
item 2 shuffled trial 24 high           7.4s  DNp09 188.33 MDN 89.58 DNp01 0.00 pC1 103.54 pIP10 56.67 HS R/L 143.33/138.89
item 2 shuffled trial 25 low            7.4s  DNp09 0.00 MDN 0.00 DNp01 0.00 pC1 0.00 pIP10 0.00 HS R/L 6.11/0.00
item 2 shuffled trial 25 high           7.3s  DNp09 196.67 MDN 194.17 DNp01 105.00 pC1 100.34 pIP10 189.17 HS R/L 204.44/108.89
item 2 shuffled trial 26 low            7.0s  DNp09 113.33 MDN 93.75 DNp01 128.33 pC1 76.05 pIP10 116.67 HS R/L 71.11/88.33
item 2 shuffled trial 26 high           7.4s  DNp09 205.00 MDN 155.00 DNp01 211.67 pC1 129.42 pIP10 200.00 HS R/L 113.89/148.33
item 2 shuffled trial 27 low            7.3s  DNp09 95.00 MDN 155.00 DNp01 80.00 pC1 107.14 pIP10 90.83 HS R/L 183.33/153.33
item 2 shuffled trial 27 high           6.9s  DNp09 108.33 MDN 167.08 DNp01 88.33 pC1 121.09 pIP10 96.67 HS R/L 210.56/172.78
item 2 shuffled trial 28 low            6.5s  DNp09 0.00 MDN 0.00 DNp01 0.00 pC1 0.03 pIP10 0.00 HS R/L 0.00/0.00
item 2 shuffled trial 28 high           6.3s  DNp09 198.33 MDN 194.17 DNp01 202.50 pC1 118.25 pIP10 190.83 HS R/L 187.78/131.11
item 2 shuffled trial 29 low            6.3s  DNp09 169.17 MDN 130.42 DNp01 5.83 pC1 99.54 pIP10 158.33 HS R/L 161.67/178.89
item 2 shuffled trial 29 high           7.3s  DNp09 208.33 MDN 150.83 DNp01 9.17 pC1 119.58 pIP10 194.17 HS R/L 196.67/211.11
  jitter trial 0 j=1: wscale 0.1733 probe 12.782 (target 13.609) in 6 iters
item 2 random   trial 0 low            6.6s  DNp09 79.17 MDN 72.08 DNp01 107.50 pC1 18.10 pIP10 116.67 HS R/L 106.67/0.00
item 2 random   trial 0 high           6.7s  DNp09 95.00 MDN 90.00 DNp01 125.83 pC1 22.17 pIP10 135.00 HS R/L 125.00/0.00
  jitter trial 0 j=1.41: wscale 0.1733 probe 13.055 (target 13.609) in 6 iters
item 2 random   trial 0 low            6.3s  DNp09 75.00 MDN 73.33 DNp01 90.83 pC1 16.75 pIP10 101.67 HS R/L 95.56/0.00
item 2 random   trial 0 high           6.7s  DNp09 100.83 MDN 100.42 DNp01 120.00 pC1 23.09 pIP10 129.17 HS R/L 124.44/0.00
  jitter trial 0 j=2: wscale 0.1733 probe 14.247 (target 13.609) in 6 iters
item 2 random   trial 0 low            7.4s  DNp09 75.00 MDN 84.17 DNp01 79.17 pC1 18.88 pIP10 95.83 HS R/L 91.11/0.00
item 2 random   trial 0 high           7.2s  DNp09 105.83 MDN 110.42 DNp01 108.33 pC1 26.53 pIP10 127.50 HS R/L 122.78/0.00
  jitter trial 0 j=2.83: wscale 0.1521 probe 11.825 (target 13.609) in 4 iters
item 2 random   trial 0 low            6.4s  DNp09 18.33 MDN 45.00 DNp01 25.00 pC1 6.06 pIP10 33.33 HS R/L 41.67/0.00
item 2 random   trial 0 high           7.3s  DNp09 65.83 MDN 93.33 DNp01 71.67 pC1 17.36 pIP10 98.33 HS R/L 100.00/0.00
  jitter trial 0 j=4: wscale 0.1521 probe 14.339 (target 13.609) in 4 iters
item 2 random   trial 0 low            6.7s  DNp09 52.50 MDN 79.58 DNp01 55.00 pC1 17.59 pIP10 61.67 HS R/L 79.44/0.00
item 2 random   trial 0 high           7.0s  DNp09 68.33 MDN 102.92 DNp01 72.50 pC1 24.82 pIP10 90.00 HS R/L 102.22/0.00
  jitter trial 1 j=1: wscale 0.0744 probe 14.346 (target 13.609) in 5 iters
item 2 random   trial 1 low            6.4s  DNp09 97.50 MDN 77.92 DNp01 100.83 pC1 11.81 pIP10 75.83 HS R/L 103.33/0.00
item 2 random   trial 1 high           7.2s  DNp09 105.83 MDN 86.67 DNp01 110.00 pC1 13.45 pIP10 84.17 HS R/L 111.11/0.00
  jitter trial 1 j=1.41: wscale 0.0744 probe 14.745 (target 13.609) in 5 iters
item 2 random   trial 1 low            6.4s  DNp09 110.00 MDN 92.50 DNp01 111.67 pC1 14.35 pIP10 85.83 HS R/L 111.67/0.00
item 2 random   trial 1 high           7.2s  DNp09 117.50 MDN 100.83 DNp01 119.17 pC1 15.91 pIP10 94.17 HS R/L 120.00/0.00
  jitter trial 1 j=2: wscale 0.0744 probe 15.803 (target 13.609) in 5 iters
item 2 random   trial 1 low            6.6s  DNp09 125.83 MDN 110.83 DNp01 127.50 pC1 20.92 pIP10 95.00 HS R/L 125.00/0.00
item 2 random   trial 1 high           6.6s  DNp09 131.67 MDN 116.25 DNp01 134.17 pC1 21.10 pIP10 98.33 HS R/L 130.00/0.00
  jitter trial 1 j=2.83: wscale 0.0653 probe 13.155 (target 13.609) in 6 iters
item 2 random   trial 1 low            7.0s  DNp09 127.50 MDN 102.50 DNp01 123.33 pC1 13.54 pIP10 50.83 HS R/L 123.89/0.00
item 2 random   trial 1 high           7.0s  DNp09 132.50 MDN 106.67 DNp01 129.17 pC1 13.71 pIP10 50.83 HS R/L 128.89/0.00
  jitter trial 1 j=4: wscale 0.0573 probe 11.580 (target 13.609) in 3 iters
item 2 random   trial 1 low            7.4s  DNp09 115.83 MDN 98.75 DNp01 100.83 pC1 10.67 pIP10 20.00 HS R/L 127.22/0.00
item 2 random   trial 1 high           7.0s  DNp09 120.00 MDN 102.08 DNp01 105.00 pC1 11.40 pIP10 22.50 HS R/L 132.22/0.00
  jitter trial 2 j=1: wscale 2.4640 probe 14.774 (target 13.609) in 5 iters
item 2 random   trial 2 low            7.4s  DNp09 134.17 MDN 126.25 DNp01 139.17 pC1 49.57 pIP10 137.50 HS R/L 133.33/133.33
item 2 random   trial 2 high           7.3s  DNp09 136.67 MDN 128.75 DNp01 143.33 pC1 50.74 pIP10 140.83 HS R/L 136.67/136.67
  jitter trial 2 j=1.41: wscale 2.4640 probe 14.983 (target 13.609) in 5 iters
item 2 random   trial 2 low            7.1s  DNp09 133.33 MDN 115.83 DNp01 140.00 pC1 52.07 pIP10 135.83 HS R/L 133.33/136.67
item 2 random   trial 2 high           6.6s  DNp09 138.33 MDN 121.25 DNp01 145.00 pC1 53.86 pIP10 140.83 HS R/L 138.33/140.00
  jitter trial 2 j=2: wscale 2.4640 probe 15.709 (target 13.609) in 5 iters
item 2 random   trial 2 low            7.2s  DNp09 134.17 MDN 104.58 DNp01 140.83 pC1 54.80 pIP10 135.00 HS R/L 133.33/138.33
item 2 random   trial 2 high           6.5s  DNp09 139.17 MDN 110.42 DNp01 145.83 pC1 56.94 pIP10 141.67 HS R/L 140.00/143.33
  jitter trial 2 j=2.83: wscale 1.9000 probe 10.513 (target 13.609) in 4 iters
item 2 random   trial 2 low            7.2s  DNp09 87.50 MDN 54.17 DNp01 126.67 pC1 25.58 pIP10 100.83 HS R/L 121.11/127.78
item 2 random   trial 2 high           6.5s  DNp09 96.67 MDN 60.42 DNp01 138.33 pC1 28.17 pIP10 110.00 HS R/L 132.22/138.33
  jitter trial 2 j=4: wscale 1.9000 probe 12.035 (target 13.609) in 4 iters
item 2 random   trial 2 low            6.5s  DNp09 80.83 MDN 50.42 DNp01 128.33 pC1 32.07 pIP10 97.50 HS R/L 121.67/131.67
item 2 random   trial 2 high           6.5s  DNp09 89.17 MDN 57.08 DNp01 141.67 pC1 35.65 pIP10 107.50 HS R/L 133.33/143.33
  jitter trial 3 j=1: wscale 0.8508 probe 11.613 (target 13.609) in 5 iters
item 2 random   trial 3 low            6.4s  DNp09 93.33 MDN 73.75 DNp01 105.83 pC1 15.41 pIP10 15.83 HS R/L 105.00/0.00
item 2 random   trial 3 high          10.4s  DNp09 115.83 MDN 94.58 DNp01 129.17 pC1 21.52 pIP10 23.33 HS R/L 129.44/0.00
  jitter trial 3 j=1.41: wscale 0.8508 probe 12.186 (target 13.609) in 5 iters
item 2 random   trial 3 low            6.6s  DNp09 108.33 MDN 97.08 DNp01 120.00 pC1 23.64 pIP10 36.67 HS R/L 110.56/0.00
item 2 random   trial 3 high           6.9s  DNp09 120.00 MDN 106.67 DNp01 130.83 pC1 26.52 pIP10 41.67 HS R/L 121.67/0.00
  jitter trial 3 j=2: wscale 0.8508 probe 13.621 (target 13.609) in 5 iters
item 2 random   trial 3 low            6.4s  DNp09 122.50 MDN 110.42 DNp01 135.83 pC1 32.77 pIP10 70.00 HS R/L 114.44/0.00
item 2 random   trial 3 high           6.3s  DNp09 130.83 MDN 117.08 DNp01 142.50 pC1 35.31 pIP10 75.00 HS R/L 126.11/0.00
  jitter trial 3 j=2.83: wscale 0.8508 probe 15.324 (target 13.609) in 5 iters
item 2 random   trial 3 low            6.3s  DNp09 137.50 MDN 119.17 DNp01 149.17 pC1 43.24 pIP10 105.00 HS R/L 127.78/0.00
item 2 random   trial 3 high           6.3s  DNp09 142.50 MDN 123.75 DNp01 155.00 pC1 45.13 pIP10 109.17 HS R/L 132.78/0.00
  jitter trial 3 j=4: wscale 0.6561 probe 10.339 (target 13.609) in 1 iters
item 2 random   trial 3 low            6.5s  DNp09 113.33 MDN 87.50 DNp01 134.17 pC1 23.38 pIP10 52.50 HS R/L 98.33/0.00
item 2 random   trial 3 high           6.3s  DNp09 117.50 MDN 93.33 DNp01 140.00 pC1 24.52 pIP10 56.67 HS R/L 104.44/0.00
  jitter trial 4 j=1: wscale 0.4106 probe 11.416 (target 13.609) in 5 iters
item 2 random   trial 4 low            6.4s  DNp09 79.17 MDN 123.75 DNp01 145.83 pC1 26.15 pIP10 59.17 HS R/L 41.67/87.78
item 2 random   trial 4 high           6.4s  DNp09 85.00 MDN 135.00 DNp01 155.83 pC1 28.78 pIP10 67.50 HS R/L 0.00/92.78
  jitter trial 4 j=1.41: wscale 0.4106 probe 12.230 (target 13.609) in 5 iters
item 2 random   trial 4 low            6.4s  DNp09 91.67 MDN 137.08 DNp01 158.33 pC1 29.31 pIP10 70.83 HS R/L 143.33/82.22
item 2 random   trial 4 high           6.4s  DNp09 95.00 MDN 143.33 DNp01 165.00 pC1 31.11 pIP10 76.67 HS R/L 148.89/84.44
  jitter trial 4 j=2: wscale 0.4106 probe 13.787 (target 13.609) in 5 iters
item 2 random   trial 4 low            6.4s  DNp09 109.17 MDN 155.00 DNp01 172.50 pC1 41.16 pIP10 95.83 HS R/L 156.67/66.11
item 2 random   trial 4 high           6.4s  DNp09 115.83 MDN 165.42 DNp01 182.50 pC1 43.59 pIP10 100.83 HS R/L 166.67/66.11
  jitter trial 4 j=2.83: wscale 0.4106 probe 15.636 (target 13.609) in 5 iters
item 2 random   trial 4 low            6.4s  DNp09 132.50 MDN 144.58 DNp01 182.50 pC1 53.04 pIP10 107.50 HS R/L 169.44/45.00
item 2 random   trial 4 high           6.4s  DNp09 139.17 MDN 150.83 DNp01 188.33 pC1 55.84 pIP10 112.50 HS R/L 176.11/41.11
  jitter trial 4 j=4: wscale 0.3606 probe 13.401 (target 13.609) in 6 iters
item 2 random   trial 4 low            6.5s  DNp09 116.67 MDN 107.08 DNp01 176.67 pC1 42.25 pIP10 85.83 HS R/L 146.67/19.44
item 2 random   trial 4 high           6.4s  DNp09 121.67 MDN 110.83 DNp01 184.17 pC1 44.29 pIP10 89.17 HS R/L 154.44/20.00
  jitter trial 5 j=1: wscale 0.2919 probe 13.226 (target 13.609) in 1 iters
item 2 random   trial 5 low            6.4s  DNp09 85.00 MDN 83.33 DNp01 98.33 pC1 20.36 pIP10 103.33 HS R/L 0.00/76.67
item 2 random   trial 5 high           6.5s  DNp09 85.83 MDN 83.75 DNp01 97.50 pC1 20.54 pIP10 104.17 HS R/L 0.00/78.33
  jitter trial 5 j=1.41: wscale 0.2919 probe 13.690 (target 13.609) in 1 iters
item 2 random   trial 5 low            6.5s  DNp09 93.33 MDN 92.08 DNp01 105.83 pC1 24.19 pIP10 111.67 HS R/L 0.00/90.00
item 2 random   trial 5 high           6.5s  DNp09 94.17 MDN 94.17 DNp01 109.17 pC1 24.71 pIP10 112.50 HS R/L 0.00/90.00
  jitter trial 5 j=2: wscale 0.2919 probe 15.130 (target 13.609) in 1 iters
item 2 random   trial 5 low            6.5s  DNp09 104.17 MDN 104.58 DNp01 114.17 pC1 31.19 pIP10 120.83 HS R/L 0.00/103.33
item 2 random   trial 5 high           6.5s  DNp09 105.00 MDN 105.00 DNp01 117.50 pC1 31.38 pIP10 120.83 HS R/L 0.00/101.67
  jitter trial 5 j=2.83: wscale 0.2564 probe 12.671 (target 13.609) in 6 iters
item 2 random   trial 5 low            6.5s  DNp09 101.67 MDN 105.42 DNp01 112.50 pC1 26.23 pIP10 120.83 HS R/L 0.00/105.00
item 2 random   trial 5 high           6.5s  DNp09 101.67 MDN 104.58 DNp01 113.33 pC1 26.18 pIP10 120.83 HS R/L 0.00/103.33
  jitter trial 5 j=4: wscale 0.2251 probe 11.512 (target 13.609) in 5 iters
item 2 random   trial 5 low            6.4s  DNp09 100.83 MDN 106.67 DNp01 106.67 pC1 24.01 pIP10 121.67 HS R/L 0.00/107.78
item 2 random   trial 5 high           6.4s  DNp09 100.00 MDN 105.83 DNp01 106.67 pC1 23.90 pIP10 121.67 HS R/L 0.00/105.00
  jitter trial 6 j=1: wscale 0.0661 probe 12.436 (target 13.609) in 4 iters
item 2 random   trial 6 low            6.5s  DNp09 90.00 MDN 91.25 DNp01 114.17 pC1 28.10 pIP10 82.50 HS R/L 10.00/83.33
item 2 random   trial 6 high           6.4s  DNp09 102.50 MDN 107.92 DNp01 128.33 pC1 35.27 pIP10 96.67 HS R/L 15.56/93.33
  jitter trial 6 j=1.41: wscale 0.0661 probe 12.538 (target 13.609) in 4 iters
item 2 random   trial 6 low            6.5s  DNp09 93.33 MDN 100.00 DNp01 120.83 pC1 29.73 pIP10 86.67 HS R/L 4.44/96.11
item 2 random   trial 6 high           6.4s  DNp09 100.00 MDN 107.92 DNp01 130.00 pC1 33.21 pIP10 92.50 HS R/L 4.44/99.44
  jitter trial 6 j=2: wscale 0.0661 probe 13.147 (target 13.609) in 4 iters
item 2 random   trial 6 low            6.7s  DNp09 98.33 MDN 106.67 DNp01 123.33 pC1 33.62 pIP10 95.00 HS R/L 3.33/75.00
item 2 random   trial 6 high           6.5s  DNp09 105.00 MDN 112.08 DNp01 130.83 pC1 37.19 pIP10 101.67 HS R/L 3.33/80.00
  jitter trial 6 j=2.83: wscale 0.0661 probe 14.318 (target 13.609) in 4 iters
item 2 random   trial 6 low            6.3s  DNp09 106.67 MDN 108.75 DNp01 128.33 pC1 38.99 pIP10 103.33 HS R/L 1.11/123.33
item 2 random   trial 6 high           6.3s  DNp09 110.83 MDN 112.50 DNp01 132.50 pC1 40.95 pIP10 107.50 HS R/L 1.67/126.67
  jitter trial 6 j=4: wscale 0.0661 probe 15.788 (target 13.609) in 4 iters
item 2 random   trial 6 low            6.3s  DNp09 115.00 MDN 105.42 DNp01 134.17 pC1 44.47 pIP10 110.83 HS R/L 2.22/123.89
item 2 random   trial 6 high           6.3s  DNp09 117.50 MDN 108.75 DNp01 138.33 pC1 46.19 pIP10 112.50 HS R/L 2.78/126.11
  jitter trial 7 j=1: wscale 1.1964 probe 16.786 (target 13.609) in 1 iters
item 2 random   trial 7 low            6.4s  DNp09 276.67 MDN 293.75 DNp01 299.17 pC1 41.76 pIP10 124.17 HS R/L 281.67/0.00
item 2 random   trial 7 high           6.4s  DNp09 278.33 MDN 296.25 DNp01 302.50 pC1 42.02 pIP10 124.17 HS R/L 285.00/0.00
  jitter trial 7 j=1.41: wscale 1.1964 probe 16.434 (target 13.609) in 1 iters
item 2 random   trial 7 low            6.4s  DNp09 272.50 MDN 297.50 DNp01 298.33 pC1 41.10 pIP10 142.50 HS R/L 281.67/0.00
item 2 random   trial 7 high           6.4s  DNp09 276.67 MDN 299.58 DNp01 306.67 pC1 41.74 pIP10 143.33 HS R/L 285.00/0.00
  jitter trial 7 j=2: wscale 1.1211 probe 14.366 (target 13.609) in 7 iters
item 2 random   trial 7 low            6.4s  DNp09 244.17 MDN 295.83 DNp01 300.83 pC1 33.62 pIP10 116.67 HS R/L 279.44/0.00
item 2 random   trial 7 high           6.4s  DNp09 246.67 MDN 298.75 DNp01 305.00 pC1 34.12 pIP10 112.50 HS R/L 278.33/0.00
  jitter trial 7 j=2.83: wscale 1.0506 probe 13.735 (target 13.609) in 6 iters
item 2 random   trial 7 low            6.9s  DNp09 186.67 MDN 297.08 DNp01 302.50 pC1 32.69 pIP10 97.50 HS R/L 280.00/0.00
item 2 random   trial 7 high           6.7s  DNp09 186.67 MDN 299.17 DNp01 304.17 pC1 33.00 pIP10 95.83 HS R/L 282.78/0.00
  jitter trial 7 j=4: wscale 0.9226 probe 10.414 (target 13.609) in 5 iters
item 2 random   trial 7 low            6.4s  DNp09 27.50 MDN 265.42 DNp01 297.50 pC1 19.86 pIP10 73.33 HS R/L 270.56/0.00
item 2 random   trial 7 high           6.4s  DNp09 27.50 MDN 265.42 DNp01 300.00 pC1 20.07 pIP10 73.33 HS R/L 267.78/0.00
  jitter trial 8 j=1: wscale 0.1541 probe 12.342 (target 13.609) in 6 iters
item 2 random   trial 8 low            6.5s  DNp09 0.00 MDN 0.00 DNp01 0.00 pC1 0.00 pIP10 0.00 HS R/L 0.00/0.00
item 2 random   trial 8 high           6.5s  DNp09 103.33 MDN 128.33 DNp01 110.00 pC1 6.28 pIP10 114.17 HS R/L 104.44/0.00
  jitter trial 8 j=1.41: wscale 0.1541 probe 12.932 (target 13.609) in 6 iters
item 2 random   trial 8 low            6.5s  DNp09 0.00 MDN 0.00 DNp01 0.00 pC1 0.00 pIP10 0.00 HS R/L 0.00/0.00
item 2 random   trial 8 high           6.5s  DNp09 101.67 MDN 117.92 DNp01 116.67 pC1 8.95 pIP10 114.17 HS R/L 90.56/0.00
  jitter trial 8 j=2: wscale 0.1541 probe 15.299 (target 13.609) in 6 iters
item 2 random   trial 8 low            6.5s  DNp09 0.00 MDN 0.00 DNp01 0.00 pC1 0.00 pIP10 0.00 HS R/L 0.00/0.00
item 2 random   trial 8 high           6.5s  DNp09 125.00 MDN 137.50 DNp01 136.67 pC1 32.90 pIP10 135.83 HS R/L 117.78/0.00
  jitter trial 8 j=2.83: wscale 0.1354 probe 11.863 (target 13.609) in 4 iters
item 2 random   trial 8 low            6.5s  DNp09 0.00 MDN 0.00 DNp01 0.00 pC1 0.00 pIP10 0.00 HS R/L 0.00/0.00
item 2 random   trial 8 high           6.5s  DNp09 152.50 MDN 149.58 DNp01 164.17 pC1 25.25 pIP10 156.67 HS R/L 0.00/0.00
  jitter trial 8 j=4: wscale 0.1354 probe 15.206 (target 13.609) in 4 iters
item 2 random   trial 8 low            6.5s  DNp09 154.17 MDN 141.67 DNp01 166.67 pC1 42.52 pIP10 169.17 HS R/L 66.67/0.00
item 2 random   trial 8 high           6.5s  DNp09 188.33 MDN 164.17 DNp01 197.50 pC1 62.57 pIP10 192.50 HS R/L 144.44/0.00
  jitter trial 9 j=1: wscale 0.3311 probe 13.344 (target 13.609) in 5 iters
item 2 random   trial 9 low            6.4s  DNp09 104.17 MDN 143.33 DNp01 148.33 pC1 19.56 pIP10 118.33 HS R/L 1.67/0.00
item 2 random   trial 9 high           6.4s  DNp09 109.17 MDN 148.33 DNp01 154.17 pC1 20.91 pIP10 123.33 HS R/L 2.22/0.00
  jitter trial 9 j=1.41: wscale 0.3311 probe 13.437 (target 13.609) in 5 iters
item 2 random   trial 9 low            6.4s  DNp09 115.00 MDN 143.33 DNp01 160.00 pC1 25.75 pIP10 125.00 HS R/L 3.33/0.00
item 2 random   trial 9 high           6.3s  DNp09 118.33 MDN 147.50 DNp01 164.17 pC1 26.93 pIP10 128.33 HS R/L 3.33/0.00
  jitter trial 9 j=2: wscale 0.3311 probe 15.484 (target 13.609) in 5 iters
item 2 random   trial 9 low            6.5s  DNp09 130.00 MDN 141.67 DNp01 172.50 pC1 35.96 pIP10 137.50 HS R/L 50.00/0.00
item 2 random   trial 9 high           6.4s  DNp09 132.50 MDN 144.17 DNp01 174.17 pC1 36.70 pIP10 139.17 HS R/L 52.78/0.00
  jitter trial 9 j=2.83: wscale 0.2907 probe 12.781 (target 13.609) in 6 iters
item 2 random   trial 9 low            7.3s  DNp09 98.33 MDN 112.08 DNp01 170.00 pC1 26.67 pIP10 115.83 HS R/L 3.33/1.11
item 2 random   trial 9 high           6.8s  DNp09 98.33 MDN 113.33 DNp01 171.67 pC1 26.89 pIP10 117.50 HS R/L 3.33/1.11
  jitter trial 9 j=4: wscale 0.2553 probe 11.239 (target 13.609) in 2 iters
item 2 random   trial 9 low            6.5s  DNp09 70.00 MDN 89.17 DNp01 154.17 pC1 23.40 pIP10 80.00 HS R/L 1.11/1.67
item 2 random   trial 9 high           6.9s  DNp09 72.50 MDN 91.25 DNp01 155.00 pC1 23.75 pIP10 82.50 HS R/L 1.11/1.67
  jitter trial 10 j=1: wscale 1.5162 probe 10.769 (target 13.609) in 5 iters
item 2 random   trial 10 low            6.4s  DNp09 89.17 MDN 110.00 DNp01 137.50 pC1 21.98 pIP10 115.00 HS R/L 0.00/128.33
item 2 random   trial 10 high           6.4s  DNp09 92.50 MDN 113.33 DNp01 140.00 pC1 23.01 pIP10 118.33 HS R/L 0.00/130.00
  jitter trial 10 j=1.41: wscale 1.5162 probe 11.204 (target 13.609) in 5 iters
item 2 random   trial 10 low            6.5s  DNp09 98.33 MDN 105.42 DNp01 145.00 pC1 25.91 pIP10 121.67 HS R/L 0.00/121.67
item 2 random   trial 10 high           6.8s  DNp09 102.50 MDN 110.00 DNp01 151.67 pC1 27.22 pIP10 125.83 HS R/L 0.00/128.33
  jitter trial 10 j=2: wscale 1.5162 probe 12.408 (target 13.609) in 5 iters
item 2 random   trial 10 low            6.4s  DNp09 115.83 MDN 105.42 DNp01 156.67 pC1 36.59 pIP10 135.00 HS R/L 0.00/136.11
item 2 random   trial 10 high           7.4s  DNp09 123.33 MDN 109.58 DNp01 162.50 pC1 38.69 pIP10 140.83 HS R/L 0.00/141.67
  jitter trial 10 j=2.83: wscale 1.5162 probe 14.084 (target 13.609) in 5 iters
item 2 random   trial 10 low            6.5s  DNp09 142.50 MDN 106.67 DNp01 166.67 pC1 53.19 pIP10 153.33 HS R/L 0.00/141.67
item 2 random   trial 10 high           6.7s  DNp09 144.17 MDN 107.92 DNp01 169.17 pC1 54.52 pIP10 156.67 HS R/L 0.00/141.11
  jitter trial 10 j=4: wscale 1.5162 probe 15.781 (target 13.609) in 5 iters
item 2 random   trial 10 low            7.4s  DNp09 155.00 MDN 98.75 DNp01 170.00 pC1 64.86 pIP10 165.00 HS R/L 0.00/117.22
item 2 random   trial 10 high           6.9s  DNp09 155.83 MDN 99.17 DNp01 170.83 pC1 65.29 pIP10 165.83 HS R/L 0.00/122.78
  jitter trial 11 j=1: wscale 0.5023 probe 13.901 (target 13.609) in 5 iters
item 2 random   trial 11 low            6.6s  DNp09 62.50 MDN 47.50 DNp01 36.67 pC1 4.05 pIP10 33.33 HS R/L 0.00/17.78
item 2 random   trial 11 high           6.6s  DNp09 48.33 MDN 31.67 DNp01 25.00 pC1 1.63 pIP10 19.17 HS R/L 0.00/6.67
  jitter trial 11 j=1.41: wscale 0.5023 probe 13.991 (target 13.609) in 5 iters
item 2 random   trial 11 low           10.0s  DNp09 1.67 MDN 0.00 DNp01 10.00 pC1 0.00 pIP10 0.00 HS R/L 0.00/0.00
item 2 random   trial 11 high           7.4s  DNp09 141.67 MDN 149.17 DNp01 126.67 pC1 31.51 pIP10 131.67 HS R/L 71.11/103.89
  jitter trial 11 j=2: wscale 0.5023 probe 15.046 (target 13.609) in 5 iters
item 2 random   trial 11 low            7.2s  DNp09 105.00 MDN 84.58 DNp01 80.83 pC1 17.83 pIP10 80.00 HS R/L 46.67/65.56
item 2 random   trial 11 high           7.5s  DNp09 111.67 MDN 92.08 DNp01 87.50 pC1 20.03 pIP10 86.67 HS R/L 53.33/72.22
  jitter trial 11 j=2.83: wscale 0.5023 probe 16.910 (target 13.609) in 5 iters
item 2 random   trial 11 low            6.5s  DNp09 152.50 MDN 138.75 DNp01 135.00 pC1 39.09 pIP10 139.17 HS R/L 99.44/133.33
item 2 random   trial 11 high           6.4s  DNp09 146.67 MDN 125.42 DNp01 122.50 pC1 35.54 pIP10 128.33 HS R/L 102.22/127.78
  jitter trial 11 j=4: wscale 0.4411 probe 14.295 (target 13.609) in 6 iters
item 2 random   trial 11 low            6.5s  DNp09 118.33 MDN 80.83 DNp01 85.00 pC1 19.08 pIP10 95.00 HS R/L 52.78/81.67
item 2 random   trial 11 high           6.4s  DNp09 126.67 MDN 88.33 DNp01 91.67 pC1 21.23 pIP10 100.83 HS R/L 71.67/107.78
  jitter trial 12 j=1: wscale 0.6498 probe 14.181 (target 13.609) in 4 iters
item 2 random   trial 12 low            6.3s  DNp09 128.33 MDN 127.08 DNp01 121.67 pC1 56.25 pIP10 125.00 HS R/L 0.00/5.00
item 2 random   trial 12 high           6.3s  DNp09 142.50 MDN 140.42 DNp01 135.00 pC1 62.86 pIP10 138.33 HS R/L 0.56/10.00
  jitter trial 12 j=1.41: wscale 0.6498 probe 13.971 (target 13.609) in 4 iters
item 2 random   trial 12 low            6.6s  DNp09 143.33 MDN 147.08 DNp01 135.00 pC1 61.47 pIP10 143.33 HS R/L 11.11/126.67
item 2 random   trial 12 high           6.7s  DNp09 155.00 MDN 156.67 DNp01 149.17 pC1 67.14 pIP10 152.50 HS R/L 11.67/143.33
  jitter trial 12 j=2: wscale 0.6498 probe 14.822 (target 13.609) in 4 iters
item 2 random   trial 12 low            6.7s  DNp09 152.50 MDN 150.00 DNp01 146.67 pC1 69.53 pIP10 147.50 HS R/L 15.00/138.33
item 2 random   trial 12 high           6.8s  DNp09 1.67 MDN 2.08 DNp01 0.83 pC1 0.04 pIP10 0.83 HS R/L 0.00/0.00
  jitter trial 12 j=2.83: wscale 0.6498 probe 15.776 (target 13.609) in 4 iters
item 2 random   trial 12 low            6.3s  DNp09 152.50 MDN 148.75 DNp01 132.50 pC1 68.35 pIP10 148.33 HS R/L 18.89/138.33
item 2 random   trial 12 high           6.4s  DNp09 157.50 MDN 153.33 DNp01 138.33 pC1 71.22 pIP10 153.33 HS R/L 20.00/145.00
  jitter trial 12 j=4: wscale 0.6498 probe 16.908 (target 13.609) in 4 iters
item 2 random   trial 12 low            6.4s  DNp09 155.83 MDN 152.92 DNp01 110.00 pC1 71.42 pIP10 154.17 HS R/L 13.33/142.78
item 2 random   trial 12 high           6.3s  DNp09 170.00 MDN 167.08 DNp01 122.50 pC1 78.01 pIP10 167.50 HS R/L 13.89/155.00
  jitter trial 13 j=1: wscale 0.4733 probe 12.775 (target 13.609) in 4 iters
item 2 random   trial 13 low            6.6s  DNp09 85.83 MDN 152.08 DNp01 146.67 pC1 16.50 pIP10 81.67 HS R/L 0.00/0.56
item 2 random   trial 13 high           6.6s  DNp09 95.00 MDN 165.42 DNp01 160.00 pC1 18.93 pIP10 94.17 HS R/L 0.00/0.56
  jitter trial 13 j=1.41: wscale 0.4733 probe 12.728 (target 13.609) in 4 iters
item 2 random   trial 13 low            6.7s  DNp09 98.33 MDN 148.75 DNp01 150.00 pC1 13.48 pIP10 68.33 HS R/L 0.00/0.56
item 2 random   trial 13 high           6.5s  DNp09 105.83 MDN 161.67 DNp01 163.33 pC1 15.49 pIP10 80.00 HS R/L 0.00/1.11
  jitter trial 13 j=2: wscale 0.4733 probe 14.224 (target 13.609) in 4 iters
item 2 random   trial 13 low            6.5s  DNp09 123.33 MDN 155.00 DNp01 162.50 pC1 15.32 pIP10 83.33 HS R/L 0.00/0.00
item 2 random   trial 13 high           6.5s  DNp09 130.00 MDN 165.83 DNp01 175.00 pC1 16.92 pIP10 91.67 HS R/L 0.00/0.56
  jitter trial 13 j=2.83: wscale 0.4156 probe 10.367 (target 13.609) in 6 iters
item 2 random   trial 13 low            6.5s  DNp09 100.00 MDN 113.75 DNp01 131.67 pC1 7.94 pIP10 31.67 HS R/L 0.00/0.00
item 2 random   trial 13 high           6.6s  DNp09 105.83 MDN 119.58 DNp01 138.33 pC1 8.60 pIP10 35.83 HS R/L 0.00/0.00
  jitter trial 13 j=4: wscale 0.4156 probe 14.085 (target 13.609) in 6 iters
item 2 random   trial 13 low            6.6s  DNp09 132.50 MDN 123.75 DNp01 179.17 pC1 14.54 pIP10 62.50 HS R/L 0.00/0.00
item 2 random   trial 13 high           6.6s  DNp09 137.50 MDN 129.58 DNp01 185.83 pC1 15.43 pIP10 65.83 HS R/L 0.00/0.00
  jitter trial 14 j=1: wscale 0.0763 probe 10.423 (target 13.609) in 6 iters
item 2 random   trial 14 low            6.4s  DNp09 95.83 MDN 113.75 DNp01 94.17 pC1 14.63 pIP10 6.67 HS R/L 118.33/0.00
item 2 random   trial 14 high           6.5s  DNp09 116.67 MDN 130.83 DNp01 115.00 pC1 19.58 pIP10 12.50 HS R/L 140.00/0.00
  jitter trial 14 j=1.41: wscale 0.0763 probe 10.535 (target 13.609) in 6 iters
item 2 random   trial 14 low            6.4s  DNp09 110.83 MDN 123.75 DNp01 118.33 pC1 19.87 pIP10 35.00 HS R/L 138.33/0.00
item 2 random   trial 14 high           6.4s  DNp09 121.67 MDN 132.50 DNp01 129.17 pC1 22.56 pIP10 40.00 HS R/L 146.67/0.00
  jitter trial 14 j=2: wscale 0.0763 probe 12.036 (target 13.609) in 6 iters
item 2 random   trial 14 low            6.4s  DNp09 125.00 MDN 148.33 DNp01 135.00 pC1 35.38 pIP10 89.17 HS R/L 145.00/0.00
item 2 random   trial 14 high           6.4s  DNp09 130.00 MDN 153.33 DNp01 135.83 pC1 36.75 pIP10 95.00 HS R/L 150.00/0.00
  jitter trial 14 j=2.83: wscale 0.0763 probe 13.862 (target 13.609) in 6 iters
item 2 random   trial 14 low            6.4s  DNp09 140.00 MDN 160.83 DNp01 147.50 pC1 50.98 pIP10 125.00 HS R/L 154.44/0.00
item 2 random   trial 14 high           6.4s  DNp09 145.83 MDN 166.67 DNp01 151.67 pC1 53.25 pIP10 130.00 HS R/L 158.89/0.00
  jitter trial 14 j=4: wscale 0.0670 probe 12.328 (target 13.609) in 3 iters
item 2 random   trial 14 low            6.4s  DNp09 136.67 MDN 163.33 DNp01 140.83 pC1 38.59 pIP10 129.17 HS R/L 157.78/0.00
item 2 random   trial 14 high           6.4s  DNp09 139.17 MDN 165.83 DNp01 145.00 pC1 39.75 pIP10 131.67 HS R/L 160.00/0.00
  jitter trial 15 j=1: wscale 0.5033 probe 12.893 (target 13.609) in 6 iters
item 2 random   trial 15 low            6.4s  DNp09 122.50 MDN 115.42 DNp01 135.00 pC1 17.31 pIP10 124.17 HS R/L 0.00/1.11
item 2 random   trial 15 high           6.4s  DNp09 145.00 MDN 137.92 DNp01 156.67 pC1 20.52 pIP10 145.83 HS R/L 0.00/1.11
  jitter trial 15 j=1.41: wscale 0.5033 probe 13.142 (target 13.609) in 6 iters
item 2 random   trial 15 low            7.1s  DNp09 112.50 MDN 96.67 DNp01 120.83 pC1 16.28 pIP10 119.17 HS R/L 0.00/1.67
item 2 random   trial 15 high           6.6s  DNp09 119.17 MDN 103.33 DNp01 127.50 pC1 17.18 pIP10 125.83 HS R/L 0.00/1.67
  jitter trial 15 j=2: wscale 0.5033 probe 13.832 (target 13.609) in 6 iters
item 2 random   trial 15 low            6.4s  DNp09 128.33 MDN 94.58 DNp01 137.50 pC1 19.38 pIP10 135.00 HS R/L 0.00/2.78
item 2 random   trial 15 high           6.4s  DNp09 118.33 MDN 85.83 DNp01 127.50 pC1 17.69 pIP10 124.17 HS R/L 0.00/2.22
  jitter trial 15 j=2.83: wscale 0.4419 probe 10.631 (target 13.609) in 4 iters
item 2 random   trial 15 low            6.4s  DNp09 89.17 MDN 47.50 DNp01 108.33 pC1 10.65 pIP10 94.17 HS R/L 0.00/1.11
item 2 random   trial 15 high           6.6s  DNp09 0.00 MDN 0.00 DNp01 5.00 pC1 0.03 pIP10 0.00 HS R/L 0.00/0.00
  jitter trial 15 j=4: wscale 0.4419 probe 12.201 (target 13.609) in 4 iters
item 2 random   trial 15 low            6.4s  DNp09 144.17 MDN 80.00 DNp01 167.50 pC1 20.75 pIP10 148.33 HS R/L 0.00/3.33
item 2 random   trial 15 high           6.4s  DNp09 140.00 MDN 75.00 DNp01 164.17 pC1 20.17 pIP10 144.17 HS R/L 0.00/3.33
  jitter trial 16 j=1: wscale 0.3399 probe 14.493 (target 13.609) in 4 iters
item 2 random   trial 16 low            6.4s  DNp09 107.50 MDN 81.67 DNp01 102.50 pC1 33.45 pIP10 107.50 HS R/L 4.44/93.33
item 2 random   trial 16 high           6.5s  DNp09 124.17 MDN 96.25 DNp01 123.33 pC1 39.33 pIP10 125.00 HS R/L 5.56/103.89
  jitter trial 16 j=1.41: wscale 0.3399 probe 14.366 (target 13.609) in 4 iters
item 2 random   trial 16 low            6.4s  DNp09 110.83 MDN 74.58 DNp01 103.33 pC1 35.03 pIP10 110.00 HS R/L 3.33/82.22
item 2 random   trial 16 high           6.4s  DNp09 138.33 MDN 95.00 DNp01 135.83 pC1 44.63 pIP10 138.33 HS R/L 4.44/102.22
  jitter trial 16 j=2: wscale 0.3399 probe 14.585 (target 13.609) in 4 iters
item 2 random   trial 16 low            6.4s  DNp09 130.00 MDN 77.08 DNp01 125.83 pC1 44.52 pIP10 128.33 HS R/L 0.56/89.44
item 2 random   trial 16 high           6.4s  DNp09 140.83 MDN 85.00 DNp01 134.17 pC1 48.30 pIP10 140.00 HS R/L 0.56/94.44
  jitter trial 16 j=2.83: wscale 0.3399 probe 15.330 (target 13.609) in 4 iters
item 2 random   trial 16 low            6.4s  DNp09 140.00 MDN 70.83 DNp01 134.17 pC1 51.56 pIP10 138.33 HS R/L 0.00/90.00
item 2 random   trial 16 high           6.5s  DNp09 143.33 MDN 73.75 DNp01 136.67 pC1 53.71 pIP10 141.67 HS R/L 0.00/88.33
  jitter trial 16 j=4: wscale 0.3399 probe 16.494 (target 13.609) in 4 iters
item 2 random   trial 16 low            6.5s  DNp09 131.67 MDN 64.58 DNp01 138.33 pC1 55.45 pIP10 140.83 HS R/L 0.00/75.00
item 2 random   trial 16 high           6.4s  DNp09 134.17 MDN 65.42 DNp01 140.83 pC1 57.67 pIP10 144.17 HS R/L 0.00/77.78
  jitter trial 17 j=1: wscale 0.1354 probe 16.983 (target 13.609) in 9 iters
item 2 random   trial 17 low            6.5s  DNp09 0.00 MDN 0.00 DNp01 0.00 pC1 0.00 pIP10 0.00 HS R/L 0.00/0.00
item 2 random   trial 17 high           6.5s  DNp09 0.00 MDN 0.00 DNp01 0.00 pC1 0.00 pIP10 0.00 HS R/L 0.00/0.00
  jitter trial 17 j=1.41: wscale 0.1289 probe 12.185 (target 13.609) in 7 iters
item 2 random   trial 17 low            6.4s  DNp09 0.00 MDN 0.00 DNp01 0.00 pC1 0.00 pIP10 0.00 HS R/L 0.00/0.00
item 2 random   trial 17 high           6.3s  DNp09 0.00 MDN 0.00 DNp01 0.00 pC1 0.00 pIP10 0.00 HS R/L 0.00/0.00
  jitter trial 17 j=2: wscale 0.1208 probe 10.766 (target 13.609) in 5 iters
item 2 random   trial 17 low            6.5s  DNp09 0.00 MDN 0.00 DNp01 0.00 pC1 0.00 pIP10 0.00 HS R/L 0.00/0.00
item 2 random   trial 17 high           7.5s  DNp09 0.00 MDN 0.00 DNp01 0.00 pC1 0.00 pIP10 0.00 HS R/L 0.00/0.00
  jitter trial 17 j=2.83: wscale 0.1132 probe 13.430 (target 13.609) in 7 iters
item 2 random   trial 17 low            6.4s  DNp09 0.00 MDN 0.00 DNp01 0.00 pC1 0.00 pIP10 0.00 HS R/L 0.00/0.00
item 2 random   trial 17 high           6.5s  DNp09 0.00 MDN 0.00 DNp01 0.00 pC1 0.00 pIP10 0.00 HS R/L 0.00/0.00
  jitter trial 17 j=4: wscale 0.1061 probe 14.436 (target 13.609) in 6 iters
item 2 random   trial 17 low            6.4s  DNp09 0.00 MDN 0.00 DNp01 0.00 pC1 0.00 pIP10 0.00 HS R/L 0.00/0.00
item 2 random   trial 17 high           6.9s  DNp09 0.00 MDN 0.00 DNp01 0.00 pC1 0.00 pIP10 0.00 HS R/L 0.00/0.00
  jitter trial 18 j=1: wscale 0.5297 probe 10.324 (target 13.609) in 5 iters
item 2 random   trial 18 low            6.8s  DNp09 190.83 MDN 142.50 DNp01 218.33 pC1 12.25 pIP10 210.00 HS R/L 0.00/126.11
item 2 random   trial 18 high           7.1s  DNp09 203.33 MDN 154.58 DNp01 232.50 pC1 13.14 pIP10 221.67 HS R/L 0.00/138.33
  jitter trial 18 j=1.41: wscale 0.5297 probe 11.229 (target 13.609) in 5 iters
item 2 random   trial 18 low            6.7s  DNp09 199.17 MDN 166.25 DNp01 219.17 pC1 15.90 pIP10 215.00 HS R/L 0.00/55.00
item 2 random   trial 18 high           6.6s  DNp09 208.33 MDN 175.83 DNp01 229.17 pC1 16.72 pIP10 224.17 HS R/L 0.00/62.78
  jitter trial 18 j=2: wscale 0.5297 probe 13.140 (target 13.609) in 5 iters
item 2 random   trial 18 low            6.5s  DNp09 211.67 MDN 190.83 DNp01 226.67 pC1 22.38 pIP10 226.67 HS R/L 0.00/139.44
item 2 random   trial 18 high           6.9s  DNp09 221.67 MDN 200.83 DNp01 235.00 pC1 23.45 pIP10 236.67 HS R/L 0.00/137.22
  jitter trial 18 j=2.83: wscale 0.5297 probe 15.772 (target 13.609) in 5 iters
item 2 random   trial 18 low            6.4s  DNp09 226.67 MDN 214.58 DNp01 237.50 pC1 32.02 pIP10 240.83 HS R/L 0.00/157.78
item 2 random   trial 18 high           6.8s  DNp09 233.33 MDN 222.92 DNp01 245.00 pC1 33.29 pIP10 248.33 HS R/L 0.00/165.56
  jitter trial 18 j=4: wscale 0.4651 probe 13.319 (target 13.609) in 6 iters
item 2 random   trial 18 low            6.9s  DNp09 188.33 MDN 199.58 DNp01 222.50 pC1 28.27 pIP10 223.33 HS R/L 0.00/156.11
item 2 random   trial 18 high           7.1s  DNp09 193.33 MDN 205.83 DNp01 228.33 pC1 29.11 pIP10 228.33 HS R/L 0.00/162.78
  jitter trial 19 j=1: wscale 0.2775 probe 11.578 (target 13.609) in 6 iters
item 2 random   trial 19 low            6.5s  DNp09 115.00 MDN 117.92 DNp01 109.17 pC1 30.13 pIP10 105.00 HS R/L 3.89/0.00
item 2 random   trial 19 high           6.7s  DNp09 119.17 MDN 122.92 DNp01 114.17 pC1 31.49 pIP10 110.00 HS R/L 5.56/0.00
  jitter trial 19 j=1.41: wscale 0.2775 probe 11.786 (target 13.609) in 6 iters
item 2 random   trial 19 low            6.4s  DNp09 114.17 MDN 115.83 DNp01 112.50 pC1 32.39 pIP10 110.00 HS R/L 2.22/0.56
item 2 random   trial 19 high           7.1s  DNp09 117.50 MDN 117.92 DNp01 115.83 pC1 33.43 pIP10 112.50 HS R/L 2.22/0.56
  jitter trial 19 j=2: wscale 0.2775 probe 13.508 (target 13.609) in 6 iters
item 2 random   trial 19 low            6.4s  DNp09 119.17 MDN 121.25 DNp01 126.67 pC1 38.85 pIP10 123.33 HS R/L 0.00/2.78
item 2 random   trial 19 high           7.2s  DNp09 121.67 MDN 123.33 DNp01 127.50 pC1 39.57 pIP10 125.83 HS R/L 0.00/2.78
  jitter trial 19 j=2.83: wscale 0.2436 probe 10.403 (target 13.609) in 5 iters
item 2 random   trial 19 low            6.5s  DNp09 94.17 MDN 89.58 DNp01 119.17 pC1 24.44 pIP10 106.67 HS R/L 0.00/1.11
item 2 random   trial 19 high           6.7s  DNp09 96.67 MDN 92.50 DNp01 121.67 pC1 25.36 pIP10 110.00 HS R/L 0.00/1.11
  jitter trial 19 j=4: wscale 0.2436 probe 13.993 (target 13.609) in 5 iters
item 2 random   trial 19 low            6.4s  DNp09 121.67 MDN 108.75 DNp01 140.83 pC1 38.29 pIP10 138.33 HS R/L 0.00/3.89
item 2 random   trial 19 high           7.5s  DNp09 120.00 MDN 110.00 DNp01 139.17 pC1 38.72 pIP10 139.17 HS R/L 0.00/3.89
  jitter trial 20 j=1: wscale 0.1275 probe 12.846 (target 13.609) in 6 iters
item 2 random   trial 20 low            6.9s  DNp09 127.50 MDN 187.50 DNp01 78.33 pC1 27.93 pIP10 112.50 HS R/L 128.33/0.00
item 2 random   trial 20 high           6.9s  DNp09 136.67 MDN 196.67 DNp01 84.17 pC1 30.67 pIP10 120.83 HS R/L 136.67/0.00
  jitter trial 20 j=1.41: wscale 0.1275 probe 13.237 (target 13.609) in 6 iters
item 2 random   trial 20 low            6.5s  DNp09 138.33 MDN 189.58 DNp01 83.33 pC1 31.20 pIP10 120.83 HS R/L 129.44/0.00
item 2 random   trial 20 high           6.5s  DNp09 148.33 MDN 198.33 DNp01 88.33 pC1 34.00 pIP10 129.17 HS R/L 139.44/0.00
  jitter trial 20 j=2: wscale 0.1275 probe 15.184 (target 13.609) in 6 iters
item 2 random   trial 20 low            7.6s  DNp09 140.00 MDN 191.25 DNp01 74.17 pC1 44.07 pIP10 140.83 HS R/L 122.78/0.00
item 2 random   trial 20 high           6.6s  DNp09 149.17 MDN 198.75 DNp01 78.33 pC1 46.73 pIP10 149.17 HS R/L 131.11/0.00
  jitter trial 20 j=2.83: wscale 0.1120 probe 11.798 (target 13.609) in 4 iters
item 2 random   trial 20 low            7.0s  DNp09 104.17 MDN 170.42 DNp01 12.50 pC1 30.14 pIP10 113.33 HS R/L 122.22/0.00
item 2 random   trial 20 high           6.5s  DNp09 106.67 MDN 178.33 DNp01 12.50 pC1 31.14 pIP10 120.00 HS R/L 128.89/0.00
  jitter trial 20 j=4: wscale 0.1120 probe 15.598 (target 13.609) in 4 iters
item 2 random   trial 20 low            7.5s  DNp09 115.83 MDN 172.50 DNp01 25.83 pC1 46.67 pIP10 147.50 HS R/L 141.67/0.00
item 2 random   trial 20 high           6.7s  DNp09 121.67 MDN 180.00 DNp01 27.50 pC1 49.41 pIP10 155.83 HS R/L 145.00/0.00
  jitter trial 21 j=1: wscale 0.2180 probe 15.066 (target 13.609) in 6 iters
item 2 random   trial 21 low            7.2s  DNp09 15.00 MDN 51.67 DNp01 45.00 pC1 2.46 pIP10 11.67 HS R/L 31.67/31.67
item 2 random   trial 21 high           7.0s  DNp09 27.50 MDN 62.50 DNp01 57.50 pC1 5.58 pIP10 25.00 HS R/L 43.33/43.33
  jitter trial 21 j=1.41: wscale 0.2180 probe 16.013 (target 13.609) in 6 iters
item 2 random   trial 21 low            6.8s  DNp09 58.33 MDN 73.33 DNp01 84.17 pC1 13.78 pIP10 48.33 HS R/L 56.11/57.22
item 2 random   trial 21 high           6.9s  DNp09 68.33 MDN 84.17 DNp01 95.00 pC1 17.75 pIP10 59.17 HS R/L 67.78/68.89
  jitter trial 21 j=2: wscale 0.1914 probe 12.310 (target 13.609) in 4 iters
item 2 random   trial 21 low            6.5s  DNp09 24.17 MDN 34.17 DNp01 43.33 pC1 1.83 pIP10 8.33 HS R/L 13.89/20.56
item 2 random   trial 21 high           6.5s  DNp09 39.17 MDN 46.67 DNp01 57.50 pC1 4.16 pIP10 20.00 HS R/L 26.67/31.11
  jitter trial 21 j=2.83: wscale 0.1914 probe 16.121 (target 13.609) in 4 iters
item 2 random   trial 21 low            6.7s  DNp09 110.00 MDN 94.58 DNp01 126.67 pC1 24.38 pIP10 80.00 HS R/L 79.44/81.67
item 2 random   trial 21 high           6.6s  DNp09 120.00 MDN 102.92 DNp01 135.00 pC1 27.68 pIP10 89.17 HS R/L 88.89/91.67
  jitter trial 21 j=4: wscale 0.1681 probe 14.484 (target 13.609) in 6 iters
item 2 random   trial 21 low           10.3s  DNp09 120.00 MDN 78.75 DNp01 130.83 pC1 21.85 pIP10 71.67 HS R/L 62.78/69.44
item 2 random   trial 21 high          13.2s  DNp09 129.17 MDN 85.42 DNp01 140.00 pC1 24.29 pIP10 79.17 HS R/L 71.67/78.89
  jitter trial 22 j=1: wscale 0.6534 probe 16.583 (target 13.609) in 4 iters
item 2 random   trial 22 low           12.7s  DNp09 155.83 MDN 161.25 DNp01 159.17 pC1 60.76 pIP10 164.17 HS R/L 0.00/0.00
item 2 random   trial 22 high          12.4s  DNp09 159.17 MDN 164.58 DNp01 161.67 pC1 62.13 pIP10 167.50 HS R/L 0.00/0.00
  jitter trial 22 j=1.41: wscale 0.6534 probe 16.596 (target 13.609) in 4 iters
item 2 random   trial 22 low           12.5s  DNp09 155.83 MDN 161.25 DNp01 157.50 pC1 60.29 pIP10 165.00 HS R/L 0.00/0.00
item 2 random   trial 22 high          12.7s  DNp09 157.50 MDN 162.92 DNp01 160.00 pC1 61.14 pIP10 166.67 HS R/L 0.00/0.00
  jitter trial 22 j=2: wscale 0.5738 probe 12.876 (target 13.609) in 6 iters
item 2 random   trial 22 low           12.5s  DNp09 148.33 MDN 151.67 DNp01 146.67 pC1 41.34 pIP10 158.33 HS R/L 0.00/0.00
item 2 random   trial 22 high          15.6s  DNp09 150.83 MDN 154.17 DNp01 148.33 pC1 41.87 pIP10 160.00 HS R/L 0.00/0.00
  jitter trial 22 j=2.83: wscale 0.5738 probe 13.808 (target 13.609) in 6 iters
item 2 random   trial 22 low            8.2s  DNp09 152.50 MDN 150.00 DNp01 147.50 pC1 45.62 pIP10 160.83 HS R/L 0.00/0.00
item 2 random   trial 22 high           6.5s  DNp09 154.17 MDN 152.08 DNp01 149.17 pC1 46.32 pIP10 162.50 HS R/L 0.00/0.00
  jitter trial 22 j=4: wscale 0.5038 probe 11.608 (target 13.609) in 5 iters
item 2 random   trial 22 low            6.4s  DNp09 148.33 MDN 130.42 DNp01 123.33 pC1 35.18 pIP10 155.00 HS R/L 0.00/0.00
item 2 random   trial 22 high           7.0s  DNp09 150.83 MDN 131.67 DNp01 125.00 pC1 35.59 pIP10 156.67 HS R/L 0.00/0.00
  jitter trial 23 j=1: wscale 0.1838 probe 13.613 (target 13.609) in 6 iters
item 2 random   trial 23 low            6.4s  DNp09 120.83 MDN 137.08 DNp01 153.33 pC1 35.13 pIP10 120.83 HS R/L 2.22/0.00
item 2 random   trial 23 high           6.4s  DNp09 129.17 MDN 145.00 DNp01 161.67 pC1 37.83 pIP10 129.17 HS R/L 2.78/0.00
  jitter trial 23 j=1.41: wscale 0.1838 probe 13.373 (target 13.609) in 6 iters
item 2 random   trial 23 low            6.7s  DNp09 119.17 MDN 138.75 DNp01 155.83 pC1 36.49 pIP10 112.50 HS R/L 1.11/0.56
item 2 random   trial 23 high           6.9s  DNp09 127.50 MDN 146.67 DNp01 163.33 pC1 39.33 pIP10 119.17 HS R/L 1.11/0.00
  jitter trial 23 j=2: wscale 0.1838 probe 13.788 (target 13.609) in 6 iters
item 2 random   trial 23 low            6.5s  DNp09 117.50 MDN 140.42 DNp01 154.17 pC1 39.66 pIP10 105.00 HS R/L 0.00/0.56
item 2 random   trial 23 high           6.4s  DNp09 125.83 MDN 149.17 DNp01 163.33 pC1 42.80 pIP10 111.67 HS R/L 0.00/0.56
  jitter trial 23 j=2.83: wscale 0.1614 probe 11.108 (target 13.609) in 5 iters
item 2 random   trial 23 low            6.4s  DNp09 74.17 MDN 131.25 DNp01 143.33 pC1 30.46 pIP10 85.00 HS R/L 0.00/0.00
item 2 random   trial 23 high           6.5s  DNp09 82.50 MDN 142.92 DNp01 155.83 pC1 33.92 pIP10 93.33 HS R/L 0.00/0.00
  jitter trial 23 j=4: wscale 0.1614 probe 12.983 (target 13.609) in 5 iters
item 2 random   trial 23 low            6.4s  DNp09 63.33 MDN 140.83 DNp01 150.00 pC1 39.26 pIP10 89.17 HS R/L 0.00/0.56
item 2 random   trial 23 high           6.4s  DNp09 68.33 MDN 151.25 DNp01 160.00 pC1 42.34 pIP10 95.83 HS R/L 0.00/0.56
  jitter trial 24 j=1: wscale 1.4512 probe 14.696 (target 13.609) in 3 iters
item 2 random   trial 24 low            6.5s  DNp09 137.50 MDN 140.42 DNp01 132.50 pC1 49.07 pIP10 140.00 HS R/L 0.00/136.67
item 2 random   trial 24 high           6.4s  DNp09 140.83 MDN 144.17 DNp01 135.83 pC1 50.16 pIP10 143.33 HS R/L 0.00/140.00
  jitter trial 24 j=1.41: wscale 1.4512 probe 14.836 (target 13.609) in 3 iters
item 2 random   trial 24 low            6.5s  DNp09 137.50 MDN 140.83 DNp01 132.50 pC1 47.65 pIP10 141.67 HS R/L 0.00/136.67
item 2 random   trial 24 high           6.5s  DNp09 140.83 MDN 145.00 DNp01 137.50 pC1 49.31 pIP10 146.67 HS R/L 0.00/141.67
  jitter trial 24 j=2: wscale 1.4512 probe 15.393 (target 13.609) in 3 iters
item 2 random   trial 24 low            6.7s  DNp09 140.00 MDN 143.75 DNp01 137.50 pC1 50.25 pIP10 145.83 HS R/L 1.11/138.33
item 2 random   trial 24 high           6.7s  DNp09 143.33 MDN 147.50 DNp01 141.67 pC1 51.70 pIP10 150.83 HS R/L 0.56/141.67
  jitter trial 24 j=2.83: wscale 1.4512 probe 16.311 (target 13.609) in 3 iters
item 2 random   trial 24 low            6.7s  DNp09 142.50 MDN 145.42 DNp01 141.67 pC1 52.02 pIP10 149.17 HS R/L 14.44/140.00
item 2 random   trial 24 high           6.5s  DNp09 146.67 MDN 150.00 DNp01 146.67 pC1 53.73 pIP10 154.17 HS R/L 15.00/143.33
  jitter trial 24 j=4: wscale 1.1190 probe 11.298 (target 13.609) in 5 iters
item 2 random   trial 24 low            6.6s  DNp09 112.50 MDN 133.75 DNp01 113.33 pC1 23.46 pIP10 140.83 HS R/L 3.89/125.56
item 2 random   trial 24 high           6.5s  DNp09 120.83 MDN 143.75 DNp01 121.67 pC1 25.42 pIP10 151.67 HS R/L 5.56/136.67
  jitter trial 25 j=1: wscale 0.1275 probe 11.480 (target 13.609) in 6 iters
item 2 random   trial 25 low            6.5s  DNp09 145.00 MDN 145.83 DNp01 170.00 pC1 13.88 pIP10 150.83 HS R/L 46.11/0.00
item 2 random   trial 25 high           6.5s  DNp09 159.17 MDN 160.42 DNp01 182.50 pC1 16.22 pIP10 165.00 HS R/L 58.89/0.00
  jitter trial 25 j=1.41: wscale 0.1275 probe 12.196 (target 13.609) in 6 iters
item 2 random   trial 25 low            6.5s  DNp09 144.17 MDN 142.50 DNp01 165.00 pC1 17.78 pIP10 150.83 HS R/L 33.33/0.00
item 2 random   trial 25 high           6.4s  DNp09 156.67 MDN 156.25 DNp01 176.67 pC1 20.27 pIP10 164.17 HS R/L 45.56/0.00
  jitter trial 25 j=2: wscale 0.1275 probe 13.945 (target 13.609) in 6 iters
item 2 random   trial 25 low            6.7s  DNp09 154.17 MDN 151.67 DNp01 170.83 pC1 24.22 pIP10 161.67 HS R/L 19.44/0.00
item 2 random   trial 25 high           6.5s  DNp09 163.33 MDN 164.17 DNp01 180.83 pC1 26.22 pIP10 173.33 HS R/L 20.00/0.00
  jitter trial 25 j=2.83: wscale 0.1120 probe 11.240 (target 13.609) in 3 iters
item 2 random   trial 25 low            7.5s  DNp09 140.00 MDN 120.42 DNp01 161.67 pC1 16.52 pIP10 154.17 HS R/L 0.00/0.00
item 2 random   trial 25 high           6.6s  DNp09 153.33 MDN 131.67 DNp01 175.00 pC1 18.37 pIP10 167.50 HS R/L 2.78/0.00
  jitter trial 25 j=4: wscale 0.1120 probe 13.635 (target 13.609) in 3 iters
item 2 random   trial 25 low            6.6s  DNp09 152.50 MDN 118.33 DNp01 175.83 pC1 25.89 pIP10 170.00 HS R/L 5.00/0.00
item 2 random   trial 25 high           6.7s  DNp09 164.17 MDN 128.33 DNp01 189.17 pC1 28.19 pIP10 183.33 HS R/L 5.56/0.00
  jitter trial 26 j=1: wscale 0.2648 probe 15.800 (target 13.609) in 3 iters
item 2 random   trial 26 low            6.8s  DNp09 115.00 MDN 113.75 DNp01 127.50 pC1 50.48 pIP10 125.00 HS R/L 0.00/0.00
item 2 random   trial 26 high           6.5s  DNp09 123.33 MDN 122.08 DNp01 135.00 pC1 54.19 pIP10 133.33 HS R/L 0.00/0.00
  jitter trial 26 j=1.41: wscale 0.2648 probe 16.137 (target 13.609) in 3 iters
item 2 random   trial 26 low            6.5s  DNp09 122.50 MDN 118.75 DNp01 131.67 pC1 52.93 pIP10 125.83 HS R/L 1.67/0.00
item 2 random   trial 26 high           6.6s  DNp09 129.17 MDN 125.00 DNp01 137.50 pC1 55.85 pIP10 132.50 HS R/L 2.22/0.00
  jitter trial 26 j=2: wscale 0.2648 probe 16.847 (target 13.609) in 3 iters
item 2 random   trial 26 low            6.5s  DNp09 135.00 MDN 128.75 DNp01 138.33 pC1 59.90 pIP10 133.33 HS R/L 8.89/0.00
item 2 random   trial 26 high           6.4s  DNp09 135.83 MDN 130.42 DNp01 140.00 pC1 60.69 pIP10 135.00 HS R/L 8.89/0.00
  jitter trial 26 j=2.83: wscale 0.2042 probe 11.156 (target 13.609) in 5 iters
item 2 random   trial 26 low            6.5s  DNp09 115.00 MDN 84.58 DNp01 132.50 pC1 32.82 pIP10 120.83 HS R/L 0.00/0.00
item 2 random   trial 26 high           6.5s  DNp09 116.67 MDN 86.25 DNp01 134.17 pC1 33.32 pIP10 121.67 HS R/L 0.00/0.00
  jitter trial 26 j=4: wscale 0.2042 probe 12.409 (target 13.609) in 5 iters
item 2 random   trial 26 low            6.5s  DNp09 120.83 MDN 84.17 DNp01 135.83 pC1 39.83 pIP10 117.50 HS R/L 0.00/2.22
item 2 random   trial 26 high           6.4s  DNp09 121.67 MDN 84.58 DNp01 137.50 pC1 39.97 pIP10 117.50 HS R/L 0.00/2.22
  jitter trial 27 j=1: wscale 1.4316 probe 13.578 (target 13.609) in 4 iters
item 2 random   trial 27 low            6.4s  DNp09 143.33 MDN 143.33 DNp01 142.50 pC1 24.43 pIP10 143.33 HS R/L 0.00/0.00
item 2 random   trial 27 high           6.4s  DNp09 148.33 MDN 148.75 DNp01 147.50 pC1 25.65 pIP10 148.33 HS R/L 0.00/0.00
  jitter trial 27 j=1.41: wscale 1.4316 probe 13.818 (target 13.609) in 4 iters
item 2 random   trial 27 low            6.4s  DNp09 145.00 MDN 144.58 DNp01 143.33 pC1 26.05 pIP10 144.17 HS R/L 0.00/0.00
item 2 random   trial 27 high           6.4s  DNp09 149.17 MDN 148.75 DNp01 148.33 pC1 27.03 pIP10 148.33 HS R/L 0.00/0.00
  jitter trial 27 j=2: wscale 1.4316 probe 14.334 (target 13.609) in 4 iters
item 2 random   trial 27 low            6.4s  DNp09 147.50 MDN 144.58 DNp01 145.83 pC1 28.87 pIP10 145.83 HS R/L 0.56/0.00
item 2 random   trial 27 high           6.4s  DNp09 150.83 MDN 149.58 DNp01 149.17 pC1 29.55 pIP10 149.17 HS R/L 0.56/0.00
  jitter trial 27 j=2.83: wscale 1.4316 probe 15.340 (target 13.609) in 4 iters
item 2 random   trial 27 low            6.4s  DNp09 146.67 MDN 145.00 DNp01 145.83 pC1 35.12 pIP10 145.00 HS R/L 3.33/0.00
item 2 random   trial 27 high           6.3s  DNp09 153.33 MDN 150.42 DNp01 151.67 pC1 36.20 pIP10 150.00 HS R/L 3.33/0.00
  jitter trial 27 j=4: wscale 1.4316 probe 16.786 (target 13.609) in 4 iters
item 2 random   trial 27 low            6.4s  DNp09 149.17 MDN 143.33 DNp01 150.00 pC1 44.76 pIP10 145.00 HS R/L 5.56/0.00
item 2 random   trial 27 high           6.3s  DNp09 154.17 MDN 146.67 DNp01 155.00 pC1 46.21 pIP10 148.33 HS R/L 5.56/0.00
  jitter trial 28 j=1: wscale 0.2643 probe 15.248 (target 13.609) in 7 iters
item 2 random   trial 28 low            6.4s  DNp09 145.00 MDN 82.92 DNp01 168.33 pC1 40.94 pIP10 114.17 HS R/L 3.89/1.11
item 2 random   trial 28 high           6.4s  DNp09 156.67 MDN 91.25 DNp01 184.17 pC1 47.01 pIP10 127.50 HS R/L 4.44/1.67
  jitter trial 28 j=1.41: wscale 0.2476 probe 13.472 (target 13.609) in 3 iters
item 2 random   trial 28 low            6.5s  DNp09 80.83 MDN 27.50 DNp01 122.50 pC1 13.76 pIP10 50.00 HS R/L 2.22/0.00
item 2 random   trial 28 high           7.3s  DNp09 104.17 MDN 40.00 DNp01 148.33 pC1 21.35 pIP10 74.17 HS R/L 3.33/0.00
  jitter trial 28 j=2: wscale 0.2320 probe 14.528 (target 13.609) in 7 iters
item 2 random   trial 28 low            7.1s  DNp09 3.33 MDN 0.42 DNp01 50.83 pC1 0.28 pIP10 0.00 HS R/L 0.00/0.00
item 2 random   trial 28 high           6.4s  DNp09 107.50 MDN 32.92 DNp01 176.67 pC1 22.38 pIP10 75.00 HS R/L 6.11/0.00
  jitter trial 28 j=2.83: wscale 0.2174 probe 16.018 (target 13.609) in 6 iters
item 2 random   trial 28 low            7.4s  DNp09 0.00 MDN 0.00 DNp01 3.33 pC1 0.00 pIP10 0.00 HS R/L 0.00/0.00
item 2 random   trial 28 high           6.8s  DNp09 57.50 MDN 13.33 DNp01 187.50 pC1 9.78 pIP10 27.50 HS R/L 11.67/0.00
  jitter trial 28 j=4: wscale 0.1909 probe 14.198 (target 13.609) in 5 iters
item 2 random   trial 28 low            6.6s  DNp09 25.00 MDN 14.58 DNp01 73.33 pC1 4.33 pIP10 11.67 HS R/L 12.22/0.00
item 2 random   trial 28 high           7.0s  DNp09 122.50 MDN 31.67 DNp01 237.50 pC1 27.39 pIP10 80.00 HS R/L 34.44/0.56
  jitter trial 29 j=1: wscale 0.1110 probe 10.357 (target 13.609) in 6 iters
item 2 random   trial 29 low            6.4s  DNp09 60.83 MDN 56.25 DNp01 42.50 pC1 11.24 pIP10 58.33 HS R/L 0.00/0.00
item 2 random   trial 29 high           6.5s  DNp09 72.50 MDN 66.67 DNp01 51.67 pC1 15.73 pIP10 70.00 HS R/L 0.00/0.00
  jitter trial 29 j=1.41: wscale 0.1110 probe 12.890 (target 13.609) in 6 iters
item 2 random   trial 29 low            8.3s  DNp09 68.33 MDN 57.50 DNp01 45.83 pC1 13.57 pIP10 70.83 HS R/L 0.00/0.00
item 2 random   trial 29 high           7.5s  DNp09 70.83 MDN 60.42 DNp01 47.50 pC1 14.73 pIP10 73.33 HS R/L 0.00/0.00
  jitter trial 29 j=2: wscale 0.1110 probe 13.856 (target 13.609) in 6 iters
item 2 random   trial 29 low            6.7s  DNp09 80.00 MDN 64.58 DNp01 52.50 pC1 19.75 pIP10 87.50 HS R/L 0.00/0.00
item 2 random   trial 29 high           6.7s  DNp09 80.83 MDN 65.83 DNp01 53.33 pC1 20.29 pIP10 89.17 HS R/L 0.00/0.00
  jitter trial 29 j=2.83: wscale 0.1110 probe 15.446 (target 13.609) in 6 iters
item 2 random   trial 29 low            6.7s  DNp09 101.67 MDN 70.00 DNp01 65.83 pC1 31.13 pIP10 108.33 HS R/L 0.00/0.00
item 2 random   trial 29 high           6.3s  DNp09 105.00 MDN 72.08 DNp01 67.50 pC1 32.22 pIP10 110.83 HS R/L 0.00/0.00
  jitter trial 29 j=4: wscale 0.0974 probe 13.284 (target 13.609) in 3 iters
item 2 random   trial 29 low            6.2s  DNp09 100.00 MDN 59.58 DNp01 61.67 pC1 24.01 pIP10 104.17 HS R/L 0.00/0.00
item 2 random   trial 29 high           6.3s  DNp09 103.33 MDN 61.67 DNp01 63.33 pC1 25.46 pIP10 107.50 HS R/L 0.00/0.00
item 3 real     trial 0 co2            6.6s  DNp09 0.00 MDN 6.67 DNp01 0.00 pC1 4.58 pIP10 15.00 HS R/L 0.00/0.00
item 3 real     trial 0 none           6.2s  DNp09 0.00 MDN 0.00 DNp01 0.00 pC1 0.00 pIP10 0.00 HS R/L 0.00/0.00
item 3 real     trial 1 co2            6.3s  DNp09 0.00 MDN 5.83 DNp01 0.00 pC1 7.62 pIP10 3.33 HS R/L 0.00/0.00
item 3 real     trial 1 none           6.2s  DNp09 0.00 MDN 0.00 DNp01 0.00 pC1 0.00 pIP10 0.00 HS R/L 0.00/0.00
item 3 real     trial 2 co2            6.4s  DNp09 0.00 MDN 6.25 DNp01 0.00 pC1 4.80 pIP10 28.33 HS R/L 0.00/0.00
item 3 real     trial 2 none           6.3s  DNp09 0.00 MDN 0.00 DNp01 0.00 pC1 0.00 pIP10 0.00 HS R/L 0.00/0.00
item 3 real     trial 3 co2            6.3s  DNp09 0.00 MDN 6.67 DNp01 0.00 pC1 6.08 pIP10 14.17 HS R/L 0.00/0.00
item 3 real     trial 3 none           6.1s  DNp09 0.00 MDN 0.00 DNp01 0.00 pC1 0.00 pIP10 0.00 HS R/L 0.00/0.00
item 3 real     trial 4 co2            6.4s  DNp09 0.00 MDN 6.67 DNp01 0.00 pC1 2.67 pIP10 10.00 HS R/L 0.00/0.00
item 3 real     trial 4 none           6.3s  DNp09 0.00 MDN 0.00 DNp01 0.00 pC1 0.00 pIP10 0.00 HS R/L 0.00/0.00
item 3 real     trial 5 co2            6.4s  DNp09 0.00 MDN 5.83 DNp01 0.00 pC1 5.38 pIP10 12.50 HS R/L 0.00/0.00
item 3 real     trial 5 none           6.2s  DNp09 0.00 MDN 0.00 DNp01 0.00 pC1 0.00 pIP10 0.00 HS R/L 0.00/0.00
item 3 real     trial 6 co2            6.4s  DNp09 0.00 MDN 6.67 DNp01 0.00 pC1 4.44 pIP10 26.67 HS R/L 0.00/0.00
item 3 real     trial 6 none           6.2s  DNp09 0.00 MDN 0.00 DNp01 0.00 pC1 0.00 pIP10 0.00 HS R/L 0.00/0.00
item 3 real     trial 7 co2            6.3s  DNp09 0.00 MDN 4.58 DNp01 0.00 pC1 9.62 pIP10 2.50 HS R/L 0.00/0.00
item 3 real     trial 7 none           6.2s  DNp09 0.00 MDN 0.00 DNp01 0.00 pC1 0.00 pIP10 0.00 HS R/L 0.00/0.00
item 3 real     trial 8 co2            6.4s  DNp09 0.00 MDN 6.67 DNp01 0.00 pC1 2.69 pIP10 30.00 HS R/L 0.00/0.00
item 3 real     trial 8 none           6.2s  DNp09 0.00 MDN 0.00 DNp01 0.00 pC1 0.00 pIP10 0.00 HS R/L 0.00/0.00
item 3 real     trial 9 co2            6.3s  DNp09 0.00 MDN 6.67 DNp01 0.00 pC1 3.08 pIP10 22.50 HS R/L 0.00/0.00
item 3 real     trial 9 none           6.2s  DNp09 0.00 MDN 0.00 DNp01 0.00 pC1 0.00 pIP10 0.00 HS R/L 0.00/0.00
item 3 real     trial 10 co2            6.3s  DNp09 0.00 MDN 6.67 DNp01 0.00 pC1 2.10 pIP10 5.83 HS R/L 0.00/0.00
item 3 real     trial 10 none           6.2s  DNp09 0.00 MDN 0.00 DNp01 0.00 pC1 0.00 pIP10 0.00 HS R/L 0.00/0.00
item 3 real     trial 11 co2            6.4s  DNp09 0.00 MDN 6.25 DNp01 0.00 pC1 4.19 pIP10 18.33 HS R/L 0.00/0.00
item 3 real     trial 11 none           6.3s  DNp09 0.00 MDN 0.00 DNp01 0.00 pC1 0.00 pIP10 0.00 HS R/L 0.00/0.00
item 3 real     trial 12 co2            6.3s  DNp09 0.00 MDN 5.00 DNp01 0.00 pC1 2.83 pIP10 14.17 HS R/L 0.00/0.00
item 3 real     trial 12 none           6.2s  DNp09 0.00 MDN 0.00 DNp01 0.00 pC1 0.00 pIP10 0.00 HS R/L 0.00/0.00
item 3 real     trial 13 co2            6.3s  DNp09 0.00 MDN 6.67 DNp01 0.00 pC1 2.68 pIP10 12.50 HS R/L 0.00/0.00
item 3 real     trial 13 none           6.3s  DNp09 0.00 MDN 0.00 DNp01 0.00 pC1 0.00 pIP10 0.00 HS R/L 0.00/0.00
item 3 real     trial 14 co2            6.3s  DNp09 0.00 MDN 5.00 DNp01 0.00 pC1 4.68 pIP10 25.00 HS R/L 0.00/0.00
item 3 real     trial 14 none           6.2s  DNp09 0.00 MDN 0.00 DNp01 0.00 pC1 0.00 pIP10 0.00 HS R/L 0.00/0.00
item 3 real     trial 15 co2            6.3s  DNp09 0.00 MDN 6.67 DNp01 0.00 pC1 5.43 pIP10 15.00 HS R/L 0.00/0.00
item 3 real     trial 15 none           6.2s  DNp09 0.00 MDN 0.00 DNp01 0.00 pC1 0.00 pIP10 0.00 HS R/L 0.00/0.00
item 3 real     trial 16 co2            6.4s  DNp09 0.00 MDN 6.67 DNp01 0.00 pC1 7.17 pIP10 3.33 HS R/L 0.00/0.00
item 3 real     trial 16 none           6.2s  DNp09 0.00 MDN 0.00 DNp01 0.00 pC1 0.00 pIP10 0.00 HS R/L 0.00/0.00
item 3 real     trial 17 co2            6.4s  DNp09 0.00 MDN 6.25 DNp01 0.00 pC1 9.78 pIP10 2.50 HS R/L 0.00/0.00
item 3 real     trial 17 none           6.2s  DNp09 0.00 MDN 0.00 DNp01 0.00 pC1 0.00 pIP10 0.00 HS R/L 0.00/0.00
item 3 real     trial 18 co2            6.3s  DNp09 0.00 MDN 6.25 DNp01 0.00 pC1 1.40 pIP10 25.83 HS R/L 0.00/0.00
item 3 real     trial 18 none           6.2s  DNp09 0.00 MDN 0.00 DNp01 0.00 pC1 0.00 pIP10 0.00 HS R/L 0.00/0.00
item 3 real     trial 19 co2            6.3s  DNp09 0.00 MDN 6.67 DNp01 0.00 pC1 4.31 pIP10 18.33 HS R/L 0.00/0.00
item 3 real     trial 19 none           6.2s  DNp09 0.00 MDN 0.00 DNp01 0.00 pC1 0.00 pIP10 0.00 HS R/L 0.00/0.00
item 3 real     trial 20 co2            6.4s  DNp09 0.00 MDN 6.67 DNp01 0.00 pC1 3.74 pIP10 17.50 HS R/L 0.00/0.00
item 3 real     trial 20 none           6.3s  DNp09 0.00 MDN 0.00 DNp01 0.00 pC1 0.00 pIP10 0.00 HS R/L 0.00/0.00
item 3 real     trial 21 co2            6.4s  DNp09 0.00 MDN 6.67 DNp01 0.00 pC1 4.05 pIP10 19.17 HS R/L 0.00/0.00
item 3 real     trial 21 none           6.2s  DNp09 0.00 MDN 0.00 DNp01 0.00 pC1 0.00 pIP10 0.00 HS R/L 0.00/0.00
item 3 real     trial 22 co2            6.4s  DNp09 0.00 MDN 5.42 DNp01 0.00 pC1 9.22 pIP10 3.33 HS R/L 0.00/0.00
item 3 real     trial 22 none           6.2s  DNp09 0.00 MDN 0.00 DNp01 0.00 pC1 0.00 pIP10 0.00 HS R/L 0.00/0.00
item 3 real     trial 23 co2            6.3s  DNp09 0.00 MDN 6.67 DNp01 0.00 pC1 5.29 pIP10 18.33 HS R/L 0.00/0.00
item 3 real     trial 23 none           6.2s  DNp09 0.00 MDN 0.00 DNp01 0.00 pC1 0.00 pIP10 0.00 HS R/L 0.00/0.00
item 3 real     trial 24 co2            6.4s  DNp09 0.00 MDN 5.00 DNp01 0.00 pC1 4.21 pIP10 15.83 HS R/L 0.00/0.00
item 3 real     trial 24 none           6.3s  DNp09 0.00 MDN 0.00 DNp01 0.00 pC1 0.00 pIP10 0.00 HS R/L 0.00/0.00
item 3 real     trial 25 co2            6.3s  DNp09 0.00 MDN 5.83 DNp01 0.00 pC1 5.88 pIP10 11.67 HS R/L 0.00/0.00
item 3 real     trial 25 none           6.2s  DNp09 0.00 MDN 0.00 DNp01 0.00 pC1 0.00 pIP10 0.00 HS R/L 0.00/0.00
item 3 real     trial 26 co2            6.7s  DNp09 0.00 MDN 4.17 DNp01 0.00 pC1 2.24 pIP10 15.83 HS R/L 0.00/0.00
item 3 real     trial 26 none           6.2s  DNp09 0.00 MDN 0.00 DNp01 0.00 pC1 0.00 pIP10 0.00 HS R/L 0.00/0.00
item 3 real     trial 27 co2            6.4s  DNp09 0.00 MDN 5.83 DNp01 0.00 pC1 4.06 pIP10 14.17 HS R/L 0.00/0.00
item 3 real     trial 27 none           6.2s  DNp09 0.00 MDN 0.00 DNp01 0.00 pC1 0.00 pIP10 0.00 HS R/L 0.00/0.00
item 3 real     trial 28 co2            6.4s  DNp09 0.00 MDN 6.67 DNp01 0.00 pC1 2.30 pIP10 30.83 HS R/L 0.00/0.00
item 3 real     trial 28 none           6.3s  DNp09 0.00 MDN 0.00 DNp01 0.00 pC1 0.00 pIP10 0.00 HS R/L 0.00/0.00
item 3 real     trial 29 co2            6.3s  DNp09 0.00 MDN 6.25 DNp01 0.00 pC1 2.38 pIP10 15.83 HS R/L 0.00/0.00
item 3 real     trial 29 none           6.1s  DNp09 0.00 MDN 0.00 DNp01 0.00 pC1 0.00 pIP10 0.00 HS R/L 0.00/0.00
item 3 shuffled trial 0 co2            6.3s  DNp09 0.00 MDN 0.00 DNp01 0.00 pC1 0.02 pIP10 0.00 HS R/L 0.00/0.00
item 3 shuffled trial 0 none           6.2s  DNp09 0.00 MDN 0.00 DNp01 0.00 pC1 0.00 pIP10 0.00 HS R/L 0.00/0.00
item 3 shuffled trial 1 co2            6.3s  DNp09 0.00 MDN 0.00 DNp01 0.00 pC1 0.06 pIP10 0.00 HS R/L 0.00/0.00
item 3 shuffled trial 1 none           6.2s  DNp09 0.00 MDN 0.00 DNp01 0.00 pC1 0.00 pIP10 0.00 HS R/L 0.00/0.00
item 3 shuffled trial 2 co2            6.3s  DNp09 0.00 MDN 0.00 DNp01 0.83 pC1 0.06 pIP10 0.00 HS R/L 0.00/0.00
item 3 shuffled trial 2 none           6.2s  DNp09 0.00 MDN 0.00 DNp01 0.00 pC1 0.00 pIP10 0.00 HS R/L 0.00/0.00
item 3 shuffled trial 3 co2            6.2s  DNp09 118.33 MDN 113.75 DNp01 70.83 pC1 84.53 pIP10 136.67 HS R/L 110.00/143.33
item 3 shuffled trial 3 none           6.1s  DNp09 0.00 MDN 0.00 DNp01 0.00 pC1 0.00 pIP10 0.00 HS R/L 0.00/0.00
item 3 shuffled trial 4 co2            6.4s  DNp09 0.00 MDN 0.00 DNp01 0.00 pC1 0.14 pIP10 0.00 HS R/L 1.11/0.00
item 3 shuffled trial 4 none           6.2s  DNp09 0.00 MDN 0.00 DNp01 0.00 pC1 0.00 pIP10 0.00 HS R/L 0.00/0.00
item 3 shuffled trial 5 co2            6.3s  DNp09 0.00 MDN 0.00 DNp01 0.00 pC1 0.01 pIP10 0.00 HS R/L 0.00/0.00
item 3 shuffled trial 5 none           6.2s  DNp09 0.00 MDN 0.00 DNp01 0.00 pC1 0.00 pIP10 0.00 HS R/L 0.00/0.00
item 3 shuffled trial 6 co2            6.3s  DNp09 0.00 MDN 0.00 DNp01 0.00 pC1 0.00 pIP10 0.00 HS R/L 0.00/0.00
item 3 shuffled trial 6 none           6.2s  DNp09 0.00 MDN 0.00 DNp01 0.00 pC1 0.00 pIP10 0.00 HS R/L 0.00/0.00
item 3 shuffled trial 7 co2            6.3s  DNp09 0.00 MDN 0.00 DNp01 0.00 pC1 0.00 pIP10 0.00 HS R/L 0.00/0.00
item 3 shuffled trial 7 none           6.2s  DNp09 0.00 MDN 0.00 DNp01 0.00 pC1 0.00 pIP10 0.00 HS R/L 0.00/0.00
item 3 shuffled trial 8 co2            6.2s  DNp09 0.00 MDN 0.00 DNp01 0.00 pC1 0.04 pIP10 0.00 HS R/L 0.00/0.00
item 3 shuffled trial 8 none           6.1s  DNp09 0.00 MDN 0.00 DNp01 0.00 pC1 0.00 pIP10 0.00 HS R/L 0.00/0.00
item 3 shuffled trial 9 co2            6.3s  DNp09 0.00 MDN 0.00 DNp01 0.00 pC1 0.04 pIP10 0.00 HS R/L 0.56/12.22
item 3 shuffled trial 9 none           6.2s  DNp09 0.00 MDN 0.00 DNp01 0.00 pC1 0.00 pIP10 0.00 HS R/L 0.00/0.00
item 3 shuffled trial 10 co2            6.3s  DNp09 0.00 MDN 0.00 DNp01 0.00 pC1 0.00 pIP10 0.00 HS R/L 0.00/0.00
item 3 shuffled trial 10 none           6.2s  DNp09 0.00 MDN 0.00 DNp01 0.00 pC1 0.00 pIP10 0.00 HS R/L 0.00/0.00
item 3 shuffled trial 11 co2            6.3s  DNp09 0.00 MDN 0.00 DNp01 0.00 pC1 0.15 pIP10 0.00 HS R/L 0.00/0.00
item 3 shuffled trial 11 none           6.2s  DNp09 0.00 MDN 0.00 DNp01 0.00 pC1 0.00 pIP10 0.00 HS R/L 0.00/0.00
item 3 shuffled trial 12 co2            6.3s  DNp09 0.00 MDN 0.00 DNp01 0.00 pC1 0.00 pIP10 0.00 HS R/L 0.00/0.00
item 3 shuffled trial 12 none           6.2s  DNp09 0.00 MDN 0.00 DNp01 0.00 pC1 0.00 pIP10 0.00 HS R/L 0.00/0.00
item 3 shuffled trial 13 co2            6.3s  DNp09 0.00 MDN 0.83 DNp01 0.00 pC1 0.07 pIP10 0.83 HS R/L 3.33/0.00
item 3 shuffled trial 13 none           6.2s  DNp09 0.00 MDN 0.00 DNp01 0.00 pC1 0.00 pIP10 0.00 HS R/L 0.00/0.00
item 3 shuffled trial 14 co2            6.4s  DNp09 0.00 MDN 0.00 DNp01 0.83 pC1 0.10 pIP10 0.00 HS R/L 0.56/0.00
item 3 shuffled trial 14 none           6.3s  DNp09 0.00 MDN 0.00 DNp01 0.00 pC1 0.00 pIP10 0.00 HS R/L 0.00/0.00
item 3 shuffled trial 15 co2            6.4s  DNp09 0.00 MDN 0.00 DNp01 0.00 pC1 0.06 pIP10 0.00 HS R/L 0.00/0.00
item 3 shuffled trial 15 none           6.3s  DNp09 0.00 MDN 0.00 DNp01 0.00 pC1 0.00 pIP10 0.00 HS R/L 0.00/0.00
item 3 shuffled trial 16 co2            6.4s  DNp09 95.00 MDN 75.00 DNp01 71.67 pC1 58.27 pIP10 98.33 HS R/L 100.56/75.00
item 3 shuffled trial 16 none           6.2s  DNp09 0.00 MDN 0.00 DNp01 0.00 pC1 0.00 pIP10 0.00 HS R/L 0.00/0.00
item 3 shuffled trial 17 co2            6.3s  DNp09 1.67 MDN 0.42 DNp01 0.00 pC1 0.22 pIP10 0.83 HS R/L 7.78/0.00
item 3 shuffled trial 17 none           6.2s  DNp09 0.00 MDN 0.00 DNp01 0.00 pC1 0.00 pIP10 0.00 HS R/L 0.00/0.00
item 3 shuffled trial 18 co2            6.3s  DNp09 0.00 MDN 3.33 DNp01 0.00 pC1 0.44 pIP10 0.00 HS R/L 0.56/5.00
item 3 shuffled trial 18 none           6.2s  DNp09 0.00 MDN 0.00 DNp01 0.00 pC1 0.00 pIP10 0.00 HS R/L 0.00/0.00
item 3 shuffled trial 19 co2            6.3s  DNp09 0.00 MDN 0.00 DNp01 0.00 pC1 0.00 pIP10 0.00 HS R/L 0.00/0.00
item 3 shuffled trial 19 none           6.2s  DNp09 0.00 MDN 0.00 DNp01 0.00 pC1 0.00 pIP10 0.00 HS R/L 0.00/0.00
item 3 shuffled trial 20 co2            6.3s  DNp09 0.00 MDN 0.00 DNp01 0.00 pC1 0.01 pIP10 0.00 HS R/L 1.67/0.00
item 3 shuffled trial 20 none           6.2s  DNp09 0.00 MDN 0.00 DNp01 0.00 pC1 0.00 pIP10 0.00 HS R/L 0.00/0.00
item 3 shuffled trial 21 co2            6.3s  DNp09 0.00 MDN 0.00 DNp01 0.00 pC1 0.09 pIP10 0.00 HS R/L 0.00/0.00
item 3 shuffled trial 21 none           6.2s  DNp09 0.00 MDN 0.00 DNp01 0.00 pC1 0.00 pIP10 0.00 HS R/L 0.00/0.00
item 3 shuffled trial 22 co2            6.4s  DNp09 0.00 MDN 0.00 DNp01 0.00 pC1 0.13 pIP10 0.00 HS R/L 0.00/0.00
item 3 shuffled trial 22 none           6.3s  DNp09 0.00 MDN 0.00 DNp01 0.00 pC1 0.00 pIP10 0.00 HS R/L 0.00/0.00
item 3 shuffled trial 23 co2            6.3s  DNp09 0.00 MDN 0.00 DNp01 0.00 pC1 0.09 pIP10 0.00 HS R/L 0.00/3.89
item 3 shuffled trial 23 none           6.1s  DNp09 0.00 MDN 0.00 DNp01 0.00 pC1 0.00 pIP10 0.00 HS R/L 0.00/0.00
item 3 shuffled trial 24 co2            6.4s  DNp09 165.00 MDN 79.58 DNp01 0.00 pC1 90.52 pIP10 46.67 HS R/L 132.78/115.56
item 3 shuffled trial 24 none           6.3s  DNp09 0.00 MDN 0.00 DNp01 0.00 pC1 0.00 pIP10 0.00 HS R/L 0.00/0.00
item 3 shuffled trial 25 co2            6.3s  DNp09 0.00 MDN 0.00 DNp01 0.00 pC1 0.15 pIP10 0.00 HS R/L 0.00/0.00
item 3 shuffled trial 25 none           6.2s  DNp09 0.00 MDN 0.00 DNp01 0.00 pC1 0.00 pIP10 0.00 HS R/L 0.00/0.00
item 3 shuffled trial 26 co2            6.3s  DNp09 0.00 MDN 0.00 DNp01 0.00 pC1 0.00 pIP10 0.00 HS R/L 0.00/0.00
item 3 shuffled trial 26 none           6.2s  DNp09 0.00 MDN 0.00 DNp01 0.00 pC1 0.00 pIP10 0.00 HS R/L 0.00/0.00
item 3 shuffled trial 27 co2            6.3s  DNp09 0.00 MDN 7.92 DNp01 0.00 pC1 1.59 pIP10 4.17 HS R/L 3.89/6.11
item 3 shuffled trial 27 none           6.2s  DNp09 0.00 MDN 0.00 DNp01 0.00 pC1 0.00 pIP10 0.00 HS R/L 0.00/0.00
item 3 shuffled trial 28 co2            6.3s  DNp09 0.00 MDN 0.00 DNp01 0.00 pC1 0.00 pIP10 0.00 HS R/L 0.00/5.56
item 3 shuffled trial 28 none           6.1s  DNp09 0.00 MDN 0.00 DNp01 0.00 pC1 0.00 pIP10 0.00 HS R/L 0.00/0.00
item 3 shuffled trial 29 co2            6.3s  DNp09 0.00 MDN 0.00 DNp01 0.00 pC1 0.01 pIP10 0.00 HS R/L 0.00/1.11
item 3 shuffled trial 29 none           6.2s  DNp09 0.00 MDN 0.00 DNp01 0.00 pC1 0.00 pIP10 0.00 HS R/L 0.00/0.00
  jitter trial 0 j=1: wscale 0.1733 probe 12.782 (target 13.609) in 6 iters
item 3 random   trial 0 co2            6.4s  DNp09 43.33 MDN 37.08 DNp01 69.17 pC1 10.18 pIP10 78.33 HS R/L 68.33/0.00
item 3 random   trial 0 none           6.3s  DNp09 0.00 MDN 0.00 DNp01 0.00 pC1 0.00 pIP10 0.00 HS R/L 0.00/0.00
  jitter trial 0 j=1.41: wscale 0.1733 probe 13.055 (target 13.609) in 6 iters
item 3 random   trial 0 co2            6.4s  DNp09 0.00 MDN 0.00 DNp01 0.00 pC1 0.00 pIP10 0.00 HS R/L 0.00/0.00
item 3 random   trial 0 none           6.3s  DNp09 0.00 MDN 0.00 DNp01 0.00 pC1 0.00 pIP10 0.00 HS R/L 0.00/0.00
  jitter trial 0 j=2: wscale 0.1733 probe 14.247 (target 13.609) in 6 iters
item 3 random   trial 0 co2            6.4s  DNp09 30.00 MDN 40.42 DNp01 36.67 pC1 7.64 pIP10 49.17 HS R/L 44.44/0.00
item 3 random   trial 0 none           6.3s  DNp09 0.00 MDN 0.00 DNp01 0.00 pC1 0.00 pIP10 0.00 HS R/L 0.00/0.00
  jitter trial 0 j=2.83: wscale 0.1521 probe 11.825 (target 13.609) in 4 iters
item 3 random   trial 0 co2            6.4s  DNp09 11.67 MDN 37.08 DNp01 19.17 pC1 4.42 pIP10 25.00 HS R/L 31.11/0.00
item 3 random   trial 0 none           6.3s  DNp09 0.00 MDN 0.00 DNp01 0.00 pC1 0.00 pIP10 0.00 HS R/L 0.00/0.00
  jitter trial 0 j=4: wscale 0.1521 probe 14.339 (target 13.609) in 4 iters
item 3 random   trial 0 co2            6.4s  DNp09 34.17 MDN 64.58 DNp01 39.17 pC1 13.54 pIP10 47.50 HS R/L 57.78/0.00
item 3 random   trial 0 none           6.3s  DNp09 0.00 MDN 0.00 DNp01 0.00 pC1 0.00 pIP10 0.00 HS R/L 0.00/0.00
  jitter trial 1 j=1: wscale 0.0744 probe 14.346 (target 13.609) in 5 iters
item 3 random   trial 1 co2            6.4s  DNp09 99.17 MDN 79.58 DNp01 102.50 pC1 12.33 pIP10 77.50 HS R/L 105.00/0.00
item 3 random   trial 1 none           6.3s  DNp09 0.00 MDN 0.00 DNp01 0.00 pC1 0.00 pIP10 0.00 HS R/L 0.00/0.00
  jitter trial 1 j=1.41: wscale 0.0744 probe 14.745 (target 13.609) in 5 iters
item 3 random   trial 1 co2            6.4s  DNp09 115.00 MDN 98.75 DNp01 115.00 pC1 16.47 pIP10 94.17 HS R/L 117.78/0.00
item 3 random   trial 1 none           6.3s  DNp09 0.00 MDN 0.00 DNp01 0.00 pC1 0.00 pIP10 0.00 HS R/L 0.00/0.00
  jitter trial 1 j=2: wscale 0.0744 probe 15.803 (target 13.609) in 5 iters
item 3 random   trial 1 co2            6.4s  DNp09 130.83 MDN 118.75 DNp01 131.67 pC1 22.28 pIP10 100.83 HS R/L 130.00/0.00
item 3 random   trial 1 none           6.3s  DNp09 0.00 MDN 0.00 DNp01 0.00 pC1 0.00 pIP10 0.00 HS R/L 0.00/0.00
  jitter trial 1 j=2.83: wscale 0.0653 probe 13.155 (target 13.609) in 6 iters
item 3 random   trial 1 co2            6.4s  DNp09 130.83 MDN 107.50 DNp01 127.50 pC1 14.67 pIP10 55.83 HS R/L 128.89/0.00
item 3 random   trial 1 none           6.2s  DNp09 0.00 MDN 0.00 DNp01 0.00 pC1 0.00 pIP10 0.00 HS R/L 0.00/0.00
  jitter trial 1 j=4: wscale 0.0573 probe 11.580 (target 13.609) in 3 iters
item 3 random   trial 1 co2            6.4s  DNp09 118.33 MDN 102.08 DNp01 104.17 pC1 11.28 pIP10 22.50 HS R/L 130.56/0.00
item 3 random   trial 1 none           6.3s  DNp09 0.00 MDN 0.00 DNp01 0.00 pC1 0.00 pIP10 0.00 HS R/L 0.00/0.00
  jitter trial 2 j=1: wscale 2.4640 probe 14.774 (target 13.609) in 5 iters
item 3 random   trial 2 co2            6.4s  DNp09 0.00 MDN 0.00 DNp01 0.00 pC1 0.00 pIP10 0.00 HS R/L 0.00/0.00
item 3 random   trial 2 none           6.3s  DNp09 0.00 MDN 0.00 DNp01 0.00 pC1 0.00 pIP10 0.00 HS R/L 0.00/0.00
  jitter trial 2 j=1.41: wscale 2.4640 probe 14.983 (target 13.609) in 5 iters
item 3 random   trial 2 co2            6.4s  DNp09 0.00 MDN 0.00 DNp01 0.00 pC1 0.00 pIP10 0.00 HS R/L 0.00/0.00
item 3 random   trial 2 none           6.3s  DNp09 0.00 MDN 0.00 DNp01 0.00 pC1 0.00 pIP10 0.00 HS R/L 0.00/0.00
  jitter trial 2 j=2: wscale 2.4640 probe 15.709 (target 13.609) in 5 iters
item 3 random   trial 2 co2            6.4s  DNp09 0.00 MDN 0.00 DNp01 0.00 pC1 0.00 pIP10 0.00 HS R/L 0.00/0.00
item 3 random   trial 2 none           6.3s  DNp09 0.00 MDN 0.00 DNp01 0.00 pC1 0.00 pIP10 0.00 HS R/L 0.00/0.00
  jitter trial 2 j=2.83: wscale 1.9000 probe 10.513 (target 13.609) in 4 iters
item 3 random   trial 2 co2            6.4s  DNp09 0.00 MDN 0.00 DNp01 0.00 pC1 0.00 pIP10 0.00 HS R/L 0.00/0.00
item 3 random   trial 2 none           6.3s  DNp09 0.00 MDN 0.00 DNp01 0.00 pC1 0.00 pIP10 0.00 HS R/L 0.00/0.00
  jitter trial 2 j=4: wscale 1.9000 probe 12.035 (target 13.609) in 4 iters
item 3 random   trial 2 co2            6.4s  DNp09 0.00 MDN 0.00 DNp01 0.00 pC1 0.00 pIP10 0.00 HS R/L 0.00/0.00
item 3 random   trial 2 none           6.3s  DNp09 0.00 MDN 0.00 DNp01 0.00 pC1 0.00 pIP10 0.00 HS R/L 0.00/0.00
  jitter trial 3 j=1: wscale 0.8508 probe 11.613 (target 13.609) in 5 iters
item 3 random   trial 3 co2            6.3s  DNp09 88.33 MDN 70.42 DNp01 101.67 pC1 14.13 pIP10 13.33 HS R/L 99.44/0.00
item 3 random   trial 3 none           6.2s  DNp09 0.00 MDN 0.00 DNp01 0.00 pC1 0.00 pIP10 0.00 HS R/L 0.00/0.00
  jitter trial 3 j=1.41: wscale 0.8508 probe 12.186 (target 13.609) in 5 iters
item 3 random   trial 3 co2            6.3s  DNp09 95.00 MDN 84.58 DNp01 106.67 pC1 19.40 pIP10 29.17 HS R/L 95.00/0.00
item 3 random   trial 3 none           6.2s  DNp09 0.00 MDN 0.00 DNp01 0.00 pC1 0.00 pIP10 0.00 HS R/L 0.00/0.00
  jitter trial 3 j=2: wscale 0.8508 probe 13.621 (target 13.609) in 5 iters
item 3 random   trial 3 co2            6.3s  DNp09 106.67 MDN 96.25 DNp01 119.17 pC1 27.40 pIP10 57.50 HS R/L 97.78/0.00
item 3 random   trial 3 none           6.2s  DNp09 0.00 MDN 0.00 DNp01 0.00 pC1 0.00 pIP10 0.00 HS R/L 0.00/0.00
  jitter trial 3 j=2.83: wscale 0.8508 probe 15.324 (target 13.609) in 5 iters
item 3 random   trial 3 co2            6.3s  DNp09 121.67 MDN 104.17 DNp01 134.17 pC1 37.53 pIP10 90.00 HS R/L 112.22/0.00
item 3 random   trial 3 none           6.2s  DNp09 0.00 MDN 0.00 DNp01 0.00 pC1 0.00 pIP10 0.00 HS R/L 0.00/0.00
  jitter trial 3 j=4: wscale 0.6561 probe 10.339 (target 13.609) in 1 iters
item 3 random   trial 3 co2            6.3s  DNp09 95.00 MDN 72.92 DNp01 117.50 pC1 19.31 pIP10 42.50 HS R/L 80.56/0.00
item 3 random   trial 3 none           6.2s  DNp09 0.00 MDN 0.00 DNp01 0.00 pC1 0.00 pIP10 0.00 HS R/L 0.00/0.00
  jitter trial 4 j=1: wscale 0.4106 probe 11.416 (target 13.609) in 5 iters
item 3 random   trial 4 co2            6.4s  DNp09 0.00 MDN 0.00 DNp01 0.00 pC1 0.00 pIP10 0.00 HS R/L 0.00/0.00
item 3 random   trial 4 none           6.3s  DNp09 0.00 MDN 0.00 DNp01 0.00 pC1 0.00 pIP10 0.00 HS R/L 0.00/0.00
  jitter trial 4 j=1.41: wscale 0.4106 probe 12.230 (target 13.609) in 5 iters
item 3 random   trial 4 co2            6.4s  DNp09 0.00 MDN 0.00 DNp01 0.00 pC1 0.00 pIP10 0.00 HS R/L 0.00/0.00
item 3 random   trial 4 none           6.3s  DNp09 0.00 MDN 0.00 DNp01 0.00 pC1 0.00 pIP10 0.00 HS R/L 0.00/0.00
  jitter trial 4 j=2: wscale 0.4106 probe 13.787 (target 13.609) in 5 iters
item 3 random   trial 4 co2            6.4s  DNp09 0.00 MDN 0.00 DNp01 0.00 pC1 0.00 pIP10 0.00 HS R/L 0.00/0.00
item 3 random   trial 4 none           6.3s  DNp09 0.00 MDN 0.00 DNp01 0.00 pC1 0.00 pIP10 0.00 HS R/L 0.00/0.00
  jitter trial 4 j=2.83: wscale 0.4106 probe 15.636 (target 13.609) in 5 iters
item 3 random   trial 4 co2            6.4s  DNp09 0.00 MDN 0.00 DNp01 0.00 pC1 0.00 pIP10 0.00 HS R/L 0.00/0.00
item 3 random   trial 4 none           6.3s  DNp09 0.00 MDN 0.00 DNp01 0.00 pC1 0.00 pIP10 0.00 HS R/L 0.00/0.00
  jitter trial 4 j=4: wscale 0.3606 probe 13.401 (target 13.609) in 6 iters
item 3 random   trial 4 co2            6.4s  DNp09 0.00 MDN 0.00 DNp01 0.00 pC1 0.00 pIP10 0.00 HS R/L 0.00/0.00
item 3 random   trial 4 none           6.3s  DNp09 0.00 MDN 0.00 DNp01 0.00 pC1 0.00 pIP10 0.00 HS R/L 0.00/0.00
  jitter trial 5 j=1: wscale 0.2919 probe 13.226 (target 13.609) in 1 iters
item 3 random   trial 5 co2            6.4s  DNp09 0.00 MDN 0.00 DNp01 0.00 pC1 0.00 pIP10 0.00 HS R/L 0.00/0.00
item 3 random   trial 5 none           6.3s  DNp09 0.00 MDN 0.00 DNp01 0.00 pC1 0.00 pIP10 0.00 HS R/L 0.00/0.00
  jitter trial 5 j=1.41: wscale 0.2919 probe 13.690 (target 13.609) in 1 iters
item 3 random   trial 5 co2            6.5s  DNp09 0.00 MDN 0.00 DNp01 0.00 pC1 0.00 pIP10 0.00 HS R/L 0.00/0.00
item 3 random   trial 5 none           6.4s  DNp09 0.00 MDN 0.00 DNp01 0.00 pC1 0.00 pIP10 0.00 HS R/L 0.00/0.00
  jitter trial 5 j=2: wscale 0.2919 probe 15.130 (target 13.609) in 1 iters
item 3 random   trial 5 co2            6.5s  DNp09 0.00 MDN 0.00 DNp01 0.00 pC1 0.00 pIP10 0.00 HS R/L 0.00/0.00
item 3 random   trial 5 none           6.4s  DNp09 0.00 MDN 0.00 DNp01 0.00 pC1 0.00 pIP10 0.00 HS R/L 0.00/0.00
  jitter trial 5 j=2.83: wscale 0.2564 probe 12.671 (target 13.609) in 6 iters
item 3 random   trial 5 co2            6.5s  DNp09 0.00 MDN 0.00 DNp01 0.00 pC1 0.00 pIP10 0.00 HS R/L 0.00/0.00
item 3 random   trial 5 none           6.4s  DNp09 0.00 MDN 0.00 DNp01 0.00 pC1 0.00 pIP10 0.00 HS R/L 0.00/0.00
  jitter trial 5 j=4: wscale 0.2251 probe 11.512 (target 13.609) in 5 iters
item 3 random   trial 5 co2            6.5s  DNp09 0.00 MDN 0.00 DNp01 0.00 pC1 0.00 pIP10 0.00 HS R/L 0.00/0.00
item 3 random   trial 5 none           6.3s  DNp09 0.00 MDN 0.00 DNp01 0.00 pC1 0.00 pIP10 0.00 HS R/L 0.00/0.00
  jitter trial 6 j=1: wscale 0.0661 probe 12.436 (target 13.609) in 4 iters
item 3 random   trial 6 co2            6.4s  DNp09 0.00 MDN 0.00 DNp01 0.00 pC1 0.00 pIP10 0.00 HS R/L 0.00/0.00
item 3 random   trial 6 none           6.3s  DNp09 0.00 MDN 0.00 DNp01 0.00 pC1 0.00 pIP10 0.00 HS R/L 0.00/0.00
  jitter trial 6 j=1.41: wscale 0.0661 probe 12.538 (target 13.609) in 4 iters
item 3 random   trial 6 co2            6.4s  DNp09 0.00 MDN 0.00 DNp01 0.00 pC1 0.00 pIP10 0.00 HS R/L 0.00/0.00
item 3 random   trial 6 none           6.3s  DNp09 0.00 MDN 0.00 DNp01 0.00 pC1 0.00 pIP10 0.00 HS R/L 0.00/0.00
  jitter trial 6 j=2: wscale 0.0661 probe 13.147 (target 13.609) in 4 iters
item 3 random   trial 6 co2            6.4s  DNp09 0.00 MDN 0.00 DNp01 0.00 pC1 0.00 pIP10 0.00 HS R/L 0.00/0.00
item 3 random   trial 6 none           6.3s  DNp09 0.00 MDN 0.00 DNp01 0.00 pC1 0.00 pIP10 0.00 HS R/L 0.00/0.00
  jitter trial 6 j=2.83: wscale 0.0661 probe 14.318 (target 13.609) in 4 iters
item 3 random   trial 6 co2            6.4s  DNp09 0.00 MDN 0.00 DNp01 0.00 pC1 0.00 pIP10 0.00 HS R/L 0.00/0.00
item 3 random   trial 6 none           6.3s  DNp09 0.00 MDN 0.00 DNp01 0.00 pC1 0.00 pIP10 0.00 HS R/L 0.00/0.00
  jitter trial 6 j=4: wscale 0.0661 probe 15.788 (target 13.609) in 4 iters
item 3 random   trial 6 co2            6.4s  DNp09 0.00 MDN 0.00 DNp01 0.00 pC1 0.00 pIP10 0.00 HS R/L 0.00/0.00
item 3 random   trial 6 none           6.3s  DNp09 0.00 MDN 0.00 DNp01 0.00 pC1 0.00 pIP10 0.00 HS R/L 0.00/0.00
  jitter trial 7 j=1: wscale 1.1964 probe 16.786 (target 13.609) in 1 iters
item 3 random   trial 7 co2            6.4s  DNp09 0.00 MDN 0.00 DNp01 0.00 pC1 0.00 pIP10 0.00 HS R/L 0.00/0.00
item 3 random   trial 7 none           6.3s  DNp09 0.00 MDN 0.00 DNp01 0.00 pC1 0.00 pIP10 0.00 HS R/L 0.00/0.00
  jitter trial 7 j=1.41: wscale 1.1964 probe 16.434 (target 13.609) in 1 iters
item 3 random   trial 7 co2            6.4s  DNp09 90.83 MDN 115.83 DNp01 120.83 pC1 13.57 pIP10 42.50 HS R/L 101.67/0.00
item 3 random   trial 7 none           6.3s  DNp09 0.00 MDN 0.00 DNp01 0.00 pC1 0.00 pIP10 0.00 HS R/L 0.00/0.00
  jitter trial 7 j=2: wscale 1.1211 probe 14.366 (target 13.609) in 7 iters
item 3 random   trial 7 co2            6.4s  DNp09 48.33 MDN 95.00 DNp01 100.00 pC1 7.99 pIP10 22.50 HS R/L 76.67/0.00
item 3 random   trial 7 none           6.3s  DNp09 0.00 MDN 0.00 DNp01 0.00 pC1 0.00 pIP10 0.00 HS R/L 0.00/0.00
  jitter trial 7 j=2.83: wscale 1.0506 probe 13.735 (target 13.609) in 6 iters
item 3 random   trial 7 co2            6.4s  DNp09 25.83 MDN 97.08 DNp01 100.83 pC1 7.72 pIP10 21.67 HS R/L 78.33/0.00
item 3 random   trial 7 none           6.3s  DNp09 0.00 MDN 0.00 DNp01 0.00 pC1 0.00 pIP10 0.00 HS R/L 0.00/0.00
  jitter trial 7 j=4: wscale 0.9226 probe 10.414 (target 13.609) in 5 iters
item 3 random   trial 7 co2            6.4s  DNp09 7.50 MDN 107.92 DNp01 120.00 pC1 7.62 pIP10 27.50 HS R/L 89.44/0.00
item 3 random   trial 7 none           6.3s  DNp09 0.00 MDN 0.00 DNp01 0.00 pC1 0.00 pIP10 0.00 HS R/L 0.00/0.00
  jitter trial 8 j=1: wscale 0.1541 probe 12.342 (target 13.609) in 6 iters
item 3 random   trial 8 co2            6.5s  DNp09 0.00 MDN 0.00 DNp01 0.00 pC1 0.00 pIP10 0.00 HS R/L 0.00/0.00
item 3 random   trial 8 none           6.4s  DNp09 0.00 MDN 0.00 DNp01 0.00 pC1 0.00 pIP10 0.00 HS R/L 0.00/0.00
  jitter trial 8 j=1.41: wscale 0.1541 probe 12.932 (target 13.609) in 6 iters
item 3 random   trial 8 co2            6.5s  DNp09 0.00 MDN 0.00 DNp01 0.00 pC1 0.00 pIP10 0.00 HS R/L 0.00/0.00
item 3 random   trial 8 none           6.4s  DNp09 0.00 MDN 0.00 DNp01 0.00 pC1 0.00 pIP10 0.00 HS R/L 0.00/0.00
  jitter trial 8 j=2: wscale 0.1541 probe 15.299 (target 13.609) in 6 iters
item 3 random   trial 8 co2            6.5s  DNp09 0.00 MDN 0.00 DNp01 0.00 pC1 0.00 pIP10 0.00 HS R/L 0.00/0.00
item 3 random   trial 8 none           6.4s  DNp09 0.00 MDN 0.00 DNp01 0.00 pC1 0.00 pIP10 0.00 HS R/L 0.00/0.00
  jitter trial 8 j=2.83: wscale 0.1354 probe 11.863 (target 13.609) in 4 iters
item 3 random   trial 8 co2            6.5s  DNp09 0.00 MDN 0.00 DNp01 0.00 pC1 0.00 pIP10 0.00 HS R/L 0.00/0.00
item 3 random   trial 8 none           6.4s  DNp09 0.00 MDN 0.00 DNp01 0.00 pC1 0.00 pIP10 0.00 HS R/L 0.00/0.00
  jitter trial 8 j=4: wscale 0.1354 probe 15.206 (target 13.609) in 4 iters
item 3 random   trial 8 co2            6.5s  DNp09 103.33 MDN 85.42 DNp01 115.83 pC1 32.80 pIP10 105.00 HS R/L 64.44/0.00
item 3 random   trial 8 none           6.4s  DNp09 0.00 MDN 0.00 DNp01 0.00 pC1 0.00 pIP10 0.00 HS R/L 0.00/0.00
  jitter trial 9 j=1: wscale 0.3311 probe 13.344 (target 13.609) in 5 iters
item 3 random   trial 9 co2            6.4s  DNp09 57.50 MDN 93.75 DNp01 101.67 pC1 8.87 pIP10 70.00 HS R/L 0.56/0.00
item 3 random   trial 9 none           6.3s  DNp09 0.00 MDN 0.00 DNp01 0.00 pC1 0.00 pIP10 0.00 HS R/L 0.00/0.00
  jitter trial 9 j=1.41: wscale 0.3311 probe 13.437 (target 13.609) in 5 iters
item 3 random   trial 9 co2            6.4s  DNp09 71.67 MDN 98.33 DNp01 116.67 pC1 13.86 pIP10 81.67 HS R/L 0.56/0.00
item 3 random   trial 9 none           6.3s  DNp09 0.00 MDN 0.00 DNp01 0.00 pC1 0.00 pIP10 0.00 HS R/L 0.00/0.00
  jitter trial 9 j=2: wscale 0.3311 probe 15.484 (target 13.609) in 5 iters
item 3 random   trial 9 co2            6.4s  DNp09 100.83 MDN 111.25 DNp01 142.50 pC1 25.71 pIP10 107.50 HS R/L 19.44/0.00
item 3 random   trial 9 none           6.3s  DNp09 0.00 MDN 0.00 DNp01 0.00 pC1 0.00 pIP10 0.00 HS R/L 0.00/0.00
  jitter trial 9 j=2.83: wscale 0.2907 probe 12.781 (target 13.609) in 6 iters
item 3 random   trial 9 co2            6.4s  DNp09 76.67 MDN 92.08 DNp01 145.00 pC1 20.60 pIP10 92.50 HS R/L 1.67/1.11
item 3 random   trial 9 none           6.3s  DNp09 0.00 MDN 0.00 DNp01 0.00 pC1 0.00 pIP10 0.00 HS R/L 0.00/0.00
  jitter trial 9 j=4: wscale 0.2553 probe 11.239 (target 13.609) in 2 iters
item 3 random   trial 9 co2            6.4s  DNp09 58.33 MDN 77.50 DNp01 135.00 pC1 19.28 pIP10 64.17 HS R/L 0.56/1.67
item 3 random   trial 9 none           6.3s  DNp09 0.00 MDN 0.00 DNp01 0.00 pC1 0.00 pIP10 0.00 HS R/L 0.00/0.00
  jitter trial 10 j=1: wscale 1.5162 probe 10.769 (target 13.609) in 5 iters
item 3 random   trial 10 co2            6.4s  DNp09 85.83 MDN 106.67 DNp01 132.50 pC1 21.32 pIP10 111.67 HS R/L 0.00/121.67
item 3 random   trial 10 none           6.3s  DNp09 0.00 MDN 0.00 DNp01 0.00 pC1 0.00 pIP10 0.00 HS R/L 0.00/0.00
  jitter trial 10 j=1.41: wscale 1.5162 probe 11.204 (target 13.609) in 5 iters
item 3 random   trial 10 co2            6.4s  DNp09 100.00 MDN 107.08 DNp01 145.00 pC1 26.26 pIP10 122.50 HS R/L 0.00/125.00
item 3 random   trial 10 none           6.3s  DNp09 0.00 MDN 0.00 DNp01 0.00 pC1 0.00 pIP10 0.00 HS R/L 0.00/0.00
  jitter trial 10 j=2: wscale 1.5162 probe 12.408 (target 13.609) in 5 iters
item 3 random   trial 10 co2            6.5s  DNp09 118.33 MDN 106.25 DNp01 159.17 pC1 37.28 pIP10 136.67 HS R/L 0.00/138.33
item 3 random   trial 10 none           6.3s  DNp09 0.00 MDN 0.00 DNp01 0.00 pC1 0.00 pIP10 0.00 HS R/L 0.00/0.00
  jitter trial 10 j=2.83: wscale 1.5162 probe 14.084 (target 13.609) in 5 iters
item 3 random   trial 10 co2            6.4s  DNp09 144.17 MDN 108.33 DNp01 167.50 pC1 54.00 pIP10 155.83 HS R/L 0.00/142.22
item 3 random   trial 10 none           6.3s  DNp09 0.00 MDN 0.00 DNp01 0.00 pC1 0.00 pIP10 0.00 HS R/L 0.00/0.00
  jitter trial 10 j=4: wscale 1.5162 probe 15.781 (target 13.609) in 5 iters
item 3 random   trial 10 co2            6.4s  DNp09 155.83 MDN 99.17 DNp01 170.83 pC1 65.59 pIP10 166.67 HS R/L 0.00/123.33
item 3 random   trial 10 none           6.3s  DNp09 0.00 MDN 0.00 DNp01 0.00 pC1 0.00 pIP10 0.00 HS R/L 0.00/0.00
  jitter trial 11 j=1: wscale 0.5023 probe 13.901 (target 13.609) in 5 iters
item 3 random   trial 11 co2            6.4s  DNp09 0.00 MDN 0.00 DNp01 0.00 pC1 0.00 pIP10 0.00 HS R/L 0.00/0.00
item 3 random   trial 11 none           6.4s  DNp09 0.00 MDN 0.00 DNp01 0.00 pC1 0.00 pIP10 0.00 HS R/L 0.00/0.00
  jitter trial 11 j=1.41: wscale 0.5023 probe 13.991 (target 13.609) in 5 iters
item 3 random   trial 11 co2            6.4s  DNp09 0.00 MDN 0.00 DNp01 0.00 pC1 0.00 pIP10 0.00 HS R/L 0.00/0.00
item 3 random   trial 11 none           6.4s  DNp09 0.00 MDN 0.00 DNp01 0.00 pC1 0.00 pIP10 0.00 HS R/L 0.00/0.00
  jitter trial 11 j=2: wscale 0.5023 probe 15.046 (target 13.609) in 5 iters
item 3 random   trial 11 co2            6.4s  DNp09 0.00 MDN 0.00 DNp01 0.00 pC1 0.00 pIP10 0.00 HS R/L 0.00/0.00
item 3 random   trial 11 none           6.4s  DNp09 0.00 MDN 0.00 DNp01 0.00 pC1 0.00 pIP10 0.00 HS R/L 0.00/0.00
  jitter trial 11 j=2.83: wscale 0.5023 probe 16.910 (target 13.609) in 5 iters
item 3 random   trial 11 co2            6.4s  DNp09 0.00 MDN 0.00 DNp01 0.00 pC1 0.00 pIP10 0.00 HS R/L 0.00/0.00
item 3 random   trial 11 none           6.4s  DNp09 0.00 MDN 0.00 DNp01 0.00 pC1 0.00 pIP10 0.00 HS R/L 0.00/0.00
  jitter trial 11 j=4: wscale 0.4411 probe 14.295 (target 13.609) in 6 iters
item 3 random   trial 11 co2            6.5s  DNp09 0.00 MDN 0.00 DNp01 0.00 pC1 0.00 pIP10 0.00 HS R/L 0.00/0.00
item 3 random   trial 11 none           6.4s  DNp09 0.00 MDN 0.00 DNp01 0.00 pC1 0.00 pIP10 0.00 HS R/L 0.00/0.00
  jitter trial 12 j=1: wscale 0.6498 probe 14.181 (target 13.609) in 4 iters
item 3 random   trial 12 co2            6.3s  DNp09 0.00 MDN 0.00 DNp01 0.00 pC1 0.00 pIP10 0.00 HS R/L 0.00/0.00
item 3 random   trial 12 none           6.2s  DNp09 0.00 MDN 0.00 DNp01 0.00 pC1 0.00 pIP10 0.00 HS R/L 0.00/0.00
  jitter trial 12 j=1.41: wscale 0.6498 probe 13.971 (target 13.609) in 4 iters
item 3 random   trial 12 co2            6.4s  DNp09 0.00 MDN 0.00 DNp01 0.00 pC1 0.00 pIP10 0.00 HS R/L 0.00/0.00
item 3 random   trial 12 none           6.3s  DNp09 0.00 MDN 0.00 DNp01 0.00 pC1 0.00 pIP10 0.00 HS R/L 0.00/0.00
  jitter trial 12 j=2: wscale 0.6498 probe 14.822 (target 13.609) in 4 iters
item 3 random   trial 12 co2            6.4s  DNp09 0.00 MDN 0.00 DNp01 0.00 pC1 0.00 pIP10 0.00 HS R/L 0.00/0.00
item 3 random   trial 12 none           6.2s  DNp09 0.00 MDN 0.00 DNp01 0.00 pC1 0.00 pIP10 0.00 HS R/L 0.00/0.00
  jitter trial 12 j=2.83: wscale 0.6498 probe 15.776 (target 13.609) in 4 iters
item 3 random   trial 12 co2            6.4s  DNp09 0.00 MDN 0.00 DNp01 0.00 pC1 0.00 pIP10 0.00 HS R/L 0.00/0.00
item 3 random   trial 12 none           6.3s  DNp09 0.00 MDN 0.00 DNp01 0.00 pC1 0.00 pIP10 0.00 HS R/L 0.00/0.00
  jitter trial 12 j=4: wscale 0.6498 probe 16.908 (target 13.609) in 4 iters
item 3 random   trial 12 co2            6.3s  DNp09 0.00 MDN 0.00 DNp01 0.00 pC1 0.00 pIP10 0.00 HS R/L 0.00/0.00
item 3 random   trial 12 none           6.3s  DNp09 0.00 MDN 0.00 DNp01 0.00 pC1 0.00 pIP10 0.00 HS R/L 0.00/0.00
  jitter trial 13 j=1: wscale 0.4733 probe 12.775 (target 13.609) in 4 iters
item 3 random   trial 13 co2            6.6s  DNp09 0.00 MDN 0.00 DNp01 0.00 pC1 0.00 pIP10 0.00 HS R/L 0.00/0.00
item 3 random   trial 13 none           6.5s  DNp09 0.00 MDN 0.00 DNp01 0.00 pC1 0.00 pIP10 0.00 HS R/L 0.00/0.00
  jitter trial 13 j=1.41: wscale 0.4733 probe 12.728 (target 13.609) in 4 iters
item 3 random   trial 13 co2            6.6s  DNp09 9.17 MDN 30.83 DNp01 4.17 pC1 0.85 pIP10 0.00 HS R/L 0.00/0.00
item 3 random   trial 13 none           6.5s  DNp09 0.00 MDN 0.00 DNp01 0.00 pC1 0.00 pIP10 0.00 HS R/L 0.00/0.00
  jitter trial 13 j=2: wscale 0.4733 probe 14.224 (target 13.609) in 4 iters
item 3 random   trial 13 co2            6.6s  DNp09 77.50 MDN 103.33 DNp01 100.83 pC1 7.95 pIP10 36.67 HS R/L 0.00/0.00
item 3 random   trial 13 none           6.5s  DNp09 0.00 MDN 0.00 DNp01 0.00 pC1 0.00 pIP10 0.00 HS R/L 0.00/0.00
  jitter trial 13 j=2.83: wscale 0.4156 probe 10.367 (target 13.609) in 6 iters
item 3 random   trial 13 co2            6.6s  DNp09 68.33 MDN 80.42 DNp01 82.50 pC1 4.79 pIP10 14.17 HS R/L 0.00/0.00
item 3 random   trial 13 none           6.5s  DNp09 0.00 MDN 0.00 DNp01 0.00 pC1 0.00 pIP10 0.00 HS R/L 0.00/0.00
  jitter trial 13 j=4: wscale 0.4156 probe 14.085 (target 13.609) in 6 iters
item 3 random   trial 13 co2            6.6s  DNp09 113.33 MDN 106.25 DNp01 147.50 pC1 11.63 pIP10 48.33 HS R/L 0.00/0.00
item 3 random   trial 13 none           6.5s  DNp09 0.00 MDN 0.00 DNp01 0.00 pC1 0.00 pIP10 0.00 HS R/L 0.00/0.00
  jitter trial 14 j=1: wscale 0.0763 probe 10.423 (target 13.609) in 6 iters
item 3 random   trial 14 co2            6.5s  DNp09 0.00 MDN 0.00 DNp01 0.00 pC1 0.00 pIP10 0.00 HS R/L 0.00/0.00
item 3 random   trial 14 none           6.3s  DNp09 0.00 MDN 0.00 DNp01 0.00 pC1 0.00 pIP10 0.00 HS R/L 0.00/0.00
  jitter trial 14 j=1.41: wscale 0.0763 probe 10.535 (target 13.609) in 6 iters
item 3 random   trial 14 co2            6.5s  DNp09 98.33 MDN 117.08 DNp01 104.17 pC1 16.58 pIP10 30.00 HS R/L 121.67/0.00
item 3 random   trial 14 none           6.3s  DNp09 0.00 MDN 0.00 DNp01 0.00 pC1 0.00 pIP10 0.00 HS R/L 0.00/0.00
  jitter trial 14 j=2: wscale 0.0763 probe 12.036 (target 13.609) in 6 iters
item 3 random   trial 14 co2            6.5s  DNp09 100.00 MDN 124.58 DNp01 108.33 pC1 25.68 pIP10 69.17 HS R/L 123.33/0.00
item 3 random   trial 14 none           6.3s  DNp09 0.00 MDN 0.00 DNp01 0.00 pC1 0.00 pIP10 0.00 HS R/L 0.00/0.00
  jitter trial 14 j=2.83: wscale 0.0763 probe 13.862 (target 13.609) in 6 iters
item 3 random   trial 14 co2            6.4s  DNp09 125.83 MDN 147.08 DNp01 135.83 pC1 45.90 pIP10 114.17 HS R/L 142.78/0.00
item 3 random   trial 14 none           6.4s  DNp09 0.00 MDN 0.00 DNp01 0.00 pC1 0.00 pIP10 0.00 HS R/L 0.00/0.00
  jitter trial 14 j=4: wscale 0.0670 probe 12.328 (target 13.609) in 3 iters
item 3 random   trial 14 co2            6.5s  DNp09 120.83 MDN 144.58 DNp01 126.67 pC1 33.96 pIP10 118.33 HS R/L 144.44/0.00
item 3 random   trial 14 none           6.4s  DNp09 0.00 MDN 0.00 DNp01 0.00 pC1 0.00 pIP10 0.00 HS R/L 0.00/0.00
  jitter trial 15 j=1: wscale 0.5033 probe 12.893 (target 13.609) in 6 iters
item 3 random   trial 15 co2            6.4s  DNp09 145.00 MDN 137.92 DNp01 155.00 pC1 20.47 pIP10 145.83 HS R/L 0.00/1.11
item 3 random   trial 15 none           6.2s  DNp09 0.00 MDN 0.00 DNp01 0.00 pC1 0.00 pIP10 0.00 HS R/L 0.00/0.00
  jitter trial 15 j=1.41: wscale 0.5033 probe 13.142 (target 13.609) in 6 iters
item 3 random   trial 15 co2            6.4s  DNp09 105.83 MDN 90.83 DNp01 115.00 pC1 15.28 pIP10 110.83 HS R/L 0.00/1.67
item 3 random   trial 15 none           6.3s  DNp09 0.00 MDN 0.00 DNp01 0.00 pC1 0.00 pIP10 0.00 HS R/L 0.00/0.00
  jitter trial 15 j=2: wscale 0.5033 probe 13.832 (target 13.609) in 6 iters
item 3 random   trial 15 co2            6.4s  DNp09 122.50 MDN 87.08 DNp01 130.83 pC1 18.18 pIP10 126.67 HS R/L 0.00/2.78
item 3 random   trial 15 none           6.2s  DNp09 0.00 MDN 0.00 DNp01 0.00 pC1 0.00 pIP10 0.00 HS R/L 0.00/0.00
  jitter trial 15 j=2.83: wscale 0.4419 probe 10.631 (target 13.609) in 4 iters
item 3 random   trial 15 co2            6.4s  DNp09 20.83 MDN 7.08 DNp01 33.33 pC1 1.74 pIP10 24.17 HS R/L 0.00/0.00
item 3 random   trial 15 none           6.3s  DNp09 0.00 MDN 0.00 DNp01 0.00 pC1 0.00 pIP10 0.00 HS R/L 0.00/0.00
  jitter trial 15 j=4: wscale 0.4419 probe 12.201 (target 13.609) in 4 iters
item 3 random   trial 15 co2            6.4s  DNp09 133.33 MDN 71.67 DNp01 155.83 pC1 19.22 pIP10 136.67 HS R/L 0.00/3.33
item 3 random   trial 15 none           6.2s  DNp09 0.00 MDN 0.00 DNp01 0.00 pC1 0.00 pIP10 0.00 HS R/L 0.00/0.00
  jitter trial 16 j=1: wscale 0.3399 probe 14.493 (target 13.609) in 4 iters
item 3 random   trial 16 co2            6.4s  DNp09 0.00 MDN 0.00 DNp01 0.00 pC1 0.00 pIP10 0.00 HS R/L 0.00/0.00
item 3 random   trial 16 none           6.3s  DNp09 0.00 MDN 0.00 DNp01 0.00 pC1 0.00 pIP10 0.00 HS R/L 0.00/0.00
  jitter trial 16 j=1.41: wscale 0.3399 probe 14.366 (target 13.609) in 4 iters
item 3 random   trial 16 co2            6.4s  DNp09 0.00 MDN 0.00 DNp01 0.00 pC1 0.00 pIP10 0.00 HS R/L 0.00/0.00
item 3 random   trial 16 none           6.3s  DNp09 0.00 MDN 0.00 DNp01 0.00 pC1 0.00 pIP10 0.00 HS R/L 0.00/0.00
  jitter trial 16 j=2: wscale 0.3399 probe 14.585 (target 13.609) in 4 iters
item 3 random   trial 16 co2            6.4s  DNp09 0.00 MDN 0.00 DNp01 0.00 pC1 0.00 pIP10 0.00 HS R/L 0.00/0.00
item 3 random   trial 16 none           6.3s  DNp09 0.00 MDN 0.00 DNp01 0.00 pC1 0.00 pIP10 0.00 HS R/L 0.00/0.00
  jitter trial 16 j=2.83: wscale 0.3399 probe 15.330 (target 13.609) in 4 iters
item 3 random   trial 16 co2            6.5s  DNp09 0.00 MDN 0.00 DNp01 0.00 pC1 0.00 pIP10 0.00 HS R/L 0.00/0.00
item 3 random   trial 16 none           6.3s  DNp09 0.00 MDN 0.00 DNp01 0.00 pC1 0.00 pIP10 0.00 HS R/L 0.00/0.00
  jitter trial 16 j=4: wscale 0.3399 probe 16.494 (target 13.609) in 4 iters
item 3 random   trial 16 co2            6.4s  DNp09 0.00 MDN 0.00 DNp01 0.00 pC1 0.00 pIP10 0.00 HS R/L 0.00/0.00
item 3 random   trial 16 none           6.3s  DNp09 0.00 MDN 0.00 DNp01 0.00 pC1 0.00 pIP10 0.00 HS R/L 0.00/0.00
  jitter trial 17 j=1: wscale 0.1354 probe 16.983 (target 13.609) in 9 iters
item 3 random   trial 17 co2            6.5s  DNp09 0.00 MDN 0.00 DNp01 0.00 pC1 0.00 pIP10 0.00 HS R/L 0.00/0.00
item 3 random   trial 17 none           6.3s  DNp09 0.00 MDN 0.00 DNp01 0.00 pC1 0.00 pIP10 0.00 HS R/L 0.00/0.00
  jitter trial 17 j=1.41: wscale 0.1289 probe 12.185 (target 13.609) in 7 iters
item 3 random   trial 17 co2            6.5s  DNp09 0.00 MDN 0.00 DNp01 0.00 pC1 0.00 pIP10 0.00 HS R/L 0.00/0.00
item 3 random   trial 17 none           6.4s  DNp09 0.00 MDN 0.00 DNp01 0.00 pC1 0.00 pIP10 0.00 HS R/L 0.00/0.00
  jitter trial 17 j=2: wscale 0.1208 probe 10.766 (target 13.609) in 5 iters
item 3 random   trial 17 co2            6.5s  DNp09 0.00 MDN 0.00 DNp01 0.00 pC1 0.00 pIP10 0.00 HS R/L 0.00/0.00
item 3 random   trial 17 none           6.3s  DNp09 0.00 MDN 0.00 DNp01 0.00 pC1 0.00 pIP10 0.00 HS R/L 0.00/0.00
  jitter trial 17 j=2.83: wscale 0.1132 probe 13.430 (target 13.609) in 7 iters
item 3 random   trial 17 co2            6.4s  DNp09 0.00 MDN 0.00 DNp01 0.00 pC1 0.00 pIP10 0.00 HS R/L 0.00/0.00
item 3 random   trial 17 none           6.4s  DNp09 0.00 MDN 0.00 DNp01 0.00 pC1 0.00 pIP10 0.00 HS R/L 0.00/0.00
  jitter trial 17 j=4: wscale 0.1061 probe 14.436 (target 13.609) in 6 iters
item 3 random   trial 17 co2            6.3s  DNp09 0.00 MDN 0.00 DNp01 0.00 pC1 0.00 pIP10 0.00 HS R/L 0.00/0.00
item 3 random   trial 17 none           6.2s  DNp09 0.00 MDN 0.00 DNp01 0.00 pC1 0.00 pIP10 0.00 HS R/L 0.00/0.00
  jitter trial 18 j=1: wscale 0.5297 probe 10.324 (target 13.609) in 5 iters
item 3 random   trial 18 co2            6.4s  DNp09 0.00 MDN 0.00 DNp01 0.00 pC1 0.00 pIP10 0.00 HS R/L 0.00/0.00
item 3 random   trial 18 none           6.2s  DNp09 0.00 MDN 0.00 DNp01 0.00 pC1 0.00 pIP10 0.00 HS R/L 0.00/0.00
  jitter trial 18 j=1.41: wscale 0.5297 probe 11.229 (target 13.609) in 5 iters
item 3 random   trial 18 co2            6.3s  DNp09 0.00 MDN 0.00 DNp01 0.00 pC1 0.00 pIP10 0.00 HS R/L 0.00/0.00
item 3 random   trial 18 none           6.2s  DNp09 0.00 MDN 0.00 DNp01 0.00 pC1 0.00 pIP10 0.00 HS R/L 0.00/0.00
  jitter trial 18 j=2: wscale 0.5297 probe 13.140 (target 13.609) in 5 iters
item 3 random   trial 18 co2            6.4s  DNp09 0.00 MDN 0.00 DNp01 0.00 pC1 0.00 pIP10 0.00 HS R/L 0.00/0.00
item 3 random   trial 18 none           6.2s  DNp09 0.00 MDN 0.00 DNp01 0.00 pC1 0.00 pIP10 0.00 HS R/L 0.00/0.00
  jitter trial 18 j=2.83: wscale 0.5297 probe 15.772 (target 13.609) in 5 iters
item 3 random   trial 18 co2            6.3s  DNp09 0.00 MDN 0.00 DNp01 0.00 pC1 0.00 pIP10 0.00 HS R/L 0.00/0.00
item 3 random   trial 18 none           6.2s  DNp09 0.00 MDN 0.00 DNp01 0.00 pC1 0.00 pIP10 0.00 HS R/L 0.00/0.00
  jitter trial 18 j=4: wscale 0.4651 probe 13.319 (target 13.609) in 6 iters
item 3 random   trial 18 co2            6.4s  DNp09 121.67 MDN 134.58 DNp01 137.50 pC1 16.01 pIP10 145.00 HS R/L 0.00/83.33
item 3 random   trial 18 none           6.2s  DNp09 0.00 MDN 0.00 DNp01 0.00 pC1 0.00 pIP10 0.00 HS R/L 0.00/0.00
  jitter trial 19 j=1: wscale 0.2775 probe 11.578 (target 13.609) in 6 iters
item 3 random   trial 19 co2            6.4s  DNp09 0.00 MDN 0.00 DNp01 0.00 pC1 0.00 pIP10 0.00 HS R/L 0.00/0.00
item 3 random   trial 19 none           6.3s  DNp09 0.00 MDN 0.00 DNp01 0.00 pC1 0.00 pIP10 0.00 HS R/L 0.00/0.00
  jitter trial 19 j=1.41: wscale 0.2775 probe 11.786 (target 13.609) in 6 iters
item 3 random   trial 19 co2            6.4s  DNp09 0.00 MDN 1.67 DNp01 0.00 pC1 0.04 pIP10 0.00 HS R/L 0.00/0.00
item 3 random   trial 19 none           6.3s  DNp09 0.00 MDN 0.00 DNp01 0.00 pC1 0.00 pIP10 0.00 HS R/L 0.00/0.00
  jitter trial 19 j=2: wscale 0.2775 probe 13.508 (target 13.609) in 6 iters
item 3 random   trial 19 co2            6.4s  DNp09 73.33 MDN 76.67 DNp01 75.83 pC1 22.24 pIP10 82.50 HS R/L 0.00/1.11
item 3 random   trial 19 none           6.3s  DNp09 0.00 MDN 0.00 DNp01 0.00 pC1 0.00 pIP10 0.00 HS R/L 0.00/0.00
  jitter trial 19 j=2.83: wscale 0.2436 probe 10.403 (target 13.609) in 5 iters
item 3 random   trial 19 co2            6.4s  DNp09 20.00 MDN 34.17 DNp01 20.00 pC1 5.35 pIP10 53.33 HS R/L 0.00/0.00
item 3 random   trial 19 none           6.2s  DNp09 0.00 MDN 0.00 DNp01 0.00 pC1 0.00 pIP10 0.00 HS R/L 0.00/0.00
  jitter trial 19 j=4: wscale 0.2436 probe 13.993 (target 13.609) in 5 iters
item 3 random   trial 19 co2            6.4s  DNp09 65.83 MDN 70.42 DNp01 72.50 pC1 21.84 pIP10 94.17 HS R/L 0.00/2.22
item 3 random   trial 19 none           6.3s  DNp09 0.00 MDN 0.00 DNp01 0.00 pC1 0.00 pIP10 0.00 HS R/L 0.00/0.00
  jitter trial 20 j=1: wscale 0.1275 probe 12.846 (target 13.609) in 6 iters
item 3 random   trial 20 co2            6.5s  DNp09 46.67 MDN 97.08 DNp01 33.33 pC1 6.84 pIP10 35.00 HS R/L 38.33/0.00
item 3 random   trial 20 none           6.4s  DNp09 0.00 MDN 0.00 DNp01 0.00 pC1 0.00 pIP10 0.00 HS R/L 0.00/0.00
  jitter trial 20 j=1.41: wscale 0.1275 probe 13.237 (target 13.609) in 6 iters
item 3 random   trial 20 co2            6.5s  DNp09 123.33 MDN 175.00 DNp01 75.83 pC1 27.08 pIP10 105.83 HS R/L 115.56/0.00
item 3 random   trial 20 none           6.4s  DNp09 0.00 MDN 0.00 DNp01 0.00 pC1 0.00 pIP10 0.00 HS R/L 0.00/0.00
  jitter trial 20 j=2: wscale 0.1275 probe 15.184 (target 13.609) in 6 iters
item 3 random   trial 20 co2            6.5s  DNp09 125.00 MDN 176.67 DNp01 67.50 pC1 38.81 pIP10 127.50 HS R/L 108.89/0.00
item 3 random   trial 20 none           6.4s  DNp09 0.00 MDN 0.00 DNp01 0.00 pC1 0.00 pIP10 0.00 HS R/L 0.00/0.00
  jitter trial 20 j=2.83: wscale 0.1120 probe 11.798 (target 13.609) in 4 iters
item 3 random   trial 20 co2            6.5s  DNp09 70.83 MDN 131.67 DNp01 9.17 pC1 19.74 pIP10 77.50 HS R/L 78.89/0.00
item 3 random   trial 20 none           6.4s  DNp09 0.00 MDN 0.00 DNp01 0.00 pC1 0.00 pIP10 0.00 HS R/L 0.00/0.00
  jitter trial 20 j=4: wscale 0.1120 probe 15.598 (target 13.609) in 4 iters
item 3 random   trial 20 co2            6.5s  DNp09 81.67 MDN 132.50 DNp01 13.33 pC1 32.84 pIP10 103.33 HS R/L 93.89/0.00
item 3 random   trial 20 none           6.4s  DNp09 0.00 MDN 0.00 DNp01 0.00 pC1 0.00 pIP10 0.00 HS R/L 0.00/0.00
  jitter trial 21 j=1: wscale 0.2180 probe 15.066 (target 13.609) in 6 iters
item 3 random   trial 21 co2            6.5s  DNp09 0.00 MDN 0.00 DNp01 0.00 pC1 0.00 pIP10 0.00 HS R/L 0.00/0.00
item 3 random   trial 21 none           6.4s  DNp09 0.00 MDN 0.00 DNp01 0.00 pC1 0.00 pIP10 0.00 HS R/L 0.00/0.00
  jitter trial 21 j=1.41: wscale 0.2180 probe 16.013 (target 13.609) in 6 iters
item 3 random   trial 21 co2            6.5s  DNp09 0.00 MDN 0.00 DNp01 0.00 pC1 0.00 pIP10 0.00 HS R/L 0.00/0.00
item 3 random   trial 21 none           6.4s  DNp09 0.00 MDN 0.00 DNp01 0.00 pC1 0.00 pIP10 0.00 HS R/L 0.00/0.00
  jitter trial 21 j=2: wscale 0.1914 probe 12.310 (target 13.609) in 4 iters
item 3 random   trial 21 co2            6.5s  DNp09 0.00 MDN 0.00 DNp01 0.00 pC1 0.00 pIP10 0.00 HS R/L 0.00/0.00
item 3 random   trial 21 none           6.4s  DNp09 0.00 MDN 0.00 DNp01 0.00 pC1 0.00 pIP10 0.00 HS R/L 0.00/0.00
  jitter trial 21 j=2.83: wscale 0.1914 probe 16.121 (target 13.609) in 4 iters
item 3 random   trial 21 co2            6.5s  DNp09 0.00 MDN 0.00 DNp01 0.00 pC1 0.00 pIP10 0.00 HS R/L 0.00/0.00
item 3 random   trial 21 none           6.4s  DNp09 0.00 MDN 0.00 DNp01 0.00 pC1 0.00 pIP10 0.00 HS R/L 0.00/0.00
  jitter trial 21 j=4: wscale 0.1681 probe 14.484 (target 13.609) in 6 iters
item 3 random   trial 21 co2            6.5s  DNp09 0.00 MDN 0.00 DNp01 0.00 pC1 0.00 pIP10 0.00 HS R/L 0.00/0.00
item 3 random   trial 21 none           6.4s  DNp09 0.00 MDN 0.00 DNp01 0.00 pC1 0.00 pIP10 0.00 HS R/L 0.00/0.00
  jitter trial 22 j=1: wscale 0.6534 probe 16.583 (target 13.609) in 4 iters
item 3 random   trial 22 co2            6.4s  DNp09 0.00 MDN 0.00 DNp01 0.00 pC1 0.00 pIP10 0.00 HS R/L 0.00/0.00
item 3 random   trial 22 none           6.3s  DNp09 0.00 MDN 0.00 DNp01 0.00 pC1 0.00 pIP10 0.00 HS R/L 0.00/0.00
  jitter trial 22 j=1.41: wscale 0.6534 probe 16.596 (target 13.609) in 4 iters
item 3 random   trial 22 co2            6.4s  DNp09 0.00 MDN 0.00 DNp01 0.00 pC1 0.00 pIP10 0.00 HS R/L 0.00/0.00
item 3 random   trial 22 none           6.3s  DNp09 0.00 MDN 0.00 DNp01 0.00 pC1 0.00 pIP10 0.00 HS R/L 0.00/0.00
  jitter trial 22 j=2: wscale 0.5738 probe 12.876 (target 13.609) in 6 iters
item 3 random   trial 22 co2            6.4s  DNp09 0.00 MDN 0.00 DNp01 0.00 pC1 0.00 pIP10 0.00 HS R/L 0.00/0.00
item 3 random   trial 22 none           6.3s  DNp09 0.00 MDN 0.00 DNp01 0.00 pC1 0.00 pIP10 0.00 HS R/L 0.00/0.00
  jitter trial 22 j=2.83: wscale 0.5738 probe 13.808 (target 13.609) in 6 iters
item 3 random   trial 22 co2            6.4s  DNp09 0.00 MDN 0.00 DNp01 0.00 pC1 0.00 pIP10 0.00 HS R/L 0.00/0.00
item 3 random   trial 22 none           6.3s  DNp09 0.00 MDN 0.00 DNp01 0.00 pC1 0.00 pIP10 0.00 HS R/L 0.00/0.00
  jitter trial 22 j=4: wscale 0.5038 probe 11.608 (target 13.609) in 5 iters
item 3 random   trial 22 co2            6.4s  DNp09 0.00 MDN 0.00 DNp01 0.00 pC1 0.00 pIP10 0.00 HS R/L 0.00/0.00
item 3 random   trial 22 none           6.3s  DNp09 0.00 MDN 0.00 DNp01 0.00 pC1 0.00 pIP10 0.00 HS R/L 0.00/0.00
  jitter trial 23 j=1: wscale 0.1838 probe 13.613 (target 13.609) in 6 iters
item 3 random   trial 23 co2            6.4s  DNp09 0.00 MDN 0.00 DNp01 0.00 pC1 0.00 pIP10 0.00 HS R/L 0.00/0.00
item 3 random   trial 23 none           6.3s  DNp09 0.00 MDN 0.00 DNp01 0.00 pC1 0.00 pIP10 0.00 HS R/L 0.00/0.00
  jitter trial 23 j=1.41: wscale 0.1838 probe 13.373 (target 13.609) in 6 iters
item 3 random   trial 23 co2            6.4s  DNp09 10.00 MDN 33.75 DNp01 50.00 pC1 1.23 pIP10 17.50 HS R/L 0.00/0.00
item 3 random   trial 23 none           6.3s  DNp09 0.00 MDN 0.00 DNp01 0.00 pC1 0.00 pIP10 0.00 HS R/L 0.00/0.00
  jitter trial 23 j=2: wscale 0.1838 probe 13.788 (target 13.609) in 6 iters
item 3 random   trial 23 co2            6.4s  DNp09 21.67 MDN 50.00 DNp01 61.67 pC1 5.31 pIP10 30.83 HS R/L 0.00/0.00
item 3 random   trial 23 none           6.3s  DNp09 0.00 MDN 0.00 DNp01 0.00 pC1 0.00 pIP10 0.00 HS R/L 0.00/0.00
  jitter trial 23 j=2.83: wscale 0.1614 probe 11.108 (target 13.609) in 5 iters
item 3 random   trial 23 co2            6.4s  DNp09 9.17 MDN 42.92 DNp01 53.33 pC1 3.12 pIP10 23.33 HS R/L 0.00/0.00
item 3 random   trial 23 none           6.3s  DNp09 0.00 MDN 0.00 DNp01 0.00 pC1 0.00 pIP10 0.00 HS R/L 0.00/0.00
  jitter trial 23 j=4: wscale 0.1614 probe 12.983 (target 13.609) in 5 iters
item 3 random   trial 23 co2            6.4s  DNp09 19.17 MDN 63.75 DNp01 70.83 pC1 11.98 pIP10 38.33 HS R/L 0.00/0.00
item 3 random   trial 23 none           6.3s  DNp09 0.00 MDN 0.00 DNp01 0.00 pC1 0.00 pIP10 0.00 HS R/L 0.00/0.00
  jitter trial 24 j=1: wscale 1.4512 probe 14.696 (target 13.609) in 3 iters
item 3 random   trial 24 co2            6.5s  DNp09 127.50 MDN 130.42 DNp01 122.50 pC1 45.29 pIP10 130.00 HS R/L 0.00/127.22
item 3 random   trial 24 none           6.3s  DNp09 0.00 MDN 0.00 DNp01 0.00 pC1 0.00 pIP10 0.00 HS R/L 0.00/0.00
  jitter trial 24 j=1.41: wscale 1.4512 probe 14.836 (target 13.609) in 3 iters
item 3 random   trial 24 co2            6.5s  DNp09 122.50 MDN 125.83 DNp01 119.17 pC1 42.44 pIP10 127.50 HS R/L 0.00/121.67
item 3 random   trial 24 none           6.4s  DNp09 0.00 MDN 0.00 DNp01 0.00 pC1 0.00 pIP10 0.00 HS R/L 0.00/0.00
  jitter trial 24 j=2: wscale 1.4512 probe 15.393 (target 13.609) in 3 iters
item 3 random   trial 24 co2            6.5s  DNp09 129.17 MDN 133.75 DNp01 127.50 pC1 46.13 pIP10 135.83 HS R/L 0.56/128.33
item 3 random   trial 24 none           6.3s  DNp09 0.00 MDN 0.00 DNp01 0.00 pC1 0.00 pIP10 0.00 HS R/L 0.00/0.00
  jitter trial 24 j=2.83: wscale 1.4512 probe 16.311 (target 13.609) in 3 iters
item 3 random   trial 24 co2            6.5s  DNp09 125.00 MDN 133.75 DNp01 124.17 pC1 44.89 pIP10 129.17 HS R/L 12.22/125.00
item 3 random   trial 24 none           6.4s  DNp09 0.00 MDN 0.00 DNp01 0.00 pC1 0.00 pIP10 0.00 HS R/L 0.00/0.00
  jitter trial 24 j=4: wscale 1.1190 probe 11.298 (target 13.609) in 5 iters
item 3 random   trial 24 co2            6.5s  DNp09 98.33 MDN 124.58 DNp01 99.17 pC1 20.27 pIP10 121.67 HS R/L 3.33/113.33
item 3 random   trial 24 none           6.4s  DNp09 0.00 MDN 0.00 DNp01 0.00 pC1 0.00 pIP10 0.00 HS R/L 0.00/0.00
  jitter trial 25 j=1: wscale 0.1275 probe 11.480 (target 13.609) in 6 iters
item 3 random   trial 25 co2            6.5s  DNp09 0.00 MDN 0.00 DNp01 0.00 pC1 0.00 pIP10 0.00 HS R/L 0.00/0.00
item 3 random   trial 25 none           6.3s  DNp09 0.00 MDN 0.00 DNp01 0.00 pC1 0.00 pIP10 0.00 HS R/L 0.00/0.00
  jitter trial 25 j=1.41: wscale 0.1275 probe 12.196 (target 13.609) in 6 iters
item 3 random   trial 25 co2            6.5s  DNp09 0.00 MDN 0.00 DNp01 0.00 pC1 0.00 pIP10 0.00 HS R/L 0.00/0.00
item 3 random   trial 25 none           6.3s  DNp09 0.00 MDN 0.00 DNp01 0.00 pC1 0.00 pIP10 0.00 HS R/L 0.00/0.00
  jitter trial 25 j=2: wscale 0.1275 probe 13.945 (target 13.609) in 6 iters
item 3 random   trial 25 co2            6.4s  DNp09 0.00 MDN 0.00 DNp01 0.00 pC1 0.00 pIP10 0.00 HS R/L 0.00/0.00
item 3 random   trial 25 none           6.3s  DNp09 0.00 MDN 0.00 DNp01 0.00 pC1 0.00 pIP10 0.00 HS R/L 0.00/0.00
  jitter trial 25 j=2.83: wscale 0.1120 probe 11.240 (target 13.609) in 3 iters
item 3 random   trial 25 co2            6.5s  DNp09 0.00 MDN 0.00 DNp01 0.00 pC1 0.00 pIP10 0.00 HS R/L 0.00/0.00
item 3 random   trial 25 none           6.3s  DNp09 0.00 MDN 0.00 DNp01 0.00 pC1 0.00 pIP10 0.00 HS R/L 0.00/0.00
  jitter trial 25 j=4: wscale 0.1120 probe 13.635 (target 13.609) in 3 iters
item 3 random   trial 25 co2            6.5s  DNp09 0.00 MDN 0.00 DNp01 0.00 pC1 0.00 pIP10 0.00 HS R/L 0.00/0.00
item 3 random   trial 25 none           6.3s  DNp09 0.00 MDN 0.00 DNp01 0.00 pC1 0.00 pIP10 0.00 HS R/L 0.00/0.00
  jitter trial 26 j=1: wscale 0.2648 probe 15.800 (target 13.609) in 3 iters
item 3 random   trial 26 co2            6.5s  DNp09 116.67 MDN 114.58 DNp01 128.33 pC1 51.00 pIP10 125.00 HS R/L 0.00/0.00
item 3 random   trial 26 none           6.3s  DNp09 0.00 MDN 0.00 DNp01 0.00 pC1 0.00 pIP10 0.00 HS R/L 0.00/0.00
  jitter trial 26 j=1.41: wscale 0.2648 probe 16.137 (target 13.609) in 3 iters
item 3 random   trial 26 co2            6.4s  DNp09 120.83 MDN 117.08 DNp01 130.00 pC1 52.37 pIP10 125.83 HS R/L 1.67/0.00
item 3 random   trial 26 none           6.3s  DNp09 0.00 MDN 0.00 DNp01 0.00 pC1 0.00 pIP10 0.00 HS R/L 0.00/0.00
  jitter trial 26 j=2: wscale 0.2648 probe 16.847 (target 13.609) in 3 iters
item 3 random   trial 26 co2            6.4s  DNp09 128.33 MDN 121.67 DNp01 132.50 pC1 56.89 pIP10 126.67 HS R/L 10.56/0.00
item 3 random   trial 26 none           6.3s  DNp09 0.00 MDN 0.00 DNp01 0.00 pC1 0.00 pIP10 0.00 HS R/L 0.00/0.00
  jitter trial 26 j=2.83: wscale 0.2042 probe 11.156 (target 13.609) in 5 iters
item 3 random   trial 26 co2            6.4s  DNp09 109.17 MDN 79.17 DNp01 125.00 pC1 30.73 pIP10 112.50 HS R/L 0.00/0.00
item 3 random   trial 26 none           6.3s  DNp09 0.00 MDN 0.00 DNp01 0.00 pC1 0.00 pIP10 0.00 HS R/L 0.00/0.00
  jitter trial 26 j=4: wscale 0.2042 probe 12.409 (target 13.609) in 5 iters
item 3 random   trial 26 co2            6.5s  DNp09 111.67 MDN 77.92 DNp01 125.83 pC1 36.47 pIP10 108.33 HS R/L 0.00/2.22
item 3 random   trial 26 none           6.3s  DNp09 0.00 MDN 0.00 DNp01 0.00 pC1 0.00 pIP10 0.00 HS R/L 0.00/0.00
  jitter trial 27 j=1: wscale 1.4316 probe 13.578 (target 13.609) in 4 iters
item 3 random   trial 27 co2            6.4s  DNp09 142.50 MDN 142.08 DNp01 140.83 pC1 24.88 pIP10 141.67 HS R/L 0.00/0.00
item 3 random   trial 27 none           6.3s  DNp09 0.00 MDN 0.00 DNp01 0.00 pC1 0.00 pIP10 0.00 HS R/L 0.00/0.00
  jitter trial 27 j=1.41: wscale 1.4316 probe 13.818 (target 13.609) in 4 iters
item 3 random   trial 27 co2            6.4s  DNp09 145.83 MDN 143.75 DNp01 143.33 pC1 26.04 pIP10 144.17 HS R/L 0.00/0.00
item 3 random   trial 27 none           6.3s  DNp09 0.00 MDN 0.00 DNp01 0.00 pC1 0.00 pIP10 0.00 HS R/L 0.00/0.00
  jitter trial 27 j=2: wscale 1.4316 probe 14.334 (target 13.609) in 4 iters
item 3 random   trial 27 co2            6.4s  DNp09 147.50 MDN 146.25 DNp01 145.83 pC1 28.72 pIP10 145.83 HS R/L 0.56/0.00
item 3 random   trial 27 none           6.3s  DNp09 0.00 MDN 0.00 DNp01 0.00 pC1 0.00 pIP10 0.00 HS R/L 0.00/0.00
  jitter trial 27 j=2.83: wscale 1.4316 probe 15.340 (target 13.609) in 4 iters
item 3 random   trial 27 co2            6.4s  DNp09 150.00 MDN 148.75 DNp01 148.33 pC1 35.74 pIP10 147.50 HS R/L 3.89/0.00
item 3 random   trial 27 none           6.3s  DNp09 0.00 MDN 0.00 DNp01 0.00 pC1 0.00 pIP10 0.00 HS R/L 0.00/0.00
  jitter trial 27 j=4: wscale 1.4316 probe 16.786 (target 13.609) in 4 iters
item 3 random   trial 27 co2            6.4s  DNp09 152.50 MDN 146.25 DNp01 152.50 pC1 45.99 pIP10 145.83 HS R/L 6.11/0.00
item 3 random   trial 27 none           6.3s  DNp09 0.00 MDN 0.00 DNp01 0.00 pC1 0.00 pIP10 0.00 HS R/L 0.00/0.00
  jitter trial 28 j=1: wscale 0.2643 probe 15.248 (target 13.609) in 7 iters
item 3 random   trial 28 co2            6.4s  DNp09 0.00 MDN 0.00 DNp01 0.00 pC1 0.00 pIP10 0.00 HS R/L 0.00/0.00
item 3 random   trial 28 none           6.4s  DNp09 0.00 MDN 0.00 DNp01 0.00 pC1 0.00 pIP10 0.00 HS R/L 0.00/0.00
  jitter trial 28 j=1.41: wscale 0.2476 probe 13.472 (target 13.609) in 3 iters
item 3 random   trial 28 co2            6.4s  DNp09 0.00 MDN 0.00 DNp01 0.00 pC1 0.00 pIP10 0.00 HS R/L 0.00/0.00
item 3 random   trial 28 none           6.3s  DNp09 0.00 MDN 0.00 DNp01 0.00 pC1 0.00 pIP10 0.00 HS R/L 0.00/0.00
  jitter trial 28 j=2: wscale 0.2320 probe 14.528 (target 13.609) in 7 iters
item 3 random   trial 28 co2            6.5s  DNp09 0.00 MDN 0.00 DNp01 0.00 pC1 0.00 pIP10 0.00 HS R/L 0.00/0.00
item 3 random   trial 28 none           6.3s  DNp09 0.00 MDN 0.00 DNp01 0.00 pC1 0.00 pIP10 0.00 HS R/L 0.00/0.00
  jitter trial 28 j=2.83: wscale 0.2174 probe 16.018 (target 13.609) in 6 iters
item 3 random   trial 28 co2            6.5s  DNp09 0.00 MDN 0.00 DNp01 0.00 pC1 0.00 pIP10 0.00 HS R/L 0.00/0.00
item 3 random   trial 28 none           6.3s  DNp09 0.00 MDN 0.00 DNp01 0.00 pC1 0.00 pIP10 0.00 HS R/L 0.00/0.00
  jitter trial 28 j=4: wscale 0.1909 probe 14.198 (target 13.609) in 5 iters
item 3 random   trial 28 co2            6.4s  DNp09 0.00 MDN 0.00 DNp01 0.00 pC1 0.00 pIP10 0.00 HS R/L 0.00/0.00
item 3 random   trial 28 none           6.3s  DNp09 0.00 MDN 0.00 DNp01 0.00 pC1 0.00 pIP10 0.00 HS R/L 0.00/0.00
  jitter trial 29 j=1: wscale 0.1110 probe 10.357 (target 13.609) in 6 iters
item 3 random   trial 29 co2            6.4s  DNp09 0.00 MDN 0.00 DNp01 0.00 pC1 0.00 pIP10 0.00 HS R/L 0.00/0.00
item 3 random   trial 29 none           6.3s  DNp09 0.00 MDN 0.00 DNp01 0.00 pC1 0.00 pIP10 0.00 HS R/L 0.00/0.00
  jitter trial 29 j=1.41: wscale 0.1110 probe 12.890 (target 13.609) in 6 iters
item 3 random   trial 29 co2            6.3s  DNp09 0.00 MDN 0.00 DNp01 0.00 pC1 0.00 pIP10 0.00 HS R/L 0.00/0.00
item 3 random   trial 29 none           6.3s  DNp09 0.00 MDN 0.00 DNp01 0.00 pC1 0.00 pIP10 0.00 HS R/L 0.00/0.00
  jitter trial 29 j=2: wscale 0.1110 probe 13.856 (target 13.609) in 6 iters
item 3 random   trial 29 co2            6.4s  DNp09 0.00 MDN 0.00 DNp01 0.00 pC1 0.00 pIP10 0.00 HS R/L 0.00/0.00
item 3 random   trial 29 none           6.3s  DNp09 0.00 MDN 0.00 DNp01 0.00 pC1 0.00 pIP10 0.00 HS R/L 0.00/0.00
  jitter trial 29 j=2.83: wscale 0.1110 probe 15.446 (target 13.609) in 6 iters
item 3 random   trial 29 co2            6.4s  DNp09 0.00 MDN 0.00 DNp01 0.00 pC1 0.00 pIP10 0.00 HS R/L 0.00/0.00
item 3 random   trial 29 none           6.3s  DNp09 0.00 MDN 0.00 DNp01 0.00 pC1 0.00 pIP10 0.00 HS R/L 0.00/0.00
  jitter trial 29 j=4: wscale 0.0974 probe 13.284 (target 13.609) in 3 iters
item 3 random   trial 29 co2            6.4s  DNp09 0.00 MDN 0.00 DNp01 0.00 pC1 0.00 pIP10 0.00 HS R/L 0.00/0.00
item 3 random   trial 29 none           6.3s  DNp09 0.00 MDN 0.00 DNp01 0.00 pC1 0.00 pIP10 0.00 HS R/L 0.00/0.00
item 4 real     trial 0 loom           6.4s  DNp09 0.00 MDN 6.67 DNp01 45.83 pC1 0.09 pIP10 0.00 HS R/L 0.00/0.00
item 4 real     trial 0 recede         6.3s  DNp09 0.00 MDN 0.83 DNp01 250.00 pC1 0.51 pIP10 0.00 HS R/L 0.00/0.00
item 4 real     trial 0 control_visual   6.4s  DNp09 0.00 MDN 13.33 DNp01 0.00 pC1 8.07 pIP10 1.67 HS R/L 0.00/0.00
item 4 real     trial 1 loom           6.3s  DNp09 0.00 MDN 8.33 DNp01 61.67 pC1 0.29 pIP10 0.00 HS R/L 0.00/0.00
item 4 real     trial 1 recede         6.4s  DNp09 0.00 MDN 0.83 DNp01 250.00 pC1 0.88 pIP10 0.00 HS R/L 0.00/0.00
item 4 real     trial 1 control_visual   6.3s  DNp09 0.00 MDN 6.25 DNp01 4.17 pC1 4.74 pIP10 4.17 HS R/L 0.00/0.00
item 4 real     trial 2 loom           6.3s  DNp09 0.00 MDN 0.83 DNp01 41.67 pC1 0.64 pIP10 9.17 HS R/L 0.00/0.00
item 4 real     trial 2 recede         6.3s  DNp09 0.00 MDN 1.25 DNp01 250.00 pC1 0.82 pIP10 0.00 HS R/L 0.00/0.00
item 4 real     trial 2 control_visual   6.4s  DNp09 0.00 MDN 18.33 DNp01 1.67 pC1 6.39 pIP10 1.67 HS R/L 0.00/0.00
item 4 real     trial 3 loom           6.3s  DNp09 0.00 MDN 7.08 DNp01 132.50 pC1 0.68 pIP10 2.50 HS R/L 0.00/0.00
item 4 real     trial 3 recede         6.4s  DNp09 0.00 MDN 0.83 DNp01 250.00 pC1 0.80 pIP10 0.00 HS R/L 0.00/0.00
item 4 real     trial 3 control_visual   6.3s  DNp09 0.00 MDN 30.42 DNp01 0.00 pC1 1.36 pIP10 1.67 HS R/L 0.00/0.00
item 4 real     trial 4 loom           6.4s  DNp09 0.00 MDN 12.50 DNp01 37.50 pC1 0.41 pIP10 0.00 HS R/L 0.00/0.00
item 4 real     trial 4 recede         6.3s  DNp09 0.00 MDN 0.00 DNp01 250.00 pC1 0.83 pIP10 0.00 HS R/L 0.00/0.00
item 4 real     trial 4 control_visual   6.4s  DNp09 0.00 MDN 18.33 DNp01 0.00 pC1 3.10 pIP10 3.33 HS R/L 0.00/0.00
item 4 real     trial 5 loom           6.4s  DNp09 0.00 MDN 0.42 DNp01 40.00 pC1 2.38 pIP10 10.00 HS R/L 0.00/0.00
item 4 real     trial 5 recede         6.4s  DNp09 0.00 MDN 1.67 DNp01 250.00 pC1 0.83 pIP10 0.00 HS R/L 0.00/0.00
item 4 real     trial 5 control_visual   6.3s  DNp09 0.00 MDN 7.92 DNp01 0.00 pC1 0.11 pIP10 27.50 HS R/L 0.00/0.00
item 4 real     trial 6 loom           6.4s  DNp09 0.00 MDN 1.25 DNp01 36.67 pC1 0.32 pIP10 10.83 HS R/L 0.00/0.00
item 4 real     trial 6 recede         6.3s  DNp09 0.00 MDN 0.83 DNp01 250.00 pC1 0.97 pIP10 0.00 HS R/L 0.00/0.00
item 4 real     trial 6 control_visual   6.4s  DNp09 0.00 MDN 10.83 DNp01 0.00 pC1 0.18 pIP10 12.50 HS R/L 0.00/0.00
item 4 real     trial 7 loom           6.4s  DNp09 0.00 MDN 27.08 DNp01 66.67 pC1 0.30 pIP10 0.00 HS R/L 0.00/0.00
item 4 real     trial 7 recede         6.4s  DNp09 0.00 MDN 0.83 DNp01 250.00 pC1 0.69 pIP10 0.00 HS R/L 0.00/0.00
item 4 real     trial 7 control_visual   6.3s  DNp09 0.00 MDN 7.50 DNp01 0.00 pC1 0.97 pIP10 16.67 HS R/L 0.00/0.00
item 4 real     trial 8 loom           6.4s  DNp09 0.00 MDN 11.25 DNp01 59.17 pC1 0.30 pIP10 5.83 HS R/L 0.00/0.00
item 4 real     trial 8 recede         6.3s  DNp09 0.00 MDN 0.83 DNp01 250.00 pC1 0.61 pIP10 0.00 HS R/L 0.00/0.00
item 4 real     trial 8 control_visual   6.4s  DNp09 0.00 MDN 0.42 DNp01 0.00 pC1 10.93 pIP10 0.00 HS R/L 0.00/0.00
item 4 real     trial 9 loom           6.3s  DNp09 0.00 MDN 14.17 DNp01 63.33 pC1 0.21 pIP10 0.83 HS R/L 0.00/0.00
item 4 real     trial 9 recede         6.4s  DNp09 0.00 MDN 1.67 DNp01 250.00 pC1 0.38 pIP10 0.00 HS R/L 0.00/0.00
item 4 real     trial 9 control_visual   6.3s  DNp09 0.00 MDN 1.25 DNp01 0.00 pC1 8.61 pIP10 0.00 HS R/L 0.00/0.00
item 4 real     trial 10 loom           6.4s  DNp09 0.00 MDN 7.50 DNp01 36.67 pC1 0.22 pIP10 3.33 HS R/L 0.00/0.00
item 4 real     trial 10 recede         6.3s  DNp09 0.00 MDN 1.67 DNp01 250.00 pC1 0.68 pIP10 0.00 HS R/L 0.00/0.00
item 4 real     trial 10 control_visual   6.4s  DNp09 0.00 MDN 15.42 DNp01 0.00 pC1 8.14 pIP10 0.00 HS R/L 0.00/0.00
item 4 real     trial 11 loom           6.3s  DNp09 0.00 MDN 0.00 DNp01 47.50 pC1 0.36 pIP10 5.00 HS R/L 0.00/0.00
item 4 real     trial 11 recede         6.4s  DNp09 0.00 MDN 1.67 DNp01 250.00 pC1 0.81 pIP10 0.00 HS R/L 0.00/0.00
item 4 real     trial 11 control_visual   6.3s  DNp09 0.00 MDN 10.42 DNp01 0.00 pC1 1.51 pIP10 27.50 HS R/L 0.00/0.00
item 4 real     trial 12 loom           6.4s  DNp09 0.00 MDN 1.25 DNp01 64.17 pC1 2.44 pIP10 3.33 HS R/L 0.00/0.00
item 4 real     trial 12 recede         6.4s  DNp09 0.00 MDN 1.25 DNp01 250.00 pC1 0.53 pIP10 0.00 HS R/L 0.00/0.00
item 4 real     trial 12 control_visual   6.4s  DNp09 0.00 MDN 11.25 DNp01 0.00 pC1 2.93 pIP10 19.17 HS R/L 0.00/0.00
item 4 real     trial 13 loom           6.4s  DNp09 0.00 MDN 1.67 DNp01 38.33 pC1 1.37 pIP10 4.17 HS R/L 0.00/0.00
item 4 real     trial 13 recede         6.4s  DNp09 0.00 MDN 1.25 DNp01 250.00 pC1 0.85 pIP10 0.00 HS R/L 0.00/0.00
item 4 real     trial 13 control_visual   6.3s  DNp09 0.00 MDN 23.75 DNp01 0.00 pC1 0.89 pIP10 10.00 HS R/L 0.00/0.00
item 4 real     trial 14 loom           6.3s  DNp09 0.00 MDN 0.00 DNp01 40.00 pC1 1.00 pIP10 10.00 HS R/L 0.00/0.00
item 4 real     trial 14 recede         6.3s  DNp09 0.00 MDN 0.83 DNp01 250.00 pC1 1.03 pIP10 0.00 HS R/L 0.00/0.00
item 4 real     trial 14 control_visual   6.4s  DNp09 0.00 MDN 5.42 DNp01 3.33 pC1 4.43 pIP10 14.17 HS R/L 0.00/0.00
item 4 real     trial 15 loom           6.3s  DNp09 0.00 MDN 5.42 DNp01 45.83 pC1 4.16 pIP10 1.67 HS R/L 0.00/0.00
item 4 real     trial 15 recede         6.3s  DNp09 0.00 MDN 0.83 DNp01 250.00 pC1 0.63 pIP10 0.00 HS R/L 0.00/0.00
item 4 real     trial 15 control_visual   6.3s  DNp09 0.00 MDN 3.33 DNp01 4.17 pC1 2.66 pIP10 21.67 HS R/L 0.00/0.00
item 4 real     trial 16 loom           6.4s  DNp09 0.00 MDN 7.92 DNp01 38.33 pC1 0.57 pIP10 22.50 HS R/L 0.00/0.00
item 4 real     trial 16 recede         6.3s  DNp09 0.00 MDN 0.83 DNp01 250.00 pC1 0.80 pIP10 0.00 HS R/L 0.00/0.00
item 4 real     trial 16 control_visual   6.4s  DNp09 0.00 MDN 14.17 DNp01 0.00 pC1 1.12 pIP10 3.33 HS R/L 0.00/0.00
item 4 real     trial 17 loom           6.3s  DNp09 0.00 MDN 0.00 DNp01 40.00 pC1 0.51 pIP10 0.83 HS R/L 0.00/0.00
item 4 real     trial 17 recede         6.3s  DNp09 0.00 MDN 0.83 DNp01 250.00 pC1 0.50 pIP10 0.00 HS R/L 0.00/0.00
item 4 real     trial 17 control_visual   6.4s  DNp09 0.00 MDN 10.83 DNp01 0.00 pC1 1.03 pIP10 25.83 HS R/L 0.00/0.00
item 4 real     trial 18 loom           6.4s  DNp09 0.00 MDN 15.83 DNp01 68.33 pC1 0.35 pIP10 0.00 HS R/L 0.00/0.00
item 4 real     trial 18 recede         6.3s  DNp09 0.00 MDN 2.08 DNp01 250.00 pC1 1.04 pIP10 0.00 HS R/L 0.00/0.00
item 4 real     trial 18 control_visual   6.4s  DNp09 0.00 MDN 4.58 DNp01 0.00 pC1 7.09 pIP10 1.67 HS R/L 0.00/0.00
item 4 real     trial 19 loom           6.4s  DNp09 0.00 MDN 0.42 DNp01 43.33 pC1 0.35 pIP10 17.50 HS R/L 0.00/0.00
item 4 real     trial 19 recede         6.4s  DNp09 0.00 MDN 1.67 DNp01 250.00 pC1 0.59 pIP10 0.00 HS R/L 0.00/0.00
item 4 real     trial 19 control_visual   6.4s  DNp09 0.00 MDN 23.33 DNp01 2.50 pC1 4.56 pIP10 1.67 HS R/L 0.00/0.00
item 4 real     trial 20 loom           6.4s  DNp09 0.00 MDN 5.83 DNp01 109.17 pC1 2.93 pIP10 5.00 HS R/L 0.00/0.00
item 4 real     trial 20 recede         6.3s  DNp09 0.00 MDN 0.42 DNp01 250.00 pC1 0.79 pIP10 0.00 HS R/L 0.00/0.00
item 4 real     trial 20 control_visual   6.4s  DNp09 0.00 MDN 1.67 DNp01 0.00 pC1 7.29 pIP10 3.33 HS R/L 0.00/0.00
item 4 real     trial 21 loom           6.4s  DNp09 0.00 MDN 0.00 DNp01 77.50 pC1 0.54 pIP10 2.50 HS R/L 0.00/0.00
item 4 real     trial 21 recede         6.3s  DNp09 0.00 MDN 1.25 DNp01 250.00 pC1 0.71 pIP10 0.00 HS R/L 0.00/0.00
item 4 real     trial 21 control_visual   6.4s  DNp09 0.00 MDN 17.08 DNp01 0.00 pC1 4.33 pIP10 1.67 HS R/L 0.00/0.00
item 4 real     trial 22 loom           6.4s  DNp09 0.00 MDN 15.83 DNp01 74.17 pC1 1.70 pIP10 1.67 HS R/L 0.00/0.00
item 4 real     trial 22 recede         6.3s  DNp09 0.00 MDN 0.83 DNp01 250.00 pC1 0.79 pIP10 0.00 HS R/L 0.00/0.00
item 4 real     trial 22 control_visual   6.3s  DNp09 0.00 MDN 7.50 DNp01 1.67 pC1 7.66 pIP10 1.67 HS R/L 0.00/0.00
item 4 real     trial 23 loom           6.4s  DNp09 0.00 MDN 1.67 DNp01 51.67 pC1 7.35 pIP10 1.67 HS R/L 0.00/0.00
item 4 real     trial 23 recede         6.3s  DNp09 0.00 MDN 1.67 DNp01 250.00 pC1 0.52 pIP10 0.00 HS R/L 0.00/0.00
item 4 real     trial 23 control_visual   6.3s  DNp09 0.00 MDN 7.50 DNp01 4.17 pC1 1.54 pIP10 21.67 HS R/L 0.00/0.00
item 4 real     trial 24 loom           6.4s  DNp09 0.00 MDN 0.00 DNp01 96.67 pC1 0.32 pIP10 0.00 HS R/L 0.00/0.00
item 4 real     trial 24 recede         6.3s  DNp09 0.00 MDN 0.83 DNp01 250.00 pC1 0.68 pIP10 0.00 HS R/L 0.00/0.00
item 4 real     trial 24 control_visual   6.4s  DNp09 0.00 MDN 9.17 DNp01 0.00 pC1 4.89 pIP10 0.00 HS R/L 0.00/0.00
item 4 real     trial 25 loom           6.3s  DNp09 0.00 MDN 0.00 DNp01 48.33 pC1 1.44 pIP10 2.50 HS R/L 0.00/0.00
item 4 real     trial 25 recede         6.4s  DNp09 0.00 MDN 0.42 DNp01 250.00 pC1 0.67 pIP10 0.00 HS R/L 0.00/0.00
item 4 real     trial 25 control_visual   6.3s  DNp09 0.00 MDN 8.33 DNp01 0.00 pC1 4.42 pIP10 11.67 HS R/L 0.00/0.00
item 4 real     trial 26 loom           6.4s  DNp09 0.00 MDN 0.00 DNp01 41.67 pC1 2.23 pIP10 15.00 HS R/L 0.00/0.00
item 4 real     trial 26 recede         6.4s  DNp09 0.00 MDN 0.83 DNp01 250.00 pC1 0.47 pIP10 0.00 HS R/L 0.00/0.00
item 4 real     trial 26 control_visual   6.4s  DNp09 0.00 MDN 28.33 DNp01 8.33 pC1 2.99 pIP10 1.67 HS R/L 0.00/0.00
item 4 real     trial 27 loom           6.3s  DNp09 0.00 MDN 2.92 DNp01 41.67 pC1 4.28 pIP10 3.33 HS R/L 0.00/0.00
item 4 real     trial 27 recede         6.3s  DNp09 0.00 MDN 0.83 DNp01 250.00 pC1 0.90 pIP10 0.00 HS R/L 0.00/0.00
item 4 real     trial 27 control_visual   6.3s  DNp09 0.00 MDN 16.25 DNp01 0.00 pC1 8.48 pIP10 3.33 HS R/L 0.00/0.00
item 4 real     trial 28 loom           6.4s  DNp09 0.00 MDN 3.33 DNp01 65.00 pC1 3.06 pIP10 7.50 HS R/L 0.00/0.00
item 4 real     trial 28 recede         6.3s  DNp09 0.00 MDN 0.83 DNp01 250.00 pC1 0.98 pIP10 0.00 HS R/L 0.00/0.00
item 4 real     trial 28 control_visual   6.4s  DNp09 0.00 MDN 5.83 DNp01 0.83 pC1 2.97 pIP10 11.67 HS R/L 0.00/0.00
item 4 real     trial 29 loom           6.3s  DNp09 0.00 MDN 29.17 DNp01 133.33 pC1 1.58 pIP10 2.50 HS R/L 0.00/0.00
item 4 real     trial 29 recede         6.4s  DNp09 0.00 MDN 0.83 DNp01 250.00 pC1 0.85 pIP10 0.00 HS R/L 0.00/0.00
item 4 real     trial 29 control_visual   6.3s  DNp09 0.00 MDN 12.50 DNp01 3.33 pC1 5.05 pIP10 7.50 HS R/L 0.00/0.00
item 4 shuffled trial 0 loom           6.3s  DNp09 5.83 MDN 0.00 DNp01 0.00 pC1 0.71 pIP10 5.83 HS R/L 0.56/3.89
item 4 shuffled trial 0 recede         6.3s  DNp09 139.17 MDN 158.75 DNp01 9.17 pC1 127.94 pIP10 229.17 HS R/L 218.33/115.56
item 4 shuffled trial 0 control_visual   6.4s  DNp09 65.00 MDN 63.33 DNp01 5.00 pC1 51.66 pIP10 101.67 HS R/L 87.78/45.56
item 4 shuffled trial 1 loom           6.3s  DNp09 1.67 MDN 0.42 DNp01 3.33 pC1 1.07 pIP10 9.17 HS R/L 2.78/0.56
item 4 shuffled trial 1 recede         6.4s  DNp09 145.83 MDN 164.17 DNp01 222.50 pC1 127.82 pIP10 124.17 HS R/L 211.67/215.00
item 4 shuffled trial 1 control_visual   6.4s  DNp09 3.33 MDN 24.58 DNp01 35.83 pC1 14.42 pIP10 13.33 HS R/L 28.89/22.78
item 4 shuffled trial 2 loom           6.3s  DNp09 0.83 MDN 5.42 DNp01 2.50 pC1 0.61 pIP10 0.00 HS R/L 1.11/2.22
item 4 shuffled trial 2 recede         6.3s  DNp09 110.83 MDN 200.00 DNp01 209.17 pC1 132.51 pIP10 211.67 HS R/L 213.89/138.89
item 4 shuffled trial 2 control_visual   6.3s  DNp09 23.33 MDN 42.08 DNp01 33.33 pC1 19.57 pIP10 40.00 HS R/L 34.44/27.78
item 4 shuffled trial 3 loom           6.2s  DNp09 36.67 MDN 48.75 DNp01 25.00 pC1 34.28 pIP10 49.17 HS R/L 49.44/57.22
item 4 shuffled trial 3 recede         6.2s  DNp09 172.50 MDN 157.92 DNp01 100.83 pC1 117.96 pIP10 192.50 HS R/L 150.00/205.00
item 4 shuffled trial 3 control_visual   6.2s  DNp09 10.00 MDN 12.92 DNp01 8.33 pC1 8.25 pIP10 10.83 HS R/L 17.78/11.67
item 4 shuffled trial 4 loom           6.4s  DNp09 0.00 MDN 8.33 DNp01 0.83 pC1 2.29 pIP10 8.33 HS R/L 8.89/13.33
item 4 shuffled trial 4 recede         6.3s  DNp09 210.00 MDN 185.00 DNp01 117.50 pC1 125.99 pIP10 225.83 HS R/L 228.33/220.56
item 4 shuffled trial 4 control_visual   6.4s  DNp09 37.50 MDN 41.67 DNp01 33.33 pC1 23.80 pIP10 48.33 HS R/L 56.11/46.11
item 4 shuffled trial 5 loom           6.2s  DNp09 1.67 MDN 0.83 DNp01 0.00 pC1 1.08 pIP10 0.00 HS R/L 2.78/0.56
item 4 shuffled trial 5 recede         6.3s  DNp09 212.50 MDN 168.33 DNp01 0.00 pC1 119.67 pIP10 219.17 HS R/L 151.11/216.11
item 4 shuffled trial 5 control_visual   6.3s  DNp09 57.50 MDN 47.92 DNp01 0.00 pC1 35.18 pIP10 63.33 HS R/L 47.78/55.56
item 4 shuffled trial 6 loom           6.3s  DNp09 79.17 MDN 148.75 DNp01 60.83 pC1 83.57 pIP10 170.83 HS R/L 1.67/162.78
item 4 shuffled trial 6 recede         6.3s  DNp09 105.83 MDN 207.92 DNp01 90.00 pC1 113.50 pIP10 213.33 HS R/L 1.67/211.67
item 4 shuffled trial 6 control_visual   6.3s  DNp09 65.83 MDN 123.33 DNp01 55.83 pC1 69.56 pIP10 131.67 HS R/L 0.00/133.33
item 4 shuffled trial 7 loom           6.3s  DNp09 8.33 MDN 15.00 DNp01 11.67 pC1 4.52 pIP10 8.33 HS R/L 11.11/6.67
item 4 shuffled trial 7 recede         6.4s  DNp09 218.33 MDN 224.17 DNp01 220.83 pC1 140.59 pIP10 163.33 HS R/L 153.33/215.56
item 4 shuffled trial 7 control_visual   6.4s  DNp09 21.67 MDN 14.17 DNp01 13.33 pC1 6.51 pIP10 8.33 HS R/L 7.22/8.89
item 4 shuffled trial 8 loom           6.3s  DNp09 5.00 MDN 10.42 DNp01 5.00 pC1 4.15 pIP10 14.17 HS R/L 8.33/8.89
item 4 shuffled trial 8 recede         6.3s  DNp09 217.50 MDN 217.92 DNp01 154.17 pC1 115.19 pIP10 222.50 HS R/L 218.33/155.56
item 4 shuffled trial 8 control_visual   6.2s  DNp09 13.33 MDN 16.25 DNp01 10.83 pC1 9.36 pIP10 23.33 HS R/L 20.00/13.89
item 4 shuffled trial 9 loom           6.3s  DNp09 13.33 MDN 11.25 DNp01 6.67 pC1 9.69 pIP10 5.00 HS R/L 30.56/22.78
item 4 shuffled trial 9 recede         6.3s  DNp09 207.50 MDN 214.58 DNp01 135.00 pC1 129.07 pIP10 126.67 HS R/L 223.89/155.56
item 4 shuffled trial 9 control_visual   6.3s  DNp09 15.83 MDN 13.33 DNp01 4.17 pC1 9.82 pIP10 6.67 HS R/L 23.33/18.33
item 4 shuffled trial 10 loom           6.3s  DNp09 7.50 MDN 0.83 DNp01 0.00 pC1 1.53 pIP10 3.33 HS R/L 4.44/1.67
item 4 shuffled trial 10 recede         6.3s  DNp09 211.67 MDN 149.17 DNp01 112.50 pC1 114.87 pIP10 214.17 HS R/L 222.22/213.33
item 4 shuffled trial 10 control_visual   6.4s  DNp09 22.50 MDN 14.17 DNp01 21.67 pC1 14.38 pIP10 22.50 HS R/L 35.00/26.67
item 4 shuffled trial 11 loom           6.3s  DNp09 5.83 MDN 0.00 DNp01 0.00 pC1 1.23 pIP10 1.67 HS R/L 7.22/2.22
item 4 shuffled trial 11 recede         6.3s  DNp09 110.00 MDN 105.00 DNp01 111.67 pC1 114.08 pIP10 115.00 HS R/L 168.89/219.44
item 4 shuffled trial 11 control_visual   6.3s  DNp09 8.33 MDN 0.83 DNp01 5.00 pC1 3.99 pIP10 11.67 HS R/L 10.00/8.33
item 4 shuffled trial 12 loom           6.3s  DNp09 1.67 MDN 2.50 DNp01 0.00 pC1 0.61 pIP10 1.67 HS R/L 1.67/0.56
item 4 shuffled trial 12 recede         6.3s  DNp09 218.33 MDN 146.25 DNp01 144.17 pC1 128.03 pIP10 214.17 HS R/L 216.67/223.33
item 4 shuffled trial 12 control_visual   6.3s  DNp09 20.83 MDN 18.75 DNp01 19.17 pC1 11.31 pIP10 21.67 HS R/L 20.00/25.00
item 4 shuffled trial 13 loom           6.3s  DNp09 1.67 MDN 2.50 DNp01 0.00 pC1 0.46 pIP10 0.00 HS R/L 0.00/1.67
item 4 shuffled trial 13 recede         6.3s  DNp09 104.17 MDN 192.92 DNp01 197.50 pC1 112.24 pIP10 206.67 HS R/L 168.33/53.33
item 4 shuffled trial 13 control_visual   6.3s  DNp09 5.83 MDN 13.75 DNp01 4.17 pC1 3.92 pIP10 7.50 HS R/L 3.33/1.67
item 4 shuffled trial 14 loom           6.3s  DNp09 5.83 MDN 9.58 DNp01 7.50 pC1 1.58 pIP10 0.00 HS R/L 0.56/5.00
item 4 shuffled trial 14 recede         6.4s  DNp09 112.50 MDN 166.25 DNp01 171.67 pC1 119.35 pIP10 9.17 HS R/L 149.44/209.44
item 4 shuffled trial 14 control_visual   6.3s  DNp09 16.67 MDN 35.00 DNp01 12.50 pC1 13.17 pIP10 17.50 HS R/L 8.89/23.89
item 4 shuffled trial 15 loom           6.4s  DNp09 0.83 MDN 2.08 DNp01 1.67 pC1 1.19 pIP10 0.00 HS R/L 0.00/2.78
item 4 shuffled trial 15 recede         6.4s  DNp09 32.50 MDN 176.25 DNp01 191.67 pC1 114.27 pIP10 108.33 HS R/L 141.67/210.56
item 4 shuffled trial 15 control_visual   6.3s  DNp09 0.00 MDN 6.25 DNp01 11.67 pC1 5.92 pIP10 3.33 HS R/L 9.44/13.33
item 4 shuffled trial 16 loom           6.3s  DNp09 4.17 MDN 4.58 DNp01 0.00 pC1 0.99 pIP10 2.50 HS R/L 2.22/3.33
item 4 shuffled trial 16 recede         6.3s  DNp09 217.50 MDN 164.58 DNp01 113.33 pC1 126.07 pIP10 214.17 HS R/L 214.44/152.22
item 4 shuffled trial 16 control_visual   6.3s  DNp09 56.67 MDN 43.75 DNp01 45.00 pC1 35.42 pIP10 60.00 HS R/L 62.22/47.22
item 4 shuffled trial 17 loom           6.3s  DNp09 2.50 MDN 0.83 DNp01 0.00 pC1 1.13 pIP10 5.83 HS R/L 6.11/9.44
item 4 shuffled trial 17 recede         6.3s  DNp09 178.33 MDN 149.58 DNp01 110.83 pC1 140.91 pIP10 232.50 HS R/L 209.44/216.11
item 4 shuffled trial 17 control_visual   6.3s  DNp09 71.67 MDN 60.42 DNp01 40.00 pC1 47.68 pIP10 91.67 HS R/L 77.22/79.44
item 4 shuffled trial 18 loom           6.3s  DNp09 0.00 MDN 0.42 DNp01 0.00 pC1 0.42 pIP10 0.00 HS R/L 1.11/4.44
item 4 shuffled trial 18 recede         6.2s  DNp09 212.50 MDN 164.17 DNp01 151.67 pC1 111.58 pIP10 119.17 HS R/L 182.22/155.00
item 4 shuffled trial 18 control_visual   6.3s  DNp09 16.67 MDN 11.67 DNp01 5.00 pC1 9.12 pIP10 12.50 HS R/L 14.44/21.67
item 4 shuffled trial 19 loom           6.3s  DNp09 0.00 MDN 2.50 DNp01 0.00 pC1 0.92 pIP10 0.00 HS R/L 0.56/8.33
item 4 shuffled trial 19 recede         6.3s  DNp09 215.83 MDN 155.83 DNp01 15.00 pC1 141.29 pIP10 217.50 HS R/L 204.44/222.22
item 4 shuffled trial 19 control_visual   6.3s  DNp09 52.50 MDN 22.50 DNp01 5.00 pC1 21.51 pIP10 24.17 HS R/L 26.11/37.78
item 4 shuffled trial 20 loom           6.3s  DNp09 0.00 MDN 2.92 DNp01 4.17 pC1 3.12 pIP10 0.00 HS R/L 3.89/15.00
item 4 shuffled trial 20 recede         6.3s  DNp09 1.67 MDN 165.83 DNp01 158.33 pC1 126.44 pIP10 119.17 HS R/L 182.78/220.56
item 4 shuffled trial 20 control_visual   6.3s  DNp09 5.00 MDN 31.25 DNp01 24.17 pC1 16.96 pIP10 9.17 HS R/L 29.44/41.11
item 4 shuffled trial 21 loom           6.4s  DNp09 1.67 MDN 25.00 DNp01 4.17 pC1 10.38 pIP10 17.50 HS R/L 13.89/17.22
item 4 shuffled trial 21 recede         6.4s  DNp09 106.67 MDN 221.67 DNp01 107.50 pC1 133.78 pIP10 221.67 HS R/L 212.78/146.11
item 4 shuffled trial 21 control_visual   6.3s  DNp09 10.00 MDN 31.25 DNp01 9.17 pC1 17.45 pIP10 39.17 HS R/L 20.56/25.00
item 4 shuffled trial 22 loom           6.4s  DNp09 2.50 MDN 2.50 DNp01 0.00 pC1 1.12 pIP10 0.00 HS R/L 2.78/1.11
item 4 shuffled trial 22 recede         6.4s  DNp09 212.50 MDN 149.17 DNp01 105.00 pC1 137.50 pIP10 5.00 HS R/L 212.78/99.44
item 4 shuffled trial 22 control_visual   6.4s  DNp09 1.67 MDN 5.42 DNp01 0.00 pC1 4.04 pIP10 0.00 HS R/L 2.78/9.44
item 4 shuffled trial 23 loom           6.3s  DNp09 0.00 MDN 3.75 DNp01 0.83 pC1 1.69 pIP10 1.67 HS R/L 6.67/10.00
item 4 shuffled trial 23 recede         6.3s  DNp09 101.67 MDN 155.83 DNp01 196.67 pC1 121.57 pIP10 114.17 HS R/L 220.56/225.00
item 4 shuffled trial 23 control_visual   6.3s  DNp09 24.17 MDN 35.00 DNp01 40.00 pC1 28.69 pIP10 31.67 HS R/L 62.78/67.78
item 4 shuffled trial 24 loom           6.3s  DNp09 21.67 MDN 7.92 DNp01 0.00 pC1 12.31 pIP10 6.67 HS R/L 15.00/20.56
item 4 shuffled trial 24 recede         6.4s  DNp09 205.00 MDN 95.00 DNp01 0.00 pC1 112.59 pIP10 51.67 HS R/L 165.56/148.33
item 4 shuffled trial 24 control_visual   6.4s  DNp09 9.17 MDN 6.25 DNp01 0.00 pC1 5.57 pIP10 0.83 HS R/L 5.00/15.56
item 4 shuffled trial 25 loom           6.3s  DNp09 3.33 MDN 6.25 DNp01 1.67 pC1 0.83 pIP10 0.00 HS R/L 5.56/1.11
item 4 shuffled trial 25 recede         6.3s  DNp09 205.83 MDN 206.25 DNp01 115.00 pC1 109.13 pIP10 210.83 HS R/L 212.22/121.67
item 4 shuffled trial 25 control_visual   6.3s  DNp09 26.67 MDN 22.08 DNp01 20.83 pC1 10.43 pIP10 20.00 HS R/L 33.33/11.11
item 4 shuffled trial 26 loom           6.3s  DNp09 0.83 MDN 2.92 DNp01 0.00 pC1 1.01 pIP10 0.00 HS R/L 0.56/7.22
item 4 shuffled trial 26 recede         6.4s  DNp09 207.50 MDN 158.75 DNp01 218.33 pC1 135.93 pIP10 206.67 HS R/L 120.00/149.44
item 4 shuffled trial 26 control_visual   6.5s  DNp09 16.67 MDN 9.58 DNp01 15.83 pC1 9.28 pIP10 15.00 HS R/L 10.00/15.56
item 4 shuffled trial 27 loom           6.3s  DNp09 0.00 MDN 2.92 DNp01 0.00 pC1 0.65 pIP10 0.83 HS R/L 2.22/2.22
item 4 shuffled trial 27 recede         6.4s  DNp09 112.50 MDN 169.58 DNp01 93.33 pC1 122.65 pIP10 98.33 HS R/L 214.44/176.11
item 4 shuffled trial 27 control_visual   6.3s  DNp09 75.00 MDN 117.92 DNp01 59.17 pC1 83.12 pIP10 76.67 HS R/L 142.78/118.33
item 4 shuffled trial 28 loom           6.2s  DNp09 0.00 MDN 3.33 DNp01 3.33 pC1 0.61 pIP10 0.00 HS R/L 0.56/0.56
item 4 shuffled trial 28 recede         6.3s  DNp09 220.00 MDN 216.25 DNp01 215.00 pC1 129.52 pIP10 217.50 HS R/L 210.56/143.89
item 4 shuffled trial 28 control_visual   6.3s  DNp09 8.33 MDN 3.33 DNp01 7.50 pC1 2.76 pIP10 3.33 HS R/L 4.44/1.11
item 4 shuffled trial 29 loom           6.4s  DNp09 25.83 MDN 22.08 DNp01 1.67 pC1 16.93 pIP10 18.33 HS R/L 23.33/37.78
item 4 shuffled trial 29 recede         6.4s  DNp09 209.17 MDN 157.92 DNp01 5.00 pC1 125.75 pIP10 209.17 HS R/L 214.44/227.78
item 4 shuffled trial 29 control_visual   6.4s  DNp09 35.83 MDN 25.00 DNp01 0.00 pC1 17.51 pIP10 22.50 HS R/L 27.78/42.78
  jitter trial 0 j=1: wscale 0.1733 probe 12.782 (target 13.609) in 6 iters
item 4 random   trial 0 loom           6.4s  DNp09 58.33 MDN 32.92 DNp01 79.17 pC1 6.55 pIP10 75.00 HS R/L 95.00/0.00
item 4 random   trial 0 recede         6.3s  DNp09 125.83 MDN 102.92 DNp01 180.83 pC1 21.78 pIP10 150.83 HS R/L 171.67/0.00
item 4 random   trial 0 control_visual   6.4s  DNp09 96.67 MDN 73.75 DNp01 112.50 pC1 16.23 pIP10 123.33 HS R/L 151.11/0.00
  jitter trial 0 j=1.41: wscale 0.1733 probe 13.055 (target 13.609) in 6 iters
item 4 random   trial 0 loom           6.4s  DNp09 80.83 MDN 58.33 DNp01 97.50 pC1 11.11 pIP10 89.17 HS R/L 121.67/0.00
item 4 random   trial 0 recede         6.4s  DNp09 132.50 MDN 107.92 DNp01 174.17 pC1 22.50 pIP10 140.00 HS R/L 169.44/0.00
item 4 random   trial 0 control_visual   6.4s  DNp09 100.00 MDN 76.25 DNp01 107.50 pC1 16.41 pIP10 112.50 HS R/L 142.22/0.00
  jitter trial 0 j=2: wscale 0.1733 probe 14.247 (target 13.609) in 6 iters
item 4 random   trial 0 loom           6.4s  DNp09 117.50 MDN 96.25 DNp01 120.00 pC1 21.65 pIP10 114.17 HS R/L 152.22/0.00
item 4 random   trial 0 recede         6.4s  DNp09 137.50 MDN 113.75 DNp01 162.50 pC1 26.49 pIP10 131.67 HS R/L 168.89/0.00
item 4 random   trial 0 control_visual   6.4s  DNp09 103.33 MDN 84.58 DNp01 100.00 pC1 19.29 pIP10 102.50 HS R/L 135.56/0.00
  jitter trial 0 j=2.83: wscale 0.1521 probe 11.825 (target 13.609) in 4 iters
item 4 random   trial 0 loom           6.4s  DNp09 80.00 MDN 83.75 DNp01 96.67 pC1 14.51 pIP10 79.17 HS R/L 133.89/0.00
item 4 random   trial 0 recede         6.4s  DNp09 94.17 MDN 96.25 DNp01 128.33 pC1 17.57 pIP10 95.83 HS R/L 146.67/0.00
item 4 random   trial 0 control_visual   6.4s  DNp09 65.83 MDN 67.92 DNp01 67.50 pC1 10.96 pIP10 60.83 HS R/L 105.00/0.00
  jitter trial 0 j=4: wscale 0.1521 probe 14.339 (target 13.609) in 4 iters
item 4 random   trial 0 loom           6.4s  DNp09 85.83 MDN 98.33 DNp01 95.00 pC1 22.36 pIP10 76.67 HS R/L 127.22/0.00
item 4 random   trial 0 recede         6.4s  DNp09 94.17 MDN 106.25 DNp01 122.50 pC1 25.21 pIP10 88.33 HS R/L 137.78/0.00
item 4 random   trial 0 control_visual   6.4s  DNp09 73.33 MDN 88.33 DNp01 72.50 pC1 19.40 pIP10 68.33 HS R/L 108.33/0.00
  jitter trial 1 j=1: wscale 0.0744 probe 14.346 (target 13.609) in 5 iters
item 4 random   trial 1 loom           6.4s  DNp09 65.00 MDN 35.00 DNp01 100.00 pC1 4.36 pIP10 38.33 HS R/L 53.33/0.00
item 4 random   trial 1 recede         6.4s  DNp09 180.00 MDN 152.50 DNp01 198.33 pC1 26.11 pIP10 156.67 HS R/L 170.00/0.00
item 4 random   trial 1 control_visual   6.4s  DNp09 139.17 MDN 108.33 DNp01 139.17 pC1 18.43 pIP10 112.50 HS R/L 122.78/0.00
  jitter trial 1 j=1.41: wscale 0.0744 probe 14.745 (target 13.609) in 5 iters
item 4 random   trial 1 loom           6.4s  DNp09 70.00 MDN 45.00 DNp01 94.17 pC1 5.00 pIP10 39.17 HS R/L 58.33/0.00
item 4 random   trial 1 recede         6.4s  DNp09 180.00 MDN 156.67 DNp01 197.50 pC1 26.51 pIP10 152.50 HS R/L 171.67/0.00
item 4 random   trial 1 control_visual   6.4s  DNp09 145.83 MDN 118.75 DNp01 145.00 pC1 19.73 pIP10 112.50 HS R/L 131.67/0.00
  jitter trial 1 j=2: wscale 0.0744 probe 15.803 (target 13.609) in 5 iters
item 4 random   trial 1 loom           6.4s  DNp09 80.00 MDN 59.17 DNp01 94.17 pC1 7.84 pIP10 43.33 HS R/L 71.67/0.00
item 4 random   trial 1 recede         6.4s  DNp09 179.17 MDN 161.25 DNp01 196.67 pC1 30.27 pIP10 141.67 HS R/L 167.78/0.00
item 4 random   trial 1 control_visual   6.4s  DNp09 152.50 MDN 129.17 DNp01 150.00 pC1 24.06 pIP10 109.17 HS R/L 136.67/0.00
  jitter trial 1 j=2.83: wscale 0.0653 probe 13.155 (target 13.609) in 6 iters
item 4 random   trial 1 loom           6.4s  DNp09 150.00 MDN 117.50 DNp01 149.17 pC1 15.51 pIP10 60.00 HS R/L 145.00/0.00
item 4 random   trial 1 recede         6.4s  DNp09 175.00 MDN 143.33 DNp01 194.17 pC1 19.32 pIP10 75.83 HS R/L 165.56/0.00
item 4 random   trial 1 control_visual   6.4s  DNp09 150.00 MDN 115.83 DNp01 142.50 pC1 15.59 pIP10 57.50 HS R/L 138.33/0.00
  jitter trial 1 j=4: wscale 0.0573 probe 11.580 (target 13.609) in 3 iters
item 4 random   trial 1 loom           6.3s  DNp09 135.83 MDN 112.08 DNp01 130.83 pC1 12.37 pIP10 24.17 HS R/L 148.89/0.00
item 4 random   trial 1 recede         6.4s  DNp09 153.33 MDN 131.25 DNp01 158.33 pC1 14.33 pIP10 29.17 HS R/L 162.78/0.00
item 4 random   trial 1 control_visual   6.4s  DNp09 131.67 MDN 108.33 DNp01 114.17 pC1 12.16 pIP10 23.33 HS R/L 140.00/0.00
  jitter trial 2 j=1: wscale 2.4640 probe 14.774 (target 13.609) in 5 iters
item 4 random   trial 2 loom           6.4s  DNp09 35.00 MDN 22.08 DNp01 65.00 pC1 7.90 pIP10 29.17 HS R/L 32.78/31.67
item 4 random   trial 2 recede         6.4s  DNp09 140.83 MDN 125.00 DNp01 157.50 pC1 48.62 pIP10 134.17 HS R/L 146.67/146.11
item 4 random   trial 2 control_visual   6.5s  DNp09 140.00 MDN 127.92 DNp01 143.33 pC1 50.28 pIP10 137.50 HS R/L 140.00/138.33
  jitter trial 2 j=1.41: wscale 2.4640 probe 14.983 (target 13.609) in 5 iters
item 4 random   trial 2 loom           6.4s  DNp09 43.33 MDN 30.83 DNp01 75.00 pC1 12.72 pIP10 40.00 HS R/L 41.67/41.67
item 4 random   trial 2 recede         6.4s  DNp09 137.50 MDN 116.25 DNp01 155.83 pC1 51.29 pIP10 134.17 HS R/L 147.78/148.33
item 4 random   trial 2 control_visual   6.4s  DNp09 142.50 MDN 120.83 DNp01 145.00 pC1 54.04 pIP10 139.17 HS R/L 141.11/141.67
  jitter trial 2 j=2: wscale 2.4640 probe 15.709 (target 13.609) in 5 iters
item 4 random   trial 2 loom           6.4s  DNp09 120.00 MDN 92.50 DNp01 130.83 pC1 47.49 pIP10 117.50 HS R/L 121.67/121.67
item 4 random   trial 2 recede         6.5s  DNp09 139.17 MDN 108.75 DNp01 156.67 pC1 56.18 pIP10 136.67 HS R/L 148.33/150.00
item 4 random   trial 2 control_visual   6.5s  DNp09 144.17 MDN 112.08 DNp01 147.50 pC1 58.07 pIP10 142.50 HS R/L 141.67/145.00
  jitter trial 2 j=2.83: wscale 1.9000 probe 10.513 (target 13.609) in 4 iters
item 4 random   trial 2 loom           6.3s  DNp09 24.17 MDN 10.83 DNp01 77.50 pC1 5.15 pIP10 25.83 HS R/L 31.67/38.33
item 4 random   trial 2 recede         6.4s  DNp09 95.83 MDN 60.83 DNp01 151.67 pC1 27.90 pIP10 107.50 HS R/L 142.78/148.89
item 4 random   trial 2 control_visual   6.3s  DNp09 102.50 MDN 62.92 DNp01 145.00 pC1 29.96 pIP10 114.17 HS R/L 137.78/143.33
  jitter trial 2 j=4: wscale 1.9000 probe 12.035 (target 13.609) in 4 iters
item 4 random   trial 2 loom           6.2s  DNp09 45.83 MDN 29.17 DNp01 101.67 pC1 17.13 pIP10 55.00 HS R/L 63.89/73.33
item 4 random   trial 2 recede         6.2s  DNp09 90.83 MDN 59.58 DNp01 155.83 pC1 36.01 pIP10 108.33 HS R/L 142.78/151.67
item 4 random   trial 2 control_visual   6.3s  DNp09 94.17 MDN 60.42 DNp01 150.00 pC1 38.09 pIP10 114.17 HS R/L 138.33/146.67
  jitter trial 3 j=1: wscale 0.8508 probe 11.613 (target 13.609) in 5 iters
item 4 random   trial 3 loom           6.2s  DNp09 45.00 MDN 17.92 DNp01 96.67 pC1 4.22 pIP10 0.00 HS R/L 55.00/0.00
item 4 random   trial 3 recede         6.3s  DNp09 166.67 MDN 121.67 DNp01 195.83 pC1 33.66 pIP10 36.67 HS R/L 173.33/0.00
item 4 random   trial 3 control_visual   6.3s  DNp09 110.00 MDN 67.50 DNp01 119.17 pC1 18.93 pIP10 15.00 HS R/L 160.00/0.00
  jitter trial 3 j=1.41: wscale 0.8508 probe 12.186 (target 13.609) in 5 iters
item 4 random   trial 3 loom           6.3s  DNp09 47.50 MDN 22.92 DNp01 103.33 pC1 5.85 pIP10 0.83 HS R/L 53.33/0.00
item 4 random   trial 3 recede         6.2s  DNp09 170.00 MDN 132.92 DNp01 197.50 pC1 39.79 pIP10 60.83 HS R/L 174.44/0.00
item 4 random   trial 3 control_visual   6.2s  DNp09 145.83 MDN 105.83 DNp01 154.17 pC1 32.18 pIP10 44.17 HS R/L 161.11/0.00
  jitter trial 3 j=2: wscale 0.8508 probe 13.621 (target 13.609) in 5 iters
item 4 random   trial 3 loom           6.2s  DNp09 65.83 MDN 42.92 DNp01 112.50 pC1 13.63 pIP10 20.83 HS R/L 70.00/0.00
item 4 random   trial 3 recede         6.6s  DNp09 173.33 MDN 136.67 DNp01 197.50 pC1 48.19 pIP10 99.17 HS R/L 175.56/0.00
item 4 random   trial 3 control_visual   6.7s  DNp09 154.17 MDN 115.42 DNp01 162.50 pC1 41.46 pIP10 81.67 HS R/L 157.22/0.00
  jitter trial 3 j=2.83: wscale 0.8508 probe 15.324 (target 13.609) in 5 iters
item 4 random   trial 3 loom           6.7s  DNp09 82.50 MDN 60.42 DNp01 123.33 pC1 23.50 pIP10 48.33 HS R/L 82.22/0.00
item 4 random   trial 3 recede         6.7s  DNp09 175.83 MDN 139.17 DNp01 197.50 pC1 56.67 pIP10 132.50 HS R/L 176.11/0.00
item 4 random   trial 3 control_visual   6.7s  DNp09 162.50 MDN 122.50 DNp01 169.17 pC1 51.09 pIP10 113.33 HS R/L 161.11/0.00
  jitter trial 3 j=4: wscale 0.6561 probe 10.339 (target 13.609) in 1 iters
item 4 random   trial 3 loom           6.7s  DNp09 59.17 MDN 36.67 DNp01 105.83 pC1 11.05 pIP10 15.00 HS R/L 45.00/0.00
item 4 random   trial 3 recede         6.7s  DNp09 163.33 MDN 119.17 DNp01 197.50 pC1 34.50 pIP10 76.67 HS R/L 152.78/0.00
item 4 random   trial 3 control_visual   6.7s  DNp09 150.83 MDN 105.42 DNp01 169.17 pC1 31.03 pIP10 64.17 HS R/L 135.56/0.00
  jitter trial 4 j=1: wscale 0.4106 probe 11.416 (target 13.609) in 5 iters
item 4 random   trial 4 loom           6.8s  DNp09 0.00 MDN 0.00 DNp01 106.67 pC1 0.00 pIP10 0.00 HS R/L 15.00/0.00
item 4 random   trial 4 recede         6.8s  DNp09 111.67 MDN 169.58 DNp01 247.50 pC1 32.36 pIP10 77.50 HS R/L 213.33/136.11
item 4 random   trial 4 control_visual   6.8s  DNp09 79.17 MDN 120.00 DNp01 146.67 pC1 22.61 pIP10 49.17 HS R/L 135.00/89.44
  jitter trial 4 j=1.41: wscale 0.4106 probe 12.230 (target 13.609) in 5 iters
item 4 random   trial 4 loom           6.8s  DNp09 0.00 MDN 0.00 DNp01 97.50 pC1 0.00 pIP10 0.00 HS R/L 0.00/0.00
item 4 random   trial 4 recede         6.8s  DNp09 120.83 MDN 174.17 DNp01 246.67 pC1 34.47 pIP10 82.50 HS R/L 201.67/98.89
item 4 random   trial 4 control_visual   6.8s  DNp09 93.33 MDN 135.42 DNp01 161.67 pC1 27.18 pIP10 62.50 HS R/L 156.67/80.56
  jitter trial 4 j=2: wscale 0.4106 probe 13.787 (target 13.609) in 5 iters
item 4 random   trial 4 loom           6.8s  DNp09 0.00 MDN 0.00 DNp01 89.17 pC1 0.00 pIP10 0.00 HS R/L 0.00/0.00
item 4 random   trial 4 recede         6.8s  DNp09 132.50 MDN 185.42 DNp01 247.50 pC1 46.57 pIP10 105.83 HS R/L 198.33/75.56
item 4 random   trial 4 control_visual   6.8s  DNp09 109.17 MDN 144.17 DNp01 173.33 pC1 36.55 pIP10 83.33 HS R/L 159.44/62.78
  jitter trial 4 j=2.83: wscale 0.4106 probe 15.636 (target 13.609) in 5 iters
item 4 random   trial 4 loom           6.8s  DNp09 6.67 MDN 14.58 DNp01 88.33 pC1 2.49 pIP10 2.50 HS R/L 18.33/1.11
item 4 random   trial 4 recede         6.8s  DNp09 165.00 MDN 169.58 DNp01 247.50 pC1 60.40 pIP10 118.33 HS R/L 202.78/51.67
item 4 random   trial 4 control_visual   6.9s  DNp09 157.50 MDN 153.75 DNp01 204.17 pC1 56.67 pIP10 109.17 HS R/L 187.22/49.44
  jitter trial 4 j=4: wscale 0.3606 probe 13.401 (target 13.609) in 6 iters
item 4 random   trial 4 loom           6.8s  DNp09 12.50 MDN 14.58 DNp01 80.00 pC1 4.63 pIP10 7.50 HS R/L 21.11/3.89
item 4 random   trial 4 recede         6.8s  DNp09 141.67 MDN 126.25 DNp01 247.50 pC1 48.71 pIP10 96.67 HS R/L 170.00/18.89
item 4 random   trial 4 control_visual   6.8s  DNp09 138.33 MDN 112.92 DNp01 200.83 pC1 45.38 pIP10 88.33 HS R/L 156.11/16.67
  jitter trial 5 j=1: wscale 0.2919 probe 13.226 (target 13.609) in 1 iters
item 4 random   trial 5 loom           6.9s  DNp09 48.33 MDN 31.67 DNp01 102.50 pC1 4.62 pIP10 50.83 HS R/L 0.00/56.67
item 4 random   trial 5 recede         6.9s  DNp09 126.67 MDN 118.75 DNp01 165.00 pC1 30.96 pIP10 128.33 HS R/L 0.00/135.00
item 4 random   trial 5 control_visual   6.9s  DNp09 25.00 MDN 17.08 DNp01 123.33 pC1 1.04 pIP10 23.33 HS R/L 0.00/23.33
  jitter trial 5 j=1.41: wscale 0.2919 probe 13.690 (target 13.609) in 1 iters
item 4 random   trial 5 loom           6.9s  DNp09 57.50 MDN 53.75 DNp01 100.00 pC1 9.04 pIP10 65.00 HS R/L 0.00/65.00
item 4 random   trial 5 recede         6.9s  DNp09 129.17 MDN 120.42 DNp01 165.00 pC1 34.75 pIP10 135.83 HS R/L 0.00/140.00
item 4 random   trial 5 control_visual   6.9s  DNp09 15.83 MDN 7.92 DNp01 101.67 pC1 0.38 pIP10 19.17 HS R/L 0.00/26.67
  jitter trial 5 j=2: wscale 0.2919 probe 15.130 (target 13.609) in 1 iters
item 4 random   trial 5 loom           6.9s  DNp09 71.67 MDN 70.42 DNp01 102.50 pC1 16.52 pIP10 82.50 HS R/L 0.00/90.00
item 4 random   trial 5 recede         6.9s  DNp09 135.00 MDN 125.00 DNp01 164.17 pC1 40.92 pIP10 140.83 HS R/L 0.00/145.00
item 4 random   trial 5 control_visual   6.8s  DNp09 26.67 MDN 11.25 DNp01 82.50 pC1 1.11 pIP10 45.00 HS R/L 0.00/113.33
  jitter trial 5 j=2.83: wscale 0.2564 probe 12.671 (target 13.609) in 6 iters
item 4 random   trial 5 loom           6.9s  DNp09 70.83 MDN 65.83 DNp01 96.67 pC1 13.63 pIP10 85.83 HS R/L 0.00/106.67
item 4 random   trial 5 recede         6.9s  DNp09 132.50 MDN 122.92 DNp01 163.33 pC1 34.37 pIP10 140.00 HS R/L 0.00/146.67
item 4 random   trial 5 control_visual   6.9s  DNp09 10.83 MDN 0.00 DNp01 50.00 pC1 0.99 pIP10 42.50 HS R/L 0.00/126.67
  jitter trial 5 j=4: wscale 0.2251 probe 11.512 (target 13.609) in 5 iters
item 4 random   trial 5 loom           6.9s  DNp09 75.00 MDN 67.50 DNp01 91.67 pC1 13.49 pIP10 90.00 HS R/L 0.00/113.33
item 4 random   trial 5 recede         6.9s  DNp09 132.50 MDN 122.08 DNp01 152.50 pC1 30.76 pIP10 140.00 HS R/L 0.00/146.67
item 4 random   trial 5 control_visual   6.9s  DNp09 45.00 MDN 32.50 DNp01 60.83 pC1 8.86 pIP10 100.83 HS R/L 0.56/137.78
  jitter trial 6 j=1: wscale 0.0661 probe 12.436 (target 13.609) in 4 iters
item 4 random   trial 6 loom           6.8s  DNp09 82.50 MDN 67.92 DNp01 117.50 pC1 20.63 pIP10 74.17 HS R/L 9.44/65.56
item 4 random   trial 6 recede         6.8s  DNp09 146.67 MDN 131.67 DNp01 165.00 pC1 53.22 pIP10 139.17 HS R/L 1.67/130.00
item 4 random   trial 6 control_visual   6.8s  DNp09 100.00 MDN 85.00 DNp01 116.67 pC1 26.32 pIP10 83.33 HS R/L 38.33/80.00
  jitter trial 6 j=1.41: wscale 0.0661 probe 12.538 (target 13.609) in 4 iters
item 4 random   trial 6 loom           6.8s  DNp09 98.33 MDN 81.67 DNp01 130.83 pC1 27.38 pIP10 88.33 HS R/L 8.33/83.33
item 4 random   trial 6 recede         6.8s  DNp09 149.17 MDN 129.58 DNp01 165.00 pC1 51.38 pIP10 137.50 HS R/L 1.67/138.89
item 4 random   trial 6 control_visual   6.8s  DNp09 106.67 MDN 89.58 DNp01 119.17 pC1 30.10 pIP10 90.83 HS R/L 10.00/86.67
  jitter trial 6 j=2: wscale 0.0661 probe 13.147 (target 13.609) in 4 iters
item 4 random   trial 6 loom           6.8s  DNp09 110.83 MDN 91.25 DNp01 142.50 pC1 32.87 pIP10 99.17 HS R/L 3.33/98.89
item 4 random   trial 6 recede         6.8s  DNp09 150.00 MDN 127.50 DNp01 165.00 pC1 51.21 pIP10 136.67 HS R/L 1.11/144.44
item 4 random   trial 6 control_visual   6.8s  DNp09 111.67 MDN 94.58 DNp01 120.83 pC1 34.17 pIP10 96.67 HS R/L 3.89/92.22
  jitter trial 6 j=2.83: wscale 0.0661 probe 14.318 (target 13.609) in 4 iters
item 4 random   trial 6 loom           6.8s  DNp09 122.50 MDN 96.25 DNp01 148.33 pC1 39.64 pIP10 107.50 HS R/L 1.11/113.33
item 4 random   trial 6 recede         6.8s  DNp09 150.83 MDN 122.50 DNp01 165.00 pC1 52.84 pIP10 136.67 HS R/L 1.67/147.78
item 4 random   trial 6 control_visual   6.8s  DNp09 120.83 MDN 98.75 DNp01 128.33 pC1 39.17 pIP10 105.83 HS R/L 1.11/107.22
  jitter trial 6 j=4: wscale 0.0661 probe 15.788 (target 13.609) in 4 iters
item 4 random   trial 6 loom           6.8s  DNp09 129.17 MDN 93.75 DNp01 151.67 pC1 43.46 pIP10 110.83 HS R/L 2.78/117.22
item 4 random   trial 6 recede         6.4s  DNp09 152.50 MDN 115.00 DNp01 165.00 pC1 54.70 pIP10 136.67 HS R/L 3.33/142.78
item 4 random   trial 6 control_visual   6.4s  DNp09 128.33 MDN 100.00 DNp01 136.67 pC1 45.21 pIP10 112.50 HS R/L 2.78/113.33
  jitter trial 7 j=1: wscale 1.1964 probe 16.786 (target 13.609) in 1 iters
item 4 random   trial 7 loom           6.4s  DNp09 8.33 MDN 0.42 DNp01 81.67 pC1 0.15 pIP10 0.83 HS R/L 6.67/0.00
item 4 random   trial 7 recede         6.4s  DNp09 298.33 MDN 297.92 DNp01 331.67 pC1 42.64 pIP10 132.50 HS R/L 298.33/0.00
item 4 random   trial 7 control_visual   6.4s  DNp09 52.50 MDN 44.17 DNp01 65.00 pC1 5.37 pIP10 21.67 HS R/L 28.33/0.00
  jitter trial 7 j=1.41: wscale 1.1964 probe 16.434 (target 13.609) in 1 iters
item 4 random   trial 7 loom           6.4s  DNp09 5.83 MDN 0.00 DNp01 81.67 pC1 0.18 pIP10 0.83 HS R/L 6.67/0.00
item 4 random   trial 7 recede         6.4s  DNp09 295.00 MDN 294.58 DNp01 330.83 pC1 41.67 pIP10 144.17 HS R/L 298.33/0.00
item 4 random   trial 7 control_visual   6.4s  DNp09 56.67 MDN 48.33 DNp01 70.83 pC1 6.27 pIP10 24.17 HS R/L 31.67/0.00
  jitter trial 7 j=2: wscale 1.1211 probe 14.366 (target 13.609) in 7 iters
item 4 random   trial 7 loom           6.4s  DNp09 4.17 MDN 0.00 DNp01 76.67 pC1 0.12 pIP10 0.83 HS R/L 3.33/0.00
item 4 random   trial 7 recede         6.4s  DNp09 265.83 MDN 285.42 DNp01 330.83 pC1 33.50 pIP10 110.83 HS R/L 298.33/0.00
item 4 random   trial 7 control_visual   6.5s  DNp09 28.33 MDN 28.75 DNp01 62.50 pC1 2.52 pIP10 8.33 HS R/L 0.00/0.00
  jitter trial 7 j=2.83: wscale 1.0506 probe 13.735 (target 13.609) in 6 iters
item 4 random   trial 7 loom           6.5s  DNp09 1.67 MDN 0.00 DNp01 74.17 pC1 0.06 pIP10 0.00 HS R/L 0.00/0.00
item 4 random   trial 7 recede         6.4s  DNp09 214.17 MDN 285.42 DNp01 330.00 pC1 33.82 pIP10 100.83 HS R/L 296.11/0.00
item 4 random   trial 7 control_visual   6.4s  DNp09 21.67 MDN 30.00 DNp01 64.17 pC1 3.06 pIP10 10.00 HS R/L 0.00/0.00
  jitter trial 7 j=4: wscale 0.9226 probe 10.414 (target 13.609) in 5 iters
item 4 random   trial 7 loom           6.5s  DNp09 0.00 MDN 0.00 DNp01 69.17 pC1 0.07 pIP10 0.00 HS R/L 0.00/0.00
item 4 random   trial 7 recede         6.5s  DNp09 30.83 MDN 246.25 DNp01 327.50 pC1 19.29 pIP10 69.17 HS R/L 256.11/0.00
item 4 random   trial 7 control_visual   6.5s  DNp09 10.00 MDN 25.42 DNp01 57.50 pC1 2.44 pIP10 7.50 HS R/L 0.00/0.00
  jitter trial 8 j=1: wscale 0.1541 probe 12.342 (target 13.609) in 6 iters
item 4 random   trial 8 loom           6.5s  DNp09 15.83 MDN 3.33 DNp01 81.67 pC1 0.03 pIP10 3.33 HS R/L 33.33/0.00
item 4 random   trial 8 recede         6.6s  DNp09 220.00 MDN 205.42 DNp01 245.00 pC1 14.99 pIP10 200.83 HS R/L 220.00/0.00
item 4 random   trial 8 control_visual   6.6s  DNp09 0.00 MDN 0.00 DNp01 11.67 pC1 0.02 pIP10 0.00 HS R/L 0.00/0.00
  jitter trial 8 j=1.41: wscale 0.1541 probe 12.932 (target 13.609) in 6 iters
item 4 random   trial 8 loom           6.5s  DNp09 13.33 MDN 2.92 DNp01 81.67 pC1 0.02 pIP10 8.33 HS R/L 33.33/0.00
item 4 random   trial 8 recede         6.5s  DNp09 220.83 MDN 207.08 DNp01 245.83 pC1 15.34 pIP10 210.00 HS R/L 218.33/0.00
item 4 random   trial 8 control_visual   6.5s  DNp09 0.00 MDN 0.00 DNp01 16.67 pC1 0.00 pIP10 0.00 HS R/L 0.00/0.00
  jitter trial 8 j=2: wscale 0.1541 probe 15.299 (target 13.609) in 6 iters
item 4 random   trial 8 loom           6.5s  DNp09 22.50 MDN 24.17 DNp01 85.83 pC1 0.45 pIP10 27.50 HS R/L 37.22/0.00
item 4 random   trial 8 recede         6.5s  DNp09 221.67 MDN 212.50 DNp01 245.83 pC1 36.00 pIP10 217.50 HS R/L 217.22/0.00
item 4 random   trial 8 control_visual   6.5s  DNp09 0.00 MDN 0.00 DNp01 19.17 pC1 0.01 pIP10 0.00 HS R/L 0.00/0.00
  jitter trial 8 j=2.83: wscale 0.1354 probe 11.863 (target 13.609) in 4 iters
item 4 random   trial 8 loom           6.6s  DNp09 10.00 MDN 10.00 DNp01 70.00 pC1 0.02 pIP10 18.33 HS R/L 1.67/0.00
item 4 random   trial 8 recede         6.5s  DNp09 213.33 MDN 191.67 DNp01 244.17 pC1 16.89 pIP10 214.17 HS R/L 200.56/0.00
item 4 random   trial 8 control_visual   6.6s  DNp09 0.00 MDN 0.00 DNp01 10.00 pC1 0.00 pIP10 0.00 HS R/L 0.00/0.00
  jitter trial 8 j=4: wscale 0.1354 probe 15.206 (target 13.609) in 4 iters
item 4 random   trial 8 loom           6.5s  DNp09 35.83 MDN 26.67 DNp01 85.83 pC1 2.26 pIP10 44.17 HS R/L 0.56/0.00
item 4 random   trial 8 recede         6.5s  DNp09 219.17 MDN 174.17 DNp01 244.17 pC1 52.53 pIP10 220.83 HS R/L 161.67/0.00
item 4 random   trial 8 control_visual   6.5s  DNp09 0.83 MDN 0.00 DNp01 13.33 pC1 0.03 pIP10 0.83 HS R/L 0.00/0.00
  jitter trial 9 j=1: wscale 0.3311 probe 13.344 (target 13.609) in 5 iters
item 4 random   trial 9 loom           6.4s  DNp09 0.00 MDN 0.00 DNp01 62.50 pC1 0.10 pIP10 0.00 HS R/L 0.00/0.00
item 4 random   trial 9 recede         6.4s  DNp09 166.67 MDN 160.42 DNp01 242.50 pC1 32.78 pIP10 162.50 HS R/L 4.44/0.00
item 4 random   trial 9 control_visual   6.5s  DNp09 83.33 MDN 77.50 DNp01 132.50 pC1 13.11 pIP10 76.67 HS R/L 1.67/0.00
  jitter trial 9 j=1.41: wscale 0.3311 probe 13.437 (target 13.609) in 5 iters
item 4 random   trial 9 loom           6.4s  DNp09 0.00 MDN 0.00 DNp01 62.50 pC1 0.07 pIP10 0.00 HS R/L 0.00/0.00
item 4 random   trial 9 recede         6.5s  DNp09 165.00 MDN 163.33 DNp01 241.67 pC1 38.73 pIP10 163.33 HS R/L 25.00/0.00
item 4 random   trial 9 control_visual   6.5s  DNp09 96.67 MDN 91.67 DNp01 142.50 pC1 18.84 pIP10 89.17 HS R/L 2.78/0.00
  jitter trial 9 j=2: wscale 0.3311 probe 15.484 (target 13.609) in 5 iters
item 4 random   trial 9 loom           6.4s  DNp09 0.00 MDN 0.00 DNp01 65.00 pC1 0.20 pIP10 0.83 HS R/L 0.00/0.00
item 4 random   trial 9 recede         6.4s  DNp09 172.50 MDN 160.00 DNp01 239.17 pC1 49.42 pIP10 170.83 HS R/L 97.22/0.56
item 4 random   trial 9 control_visual   6.4s  DNp09 123.33 MDN 112.50 DNp01 165.83 pC1 32.61 pIP10 117.50 HS R/L 57.78/0.00
  jitter trial 9 j=2.83: wscale 0.2907 probe 12.781 (target 13.609) in 6 iters
item 4 random   trial 9 loom           6.7s  DNp09 0.00 MDN 0.00 DNp01 57.50 pC1 0.14 pIP10 0.00 HS R/L 0.00/0.00
item 4 random   trial 9 recede         6.7s  DNp09 130.83 MDN 127.50 DNp01 235.00 pC1 35.59 pIP10 149.17 HS R/L 8.89/1.11
item 4 random   trial 9 control_visual   6.7s  DNp09 94.17 MDN 91.25 DNp01 164.17 pC1 25.30 pIP10 103.33 HS R/L 3.33/1.11
  jitter trial 9 j=4: wscale 0.2553 probe 11.239 (target 13.609) in 2 iters
item 4 random   trial 9 loom           6.7s  DNp09 0.83 MDN 0.00 DNp01 54.17 pC1 0.21 pIP10 0.00 HS R/L 0.00/0.00
item 4 random   trial 9 recede         6.7s  DNp09 91.67 MDN 101.25 DNp01 211.67 pC1 30.71 pIP10 103.33 HS R/L 1.67/1.67
item 4 random   trial 9 control_visual   6.7s  DNp09 70.00 MDN 75.83 DNp01 150.00 pC1 23.93 pIP10 77.50 HS R/L 1.11/1.11
  jitter trial 10 j=1: wscale 1.5162 probe 10.769 (target 13.609) in 5 iters
item 4 random   trial 10 loom           6.4s  DNp09 0.00 MDN 0.42 DNp01 106.67 pC1 0.01 pIP10 0.00 HS R/L 0.00/26.67
item 4 random   trial 10 recede         6.5s  DNp09 88.33 MDN 91.25 DNp01 196.67 pC1 20.63 pIP10 100.00 HS R/L 0.00/178.33
item 4 random   trial 10 control_visual   6.5s  DNp09 0.00 MDN 0.00 DNp01 2.50 pC1 0.15 pIP10 0.00 HS R/L 0.00/56.67
  jitter trial 10 j=1.41: wscale 1.5162 probe 11.204 (target 13.609) in 5 iters
item 4 random   trial 10 loom           6.5s  DNp09 0.00 MDN 0.42 DNp01 97.50 pC1 0.00 pIP10 2.50 HS R/L 0.00/60.00
item 4 random   trial 10 recede         6.6s  DNp09 100.83 MDN 96.25 DNp01 194.17 pC1 25.63 pIP10 113.33 HS R/L 0.00/183.33
item 4 random   trial 10 control_visual   6.5s  DNp09 0.83 MDN 0.00 DNp01 6.67 pC1 0.18 pIP10 0.00 HS R/L 0.00/55.56
  jitter trial 10 j=2: wscale 1.5162 probe 12.408 (target 13.609) in 5 iters
item 4 random   trial 10 loom           6.5s  DNp09 5.83 MDN 9.17 DNp01 93.33 pC1 0.30 pIP10 12.50 HS R/L 0.00/105.00
item 4 random   trial 10 recede         6.5s  DNp09 120.00 MDN 101.67 DNp01 191.67 pC1 35.97 pIP10 131.67 HS R/L 0.00/181.11
item 4 random   trial 10 control_visual   6.5s  DNp09 1.67 MDN 0.00 DNp01 10.83 pC1 0.24 pIP10 1.67 HS R/L 0.00/30.56
  jitter trial 10 j=2.83: wscale 1.5162 probe 14.084 (target 13.609) in 5 iters
item 4 random   trial 10 loom           6.5s  DNp09 40.00 MDN 33.33 DNp01 101.67 pC1 11.22 pIP10 48.33 HS R/L 0.00/123.33
item 4 random   trial 10 recede         6.5s  DNp09 140.00 MDN 103.33 DNp01 190.83 pC1 50.42 pIP10 150.00 HS R/L 0.00/170.56
item 4 random   trial 10 control_visual   6.5s  DNp09 3.33 MDN 0.00 DNp01 9.17 pC1 0.19 pIP10 0.00 HS R/L 0.00/22.78
  jitter trial 10 j=4: wscale 1.5162 probe 15.781 (target 13.609) in 5 iters
item 4 random   trial 10 loom           6.6s  DNp09 106.67 MDN 67.92 DNp01 142.50 pC1 41.09 pIP10 111.67 HS R/L 0.00/113.33
item 4 random   trial 10 recede         6.5s  DNp09 155.83 MDN 98.75 DNp01 190.83 pC1 63.58 pIP10 166.67 HS R/L 0.00/135.56
item 4 random   trial 10 control_visual   6.5s  DNp09 125.83 MDN 79.58 DNp01 131.67 pC1 49.76 pIP10 126.67 HS R/L 0.00/107.22
  jitter trial 11 j=1: wscale 0.5023 probe 13.901 (target 13.609) in 5 iters
item 4 random   trial 11 loom           6.7s  DNp09 71.67 MDN 54.58 DNp01 106.67 pC1 9.34 pIP10 54.17 HS R/L 75.00/0.56
item 4 random   trial 11 recede         6.7s  DNp09 225.83 MDN 207.92 DNp01 247.50 pC1 53.84 pIP10 204.17 HS R/L 222.78/33.33
item 4 random   trial 11 control_visual   6.6s  DNp09 128.33 MDN 115.42 DNp01 130.83 pC1 24.22 pIP10 110.00 HS R/L 187.78/4.44
  jitter trial 11 j=1.41: wscale 0.5023 probe 13.991 (target 13.609) in 5 iters
item 4 random   trial 11 loom           6.5s  DNp09 59.17 MDN 42.08 DNp01 98.33 pC1 6.23 pIP10 40.00 HS R/L 62.22/7.78
item 4 random   trial 11 recede         6.5s  DNp09 225.83 MDN 207.92 DNp01 246.67 pC1 53.38 pIP10 205.00 HS R/L 224.44/155.56
item 4 random   trial 11 control_visual   6.5s  DNp09 142.50 MDN 138.33 DNp01 142.50 pC1 29.60 pIP10 125.83 HS R/L 207.22/71.67
  jitter trial 11 j=2: wscale 0.5023 probe 15.046 (target 13.609) in 5 iters
item 4 random   trial 11 loom           6.5s  DNp09 58.33 MDN 41.67 DNp01 98.33 pC1 6.45 pIP10 40.00 HS R/L 61.11/13.33
item 4 random   trial 11 recede         6.6s  DNp09 227.50 MDN 208.33 DNp01 244.17 pC1 55.16 pIP10 206.67 HS R/L 226.11/221.11
item 4 random   trial 11 control_visual   6.5s  DNp09 162.50 MDN 158.75 DNp01 158.33 pC1 38.72 pIP10 148.33 HS R/L 216.67/123.33
  jitter trial 11 j=2.83: wscale 0.5023 probe 16.910 (target 13.609) in 5 iters
item 4 random   trial 11 loom           6.5s  DNp09 64.17 MDN 43.75 DNp01 101.67 pC1 8.53 pIP10 45.00 HS R/L 61.67/37.78
item 4 random   trial 11 recede         6.5s  DNp09 230.00 MDN 201.25 DNp01 243.33 pC1 61.63 pIP10 209.17 HS R/L 227.22/220.00
item 4 random   trial 11 control_visual   6.5s  DNp09 177.50 MDN 163.33 DNp01 171.67 pC1 47.14 pIP10 164.17 HS R/L 220.00/158.89
  jitter trial 11 j=4: wscale 0.4411 probe 14.295 (target 13.609) in 6 iters
item 4 random   trial 11 loom           6.6s  DNp09 58.33 MDN 28.75 DNp01 95.00 pC1 5.21 pIP10 33.33 HS R/L 50.00/22.22
item 4 random   trial 11 recede         6.6s  DNp09 230.00 MDN 179.58 DNp01 225.00 pC1 47.91 pIP10 203.33 HS R/L 210.00/192.78
item 4 random   trial 11 control_visual   6.5s  DNp09 189.17 MDN 148.33 DNp01 160.00 pC1 38.51 pIP10 167.50 HS R/L 201.67/171.11
  jitter trial 12 j=1: wscale 0.6498 probe 14.181 (target 13.609) in 4 iters
item 4 random   trial 12 loom           6.4s  DNp09 77.50 MDN 65.83 DNp01 90.83 pC1 28.37 pIP10 61.67 HS R/L 0.56/0.00
item 4 random   trial 12 recede         6.4s  DNp09 193.33 MDN 183.33 DNp01 199.17 pC1 86.18 pIP10 180.83 HS R/L 1.11/0.00
item 4 random   trial 12 control_visual   6.4s  DNp09 185.00 MDN 172.50 DNp01 179.17 pC1 81.21 pIP10 169.17 HS R/L 0.00/15.00
  jitter trial 12 j=1.41: wscale 0.6498 probe 13.971 (target 13.609) in 4 iters
item 4 random   trial 12 loom           6.4s  DNp09 81.67 MDN 68.75 DNp01 84.17 pC1 29.82 pIP10 67.50 HS R/L 5.00/60.00
item 4 random   trial 12 recede         6.4s  DNp09 193.33 MDN 183.33 DNp01 200.00 pC1 83.91 pIP10 180.83 HS R/L 15.00/183.33
item 4 random   trial 12 control_visual   6.4s  DNp09 182.50 MDN 169.58 DNp01 174.17 pC1 77.99 pIP10 166.67 HS R/L 12.22/141.67
  jitter trial 12 j=2: wscale 0.6498 probe 14.822 (target 13.609) in 4 iters
item 4 random   trial 12 loom           6.4s  DNp09 92.50 MDN 81.67 DNp01 92.50 pC1 37.09 pIP10 80.00 HS R/L 7.78/76.67
item 4 random   trial 12 recede         6.3s  DNp09 193.33 MDN 182.92 DNp01 199.17 pC1 87.29 pIP10 182.50 HS R/L 20.00/181.67
item 4 random   trial 12 control_visual   6.4s  DNp09 100.00 MDN 89.58 DNp01 94.17 pC1 42.16 pIP10 89.17 HS R/L 9.44/85.00
  jitter trial 12 j=2.83: wscale 0.6498 probe 15.776 (target 13.609) in 4 iters
item 4 random   trial 12 loom           6.4s  DNp09 139.17 MDN 130.00 DNp01 134.17 pC1 60.14 pIP10 129.17 HS R/L 16.67/123.33
item 4 random   trial 12 recede         6.4s  DNp09 195.00 MDN 184.58 DNp01 190.00 pC1 87.40 pIP10 188.33 HS R/L 25.56/186.67
item 4 random   trial 12 control_visual   6.4s  DNp09 190.00 MDN 180.42 DNp01 167.50 pC1 85.06 pIP10 180.00 HS R/L 24.44/175.00
  jitter trial 12 j=4: wscale 0.6498 probe 16.908 (target 13.609) in 4 iters
item 4 random   trial 12 loom           6.4s  DNp09 184.17 MDN 175.42 DNp01 147.50 pC1 83.04 pIP10 175.83 HS R/L 15.00/170.00
item 4 random   trial 12 recede         6.4s  DNp09 195.00 MDN 185.42 DNp01 164.17 pC1 89.03 pIP10 191.67 HS R/L 15.56/191.11
item 4 random   trial 12 control_visual   6.4s  DNp09 192.50 MDN 182.08 DNp01 140.83 pC1 87.44 pIP10 185.00 HS R/L 15.56/176.67
  jitter trial 13 j=1: wscale 0.4733 probe 12.775 (target 13.609) in 4 iters
item 4 random   trial 13 loom           6.6s  DNp09 0.00 MDN 0.00 DNp01 58.33 pC1 0.01 pIP10 0.00 HS R/L 0.00/0.00
item 4 random   trial 13 recede         6.6s  DNp09 103.33 MDN 102.08 DNp01 240.83 pC1 13.84 pIP10 91.67 HS R/L 0.00/1.67
item 4 random   trial 13 control_visual   6.6s  DNp09 81.67 MDN 70.00 DNp01 141.67 pC1 9.40 pIP10 61.67 HS R/L 0.00/1.11
  jitter trial 13 j=1.41: wscale 0.4733 probe 12.728 (target 13.609) in 4 iters
item 4 random   trial 13 loom           6.5s  DNp09 6.67 MDN 0.00 DNp01 60.00 pC1 0.19 pIP10 0.00 HS R/L 0.00/0.00
item 4 random   trial 13 recede         6.5s  DNp09 128.33 MDN 113.75 DNp01 251.67 pC1 13.14 pIP10 83.33 HS R/L 0.00/0.56
item 4 random   trial 13 control_visual   6.6s  DNp09 85.83 MDN 57.92 DNp01 128.33 pC1 6.82 pIP10 40.83 HS R/L 0.00/0.56
  jitter trial 13 j=2: wscale 0.4733 probe 14.224 (target 13.609) in 4 iters
item 4 random   trial 13 loom           6.6s  DNp09 58.33 MDN 25.42 DNp01 103.33 pC1 2.75 pIP10 13.33 HS R/L 0.00/0.00
item 4 random   trial 13 recede         6.6s  DNp09 158.33 MDN 137.50 DNp01 265.83 pC1 16.93 pIP10 103.33 HS R/L 0.00/0.56
item 4 random   trial 13 control_visual   6.6s  DNp09 112.50 MDN 82.08 DNp01 145.83 pC1 9.99 pIP10 54.17 HS R/L 0.00/0.00
  jitter trial 13 j=2.83: wscale 0.4156 probe 10.367 (target 13.609) in 6 iters
item 4 random   trial 13 loom           6.6s  DNp09 86.67 MDN 46.25 DNp01 125.00 pC1 4.17 pIP10 15.83 HS R/L 0.00/0.00
item 4 random   trial 13 recede         6.6s  DNp09 145.00 MDN 106.67 DNp01 243.33 pC1 10.03 pIP10 50.00 HS R/L 0.00/0.00
item 4 random   trial 13 control_visual   6.6s  DNp09 90.83 MDN 51.67 DNp01 110.00 pC1 5.20 pIP10 18.33 HS R/L 0.00/0.00
  jitter trial 13 j=4: wscale 0.4156 probe 14.085 (target 13.609) in 6 iters
item 4 random   trial 13 loom           6.6s  DNp09 118.33 MDN 79.17 DNp01 164.17 pC1 10.25 pIP10 45.00 HS R/L 0.00/0.00
item 4 random   trial 13 recede         6.6s  DNp09 165.00 MDN 128.75 DNp01 271.67 pC1 17.82 pIP10 83.33 HS R/L 0.00/0.00
item 4 random   trial 13 control_visual   6.6s  DNp09 139.17 MDN 97.50 DNp01 185.00 pC1 14.08 pIP10 59.17 HS R/L 0.00/0.00
  jitter trial 14 j=1: wscale 0.0763 probe 10.423 (target 13.609) in 6 iters
item 4 random   trial 14 loom           6.5s  DNp09 0.00 MDN 0.00 DNp01 24.17 pC1 0.00 pIP10 0.00 HS R/L 0.00/0.00
item 4 random   trial 14 recede         6.5s  DNp09 10.83 MDN 0.00 DNp01 84.17 pC1 0.18 pIP10 0.00 HS R/L 12.22/0.00
item 4 random   trial 14 control_visual   6.5s  DNp09 26.67 MDN 22.08 DNp01 45.00 pC1 0.74 pIP10 0.00 HS R/L 88.89/0.00
  jitter trial 14 j=1.41: wscale 0.0763 probe 10.535 (target 13.609) in 6 iters
item 4 random   trial 14 loom           6.5s  DNp09 0.00 MDN 0.00 DNp01 27.50 pC1 0.00 pIP10 0.00 HS R/L 0.00/0.00
item 4 random   trial 14 recede         6.4s  DNp09 0.00 MDN 0.00 DNp01 50.00 pC1 0.11 pIP10 0.00 HS R/L 0.00/0.00
item 4 random   trial 14 control_visual   6.5s  DNp09 20.83 MDN 25.42 DNp01 45.00 pC1 0.67 pIP10 0.00 HS R/L 82.22/0.00
  jitter trial 14 j=2: wscale 0.0763 probe 12.036 (target 13.609) in 6 iters
item 4 random   trial 14 loom           6.5s  DNp09 0.00 MDN 0.00 DNp01 36.67 pC1 0.00 pIP10 0.00 HS R/L 0.00/0.00
item 4 random   trial 14 recede         6.5s  DNp09 142.50 MDN 145.42 DNp01 186.67 pC1 38.06 pIP10 68.33 HS R/L 164.44/0.00
item 4 random   trial 14 control_visual   6.4s  DNp09 34.17 MDN 64.58 DNp01 55.83 pC1 5.44 pIP10 16.67 HS R/L 101.67/0.00
  jitter trial 14 j=2.83: wscale 0.0763 probe 13.862 (target 13.609) in 6 iters
item 4 random   trial 14 loom           6.5s  DNp09 0.83 MDN 0.00 DNp01 50.00 pC1 0.00 pIP10 0.00 HS R/L 4.44/0.00
item 4 random   trial 14 recede         6.5s  DNp09 158.33 MDN 159.58 DNp01 195.83 pC1 54.76 pIP10 115.00 HS R/L 172.78/0.00
item 4 random   trial 14 control_visual   6.5s  DNp09 96.67 MDN 122.92 DNp01 115.00 pC1 33.11 pIP10 86.67 HS R/L 157.22/0.00
  jitter trial 14 j=4: wscale 0.0670 probe 12.328 (target 13.609) in 3 iters
item 4 random   trial 14 loom           6.5s  DNp09 1.67 MDN 0.42 DNp01 55.00 pC1 0.00 pIP10 0.00 HS R/L 1.11/0.00
item 4 random   trial 14 recede         6.5s  DNp09 149.17 MDN 153.75 DNp01 195.83 pC1 40.28 pIP10 119.17 HS R/L 170.00/0.00
item 4 random   trial 14 control_visual   6.5s  DNp09 93.33 MDN 125.42 DNp01 104.17 pC1 24.91 pIP10 94.17 HS R/L 166.11/0.00
  jitter trial 15 j=1: wscale 0.5033 probe 12.893 (target 13.609) in 6 iters
item 4 random   trial 15 loom           6.4s  DNp09 85.83 MDN 69.17 DNp01 115.83 pC1 10.71 pIP10 80.00 HS R/L 0.00/0.56
item 4 random   trial 15 recede         6.4s  DNp09 228.33 MDN 211.25 DNp01 248.33 pC1 31.43 pIP10 221.67 HS R/L 0.00/2.22
item 4 random   trial 15 control_visual   6.4s  DNp09 189.17 MDN 170.42 DNp01 195.00 pC1 25.80 pIP10 183.33 HS R/L 0.00/1.67
  jitter trial 15 j=1.41: wscale 0.5033 probe 13.142 (target 13.609) in 6 iters
item 4 random   trial 15 loom           6.4s  DNp09 120.83 MDN 91.67 DNp01 140.00 pC1 15.96 pIP10 115.83 HS R/L 0.00/1.67
item 4 random   trial 15 recede         6.4s  DNp09 227.50 MDN 188.75 DNp01 248.33 pC1 31.98 pIP10 223.33 HS R/L 0.00/3.33
item 4 random   trial 15 control_visual   6.4s  DNp09 189.17 MDN 154.17 DNp01 193.33 pC1 26.25 pIP10 184.17 HS R/L 0.00/2.78
  jitter trial 15 j=2: wscale 0.5033 probe 13.832 (target 13.609) in 6 iters
item 4 random   trial 15 loom           6.4s  DNp09 175.83 MDN 121.25 DNp01 184.17 pC1 25.74 pIP10 172.50 HS R/L 0.00/3.89
item 4 random   trial 15 recede         6.4s  DNp09 228.33 MDN 162.50 DNp01 246.67 pC1 34.20 pIP10 225.00 HS R/L 0.00/5.56
item 4 random   trial 15 control_visual   6.4s  DNp09 193.33 MDN 135.00 DNp01 195.83 pC1 28.57 pIP10 189.17 HS R/L 0.00/4.44
  jitter trial 15 j=2.83: wscale 0.4419 probe 10.631 (target 13.609) in 4 iters
item 4 random   trial 15 loom           6.4s  DNp09 160.83 MDN 87.50 DNp01 187.50 pC1 19.93 pIP10 161.67 HS R/L 0.00/2.22
item 4 random   trial 15 recede         6.4s  DNp09 199.17 MDN 110.83 DNp01 245.83 pC1 24.98 pIP10 202.50 HS R/L 0.00/3.33
item 4 random   trial 15 control_visual   6.4s  DNp09 167.50 MDN 91.25 DNp01 190.83 pC1 20.90 pIP10 166.67 HS R/L 0.00/2.78
  jitter trial 15 j=4: wscale 0.4419 probe 12.201 (target 13.609) in 4 iters
item 4 random   trial 15 loom           6.4s  DNp09 179.17 MDN 92.50 DNp01 213.33 pC1 25.87 pIP10 179.17 HS R/L 0.00/3.89
item 4 random   trial 15 recede         6.4s  DNp09 197.50 MDN 103.33 DNp01 245.00 pC1 28.68 pIP10 198.33 HS R/L 0.00/4.44
item 4 random   trial 15 control_visual   6.4s  DNp09 185.00 MDN 95.42 DNp01 213.33 pC1 26.84 pIP10 182.50 HS R/L 0.00/4.44
  jitter trial 16 j=1: wscale 0.3399 probe 14.493 (target 13.609) in 4 iters
item 4 random   trial 16 loom           6.5s  DNp09 4.17 MDN 0.00 DNp01 62.50 pC1 0.32 pIP10 5.83 HS R/L 0.00/0.00
item 4 random   trial 16 recede         6.4s  DNp09 149.17 MDN 119.17 DNp01 165.00 pC1 48.06 pIP10 149.17 HS R/L 6.67/128.89
item 4 random   trial 16 control_visual   6.5s  DNp09 130.83 MDN 105.42 DNp01 130.83 pC1 41.53 pIP10 132.50 HS R/L 5.56/112.78
  jitter trial 16 j=1.41: wscale 0.3399 probe 14.366 (target 13.609) in 4 iters
item 4 random   trial 16 loom           7.1s  DNp09 0.83 MDN 0.00 DNp01 64.17 pC1 0.00 pIP10 0.00 HS R/L 0.00/0.00
item 4 random   trial 16 recede         6.8s  DNp09 148.33 MDN 105.83 DNp01 165.00 pC1 48.47 pIP10 149.17 HS R/L 4.44/117.22
item 4 random   trial 16 control_visual   6.9s  DNp09 127.50 MDN 90.83 DNp01 125.00 pC1 41.06 pIP10 128.33 HS R/L 3.89/93.89
  jitter trial 16 j=2: wscale 0.3399 probe 14.585 (target 13.609) in 4 iters
item 4 random   trial 16 loom           6.9s  DNp09 0.83 MDN 0.00 DNp01 70.00 pC1 0.01 pIP10 0.00 HS R/L 0.00/0.00
item 4 random   trial 16 recede         6.9s  DNp09 149.17 MDN 94.58 DNp01 165.83 pC1 51.55 pIP10 149.17 HS R/L 1.11/102.22
item 4 random   trial 16 control_visual   6.9s  DNp09 129.17 MDN 80.00 DNp01 124.17 pC1 43.77 pIP10 127.50 HS R/L 1.11/88.33
  jitter trial 16 j=2.83: wscale 0.3399 probe 15.330 (target 13.609) in 4 iters
item 4 random   trial 16 loom           6.9s  DNp09 73.33 MDN 36.67 DNp01 94.17 pC1 25.52 pIP10 74.17 HS R/L 0.00/43.33
item 4 random   trial 16 recede         6.9s  DNp09 149.17 MDN 79.17 DNp01 165.83 pC1 56.19 pIP10 149.17 HS R/L 0.00/100.56
item 4 random   trial 16 control_visual   6.9s  DNp09 134.17 MDN 70.00 DNp01 128.33 pC1 49.97 pIP10 132.50 HS R/L 0.00/82.22
  jitter trial 16 j=4: wscale 0.3399 probe 16.494 (target 13.609) in 4 iters
item 4 random   trial 16 loom           6.9s  DNp09 89.17 MDN 46.25 DNp01 117.50 pC1 37.08 pIP10 95.83 HS R/L 0.00/55.00
item 4 random   trial 16 recede         6.9s  DNp09 137.50 MDN 72.08 DNp01 165.83 pC1 59.79 pIP10 150.83 HS R/L 0.00/82.78
item 4 random   trial 16 control_visual   6.9s  DNp09 128.33 MDN 66.67 DNp01 138.33 pC1 54.99 pIP10 137.50 HS R/L 0.00/70.00
  jitter trial 17 j=1: wscale 0.1354 probe 16.983 (target 13.609) in 9 iters
item 4 random   trial 17 loom           6.5s  DNp09 0.00 MDN 0.00 DNp01 66.67 pC1 0.00 pIP10 0.00 HS R/L 0.00/0.00
item 4 random   trial 17 recede         6.4s  DNp09 208.33 MDN 186.67 DNp01 246.67 pC1 64.83 pIP10 190.83 HS R/L 0.00/206.67
item 4 random   trial 17 control_visual   6.5s  DNp09 35.00 MDN 15.00 DNp01 48.33 pC1 1.25 pIP10 15.83 HS R/L 0.00/51.67
  jitter trial 17 j=1.41: wscale 0.1289 probe 12.185 (target 13.609) in 7 iters
item 4 random   trial 17 loom           6.5s  DNp09 0.00 MDN 0.00 DNp01 47.50 pC1 0.00 pIP10 0.00 HS R/L 0.00/0.00
item 4 random   trial 17 recede         6.5s  DNp09 206.67 MDN 180.42 DNp01 246.67 pC1 41.08 pIP10 190.00 HS R/L 0.00/196.67
item 4 random   trial 17 control_visual   6.5s  DNp09 26.67 MDN 7.92 DNp01 42.50 pC1 0.90 pIP10 5.83 HS R/L 0.00/50.56
  jitter trial 17 j=2: wscale 0.1208 probe 10.766 (target 13.609) in 5 iters
item 4 random   trial 17 loom           6.5s  DNp09 8.33 MDN 0.00 DNp01 41.67 pC1 0.06 pIP10 5.83 HS R/L 0.00/16.67
item 4 random   trial 17 recede         6.5s  DNp09 202.50 MDN 179.17 DNp01 246.67 pC1 27.05 pIP10 191.67 HS R/L 0.00/195.00
item 4 random   trial 17 control_visual   6.5s  DNp09 18.33 MDN 0.00 DNp01 34.17 pC1 0.73 pIP10 0.00 HS R/L 0.00/41.67
  jitter trial 17 j=2.83: wscale 0.1132 probe 13.430 (target 13.609) in 7 iters
item 4 random   trial 17 loom           6.5s  DNp09 5.00 MDN 0.00 DNp01 35.00 pC1 0.21 pIP10 5.83 HS R/L 0.00/38.89
item 4 random   trial 17 recede         6.5s  DNp09 198.33 MDN 175.42 DNp01 245.83 pC1 34.93 pIP10 186.67 HS R/L 0.00/198.89
item 4 random   trial 17 control_visual   6.5s  DNp09 35.83 MDN 8.75 DNp01 55.00 pC1 1.71 pIP10 8.33 HS R/L 0.00/65.56
  jitter trial 17 j=4: wscale 0.1061 probe 14.436 (target 13.609) in 6 iters
item 4 random   trial 17 loom           6.5s  DNp09 11.67 MDN 1.25 DNp01 40.00 pC1 0.83 pIP10 7.50 HS R/L 0.00/2.22
item 4 random   trial 17 recede         6.5s  DNp09 195.83 MDN 145.42 DNp01 244.17 pC1 38.23 pIP10 183.33 HS R/L 0.00/183.33
item 4 random   trial 17 control_visual   6.5s  DNp09 120.83 MDN 71.67 DNp01 134.17 pC1 14.87 pIP10 86.67 HS R/L 1.11/100.56
  jitter trial 18 j=1: wscale 0.5297 probe 10.324 (target 13.609) in 5 iters
item 4 random   trial 18 loom           6.3s  DNp09 0.00 MDN 0.00 DNp01 46.67 pC1 0.00 pIP10 0.00 HS R/L 0.00/0.00
item 4 random   trial 18 recede         6.3s  DNp09 0.00 MDN 0.00 DNp01 57.50 pC1 0.00 pIP10 0.00 HS R/L 0.00/0.00
item 4 random   trial 18 control_visual   6.3s  DNp09 39.17 MDN 1.25 DNp01 84.17 pC1 0.96 pIP10 24.17 HS R/L 0.00/31.11
  jitter trial 18 j=1.41: wscale 0.5297 probe 11.229 (target 13.609) in 5 iters
item 4 random   trial 18 loom           6.3s  DNp09 0.00 MDN 0.00 DNp01 53.33 pC1 0.00 pIP10 0.00 HS R/L 0.00/0.00
item 4 random   trial 18 recede         6.4s  DNp09 0.00 MDN 0.00 DNp01 65.83 pC1 0.00 pIP10 0.00 HS R/L 0.00/0.00
item 4 random   trial 18 control_visual   6.3s  DNp09 78.33 MDN 23.33 DNp01 118.33 pC1 2.69 pIP10 60.83 HS R/L 0.00/61.67
  jitter trial 18 j=2: wscale 0.5297 probe 13.140 (target 13.609) in 5 iters
item 4 random   trial 18 loom           6.4s  DNp09 0.00 MDN 0.00 DNp01 60.83 pC1 0.00 pIP10 0.00 HS R/L 0.00/0.00
item 4 random   trial 18 recede         6.3s  DNp09 0.00 MDN 0.00 DNp01 75.00 pC1 0.00 pIP10 0.00 HS R/L 0.00/0.00
item 4 random   trial 18 control_visual   6.3s  DNp09 172.50 MDN 130.00 DNp01 200.83 pC1 14.42 pIP10 157.50 HS R/L 0.00/76.67
  jitter trial 18 j=2.83: wscale 0.5297 probe 15.772 (target 13.609) in 5 iters
item 4 random   trial 18 loom           6.3s  DNp09 0.00 MDN 0.00 DNp01 69.17 pC1 0.01 pIP10 0.00 HS R/L 0.00/0.00
item 4 random   trial 18 recede         6.3s  DNp09 0.00 MDN 0.00 DNp01 85.00 pC1 0.01 pIP10 0.00 HS R/L 0.00/0.00
item 4 random   trial 18 control_visual   6.3s  DNp09 236.67 MDN 205.83 DNp01 252.50 pC1 30.68 pIP10 224.17 HS R/L 0.00/147.22
  jitter trial 18 j=4: wscale 0.4651 probe 13.319 (target 13.609) in 6 iters
item 4 random   trial 18 loom           6.3s  DNp09 0.00 MDN 0.00 DNp01 73.33 pC1 0.02 pIP10 0.00 HS R/L 0.00/0.00
item 4 random   trial 18 recede         6.3s  DNp09 0.00 MDN 0.00 DNp01 88.33 pC1 0.02 pIP10 0.00 HS R/L 0.00/0.00
item 4 random   trial 18 control_visual   6.3s  DNp09 217.50 MDN 215.00 DNp01 254.17 pC1 31.15 pIP10 228.33 HS R/L 0.00/174.44
  jitter trial 19 j=1: wscale 0.2775 probe 11.578 (target 13.609) in 6 iters
item 4 random   trial 19 loom           6.4s  DNp09 0.00 MDN 0.00 DNp01 27.50 pC1 0.00 pIP10 0.00 HS R/L 0.00/0.00
item 4 random   trial 19 recede         6.4s  DNp09 165.83 MDN 138.75 DNp01 184.17 pC1 38.77 pIP10 140.83 HS R/L 8.89/1.67
item 4 random   trial 19 control_visual   6.4s  DNp09 153.33 MDN 126.25 DNp01 148.33 pC1 35.71 pIP10 133.33 HS R/L 18.89/2.22
  jitter trial 19 j=1.41: wscale 0.2775 probe 11.786 (target 13.609) in 6 iters
item 4 random   trial 19 loom           6.3s  DNp09 0.00 MDN 0.00 DNp01 30.00 pC1 0.00 pIP10 0.00 HS R/L 0.00/0.00
item 4 random   trial 19 recede         6.4s  DNp09 165.00 MDN 140.00 DNp01 190.00 pC1 42.32 pIP10 145.00 HS R/L 4.44/2.78
item 4 random   trial 19 control_visual   6.4s  DNp09 152.50 MDN 127.50 DNp01 151.67 pC1 39.36 pIP10 138.33 HS R/L 11.67/0.56
  jitter trial 19 j=2: wscale 0.2775 probe 13.508 (target 13.609) in 6 iters
item 4 random   trial 19 loom           6.4s  DNp09 0.00 MDN 0.00 DNp01 40.00 pC1 0.00 pIP10 2.50 HS R/L 0.00/0.00
item 4 random   trial 19 recede         6.4s  DNp09 165.83 MDN 147.08 DNp01 193.33 pC1 49.73 pIP10 153.33 HS R/L 3.89/5.56
item 4 random   trial 19 control_visual   6.4s  DNp09 145.83 MDN 125.00 DNp01 149.17 pC1 43.12 pIP10 139.17 HS R/L 9.44/2.78
  jitter trial 19 j=2.83: wscale 0.2436 probe 10.403 (target 13.609) in 5 iters
item 4 random   trial 19 loom           6.4s  DNp09 0.00 MDN 0.42 DNp01 43.33 pC1 0.01 pIP10 6.67 HS R/L 0.56/0.00
item 4 random   trial 19 recede         6.4s  DNp09 155.83 MDN 123.75 DNp01 194.17 pC1 37.74 pIP10 148.33 HS R/L 2.78/2.22
item 4 random   trial 19 control_visual   6.4s  DNp09 125.83 MDN 92.08 DNp01 133.33 pC1 29.28 pIP10 120.83 HS R/L 6.11/1.67
  jitter trial 19 j=4: wscale 0.2436 probe 13.993 (target 13.609) in 5 iters
item 4 random   trial 19 loom           6.4s  DNp09 11.67 MDN 8.75 DNp01 65.00 pC1 0.89 pIP10 26.67 HS R/L 0.56/0.00
item 4 random   trial 19 recede         6.4s  DNp09 158.33 MDN 131.25 DNp01 195.83 pC1 46.52 pIP10 164.17 HS R/L 2.22/5.00
item 4 random   trial 19 control_visual   6.4s  DNp09 144.17 MDN 113.33 DNp01 156.67 pC1 42.20 pIP10 150.00 HS R/L 5.00/4.44
  jitter trial 20 j=1: wscale 0.1275 probe 12.846 (target 13.609) in 6 iters
item 4 random   trial 20 loom           6.5s  DNp09 0.00 MDN 0.00 DNp01 40.83 pC1 0.00 pIP10 0.00 HS R/L 0.00/0.00
item 4 random   trial 20 recede         6.5s  DNp09 161.67 MDN 187.08 DNp01 117.50 pC1 37.17 pIP10 150.00 HS R/L 191.67/0.00
item 4 random   trial 20 control_visual   6.5s  DNp09 0.83 MDN 0.00 DNp01 1.67 pC1 0.05 pIP10 0.00 HS R/L 0.00/0.00
  jitter trial 20 j=1.41: wscale 0.1275 probe 13.237 (target 13.609) in 6 iters
item 4 random   trial 20 loom           6.5s  DNp09 0.83 MDN 0.00 DNp01 32.50 pC1 0.00 pIP10 0.83 HS R/L 0.00/0.00
item 4 random   trial 20 recede         6.5s  DNp09 184.17 MDN 197.08 DNp01 112.50 pC1 40.82 pIP10 168.33 HS R/L 187.22/0.00
item 4 random   trial 20 control_visual   6.5s  DNp09 3.33 MDN 0.00 DNp01 0.83 pC1 0.13 pIP10 1.67 HS R/L 0.00/0.00
  jitter trial 20 j=2: wscale 0.1275 probe 15.184 (target 13.609) in 6 iters
item 4 random   trial 20 loom           6.5s  DNp09 0.83 MDN 0.42 DNp01 24.17 pC1 0.00 pIP10 1.67 HS R/L 0.00/0.00
item 4 random   trial 20 recede         6.5s  DNp09 203.33 MDN 202.50 DNp01 118.33 pC1 60.97 pIP10 200.83 HS R/L 191.11/0.00
item 4 random   trial 20 control_visual   6.5s  DNp09 21.67 MDN 15.83 DNp01 2.50 pC1 2.24 pIP10 12.50 HS R/L 0.00/0.00
  jitter trial 20 j=2.83: wscale 0.1120 probe 11.798 (target 13.609) in 4 iters
item 4 random   trial 20 loom           6.5s  DNp09 0.83 MDN 0.42 DNp01 20.00 pC1 0.00 pIP10 0.83 HS R/L 0.00/0.00
item 4 random   trial 20 recede         6.5s  DNp09 157.50 MDN 183.75 DNp01 48.33 pC1 42.86 pIP10 170.00 HS R/L 0.00/0.00
item 4 random   trial 20 control_visual   6.5s  DNp09 14.17 MDN 8.75 DNp01 0.00 pC1 1.59 pIP10 9.17 HS R/L 0.00/0.00
  jitter trial 20 j=4: wscale 0.1120 probe 15.598 (target 13.609) in 4 iters
item 4 random   trial 20 loom           6.5s  DNp09 20.83 MDN 20.42 DNp01 18.33 pC1 3.43 pIP10 25.83 HS R/L 0.00/0.00
item 4 random   trial 20 recede         6.5s  DNp09 159.17 MDN 184.58 DNp01 77.50 pC1 59.97 pIP10 205.83 HS R/L 123.89/0.00
item 4 random   trial 20 control_visual   6.5s  DNp09 73.33 MDN 88.75 DNp01 18.33 pC1 25.97 pIP10 85.00 HS R/L 10.00/0.00
  jitter trial 21 j=1: wscale 0.2180 probe 15.066 (target 13.609) in 6 iters
item 4 random   trial 21 loom           6.5s  DNp09 5.00 MDN 0.00 DNp01 115.00 pC1 0.17 pIP10 0.83 HS R/L 0.00/0.00
item 4 random   trial 21 recede         6.5s  DNp09 197.50 MDN 179.58 DNp01 244.17 pC1 68.51 pIP10 191.67 HS R/L 195.00/151.67
item 4 random   trial 21 control_visual   6.5s  DNp09 164.17 MDN 142.08 DNp01 171.67 pC1 54.05 pIP10 157.50 HS R/L 171.11/111.11
  jitter trial 21 j=1.41: wscale 0.2180 probe 16.013 (target 13.609) in 6 iters
item 4 random   trial 21 loom           6.5s  DNp09 23.33 MDN 4.17 DNp01 134.17 pC1 1.26 pIP10 10.00 HS R/L 15.56/0.00
item 4 random   trial 21 recede         6.4s  DNp09 204.17 MDN 181.67 DNp01 244.17 pC1 66.32 pIP10 192.50 HS R/L 190.56/158.33
item 4 random   trial 21 control_visual   6.5s  DNp09 170.83 MDN 146.25 DNp01 175.83 pC1 53.39 pIP10 161.67 HS R/L 162.78/115.56
  jitter trial 21 j=2: wscale 0.1914 probe 12.310 (target 13.609) in 4 iters
item 4 random   trial 21 loom           6.4s  DNp09 32.50 MDN 5.42 DNp01 125.83 pC1 1.66 pIP10 13.33 HS R/L 11.67/0.00
item 4 random   trial 21 recede         6.5s  DNp09 203.33 MDN 165.83 DNp01 244.17 pC1 48.50 pIP10 180.83 HS R/L 178.89/158.33
item 4 random   trial 21 control_visual   6.5s  DNp09 164.17 MDN 126.25 DNp01 171.67 pC1 36.53 pIP10 144.17 HS R/L 141.67/95.56
  jitter trial 21 j=2.83: wscale 0.1914 probe 16.121 (target 13.609) in 4 iters
item 4 random   trial 21 loom           6.5s  DNp09 127.50 MDN 85.42 DNp01 172.50 pC1 27.05 pIP10 95.00 HS R/L 93.89/85.00
item 4 random   trial 21 recede         6.5s  DNp09 210.00 MDN 162.50 DNp01 244.17 pC1 54.04 pIP10 170.00 HS R/L 176.11/166.67
item 4 random   trial 21 control_visual   6.5s  DNp09 183.33 MDN 135.83 DNp01 189.17 pC1 45.34 pIP10 147.50 HS R/L 150.00/125.00
  jitter trial 21 j=4: wscale 0.1681 probe 14.484 (target 13.609) in 6 iters
item 4 random   trial 21 loom           6.5s  DNp09 139.17 MDN 77.92 DNp01 176.67 pC1 25.00 pIP10 86.67 HS R/L 78.89/79.44
item 4 random   trial 21 recede         6.5s  DNp09 212.50 MDN 134.17 DNp01 244.17 pC1 44.55 pIP10 142.50 HS R/L 143.89/147.78
item 4 random   trial 21 control_visual   6.5s  DNp09 189.17 MDN 112.92 DNp01 195.00 pC1 38.07 pIP10 125.83 HS R/L 120.56/118.33
  jitter trial 22 j=1: wscale 0.6534 probe 16.583 (target 13.609) in 4 iters
item 4 random   trial 22 loom           6.4s  DNp09 15.83 MDN 5.00 DNp01 67.50 pC1 0.25 pIP10 8.33 HS R/L 0.00/0.00
item 4 random   trial 22 recede         6.4s  DNp09 169.17 MDN 159.58 DNp01 198.33 pC1 60.51 pIP10 160.00 HS R/L 0.00/0.00
item 4 random   trial 22 control_visual   6.4s  DNp09 148.33 MDN 136.25 DNp01 153.33 pC1 53.34 pIP10 144.17 HS R/L 0.00/0.00
  jitter trial 22 j=1.41: wscale 0.6534 probe 16.596 (target 13.609) in 4 iters
item 4 random   trial 22 loom           6.4s  DNp09 21.67 MDN 10.42 DNp01 63.33 pC1 1.16 pIP10 14.17 HS R/L 0.00/0.00
item 4 random   trial 22 recede         6.5s  DNp09 170.83 MDN 158.33 DNp01 198.33 pC1 60.17 pIP10 161.67 HS R/L 0.00/0.00
item 4 random   trial 22 control_visual   6.3s  DNp09 149.17 MDN 137.08 DNp01 152.50 pC1 52.76 pIP10 145.00 HS R/L 0.00/0.00
  jitter trial 22 j=2: wscale 0.5738 probe 12.876 (target 13.609) in 6 iters
item 4 random   trial 22 loom           6.4s  DNp09 40.00 MDN 22.50 DNp01 68.33 pC1 3.75 pIP10 30.00 HS R/L 0.00/0.00
item 4 random   trial 22 recede         6.2s  DNp09 167.50 MDN 150.00 DNp01 196.67 pC1 40.07 pIP10 157.50 HS R/L 0.00/0.00
item 4 random   trial 22 control_visual   6.4s  DNp09 145.83 MDN 128.75 DNp01 147.50 pC1 34.82 pIP10 138.33 HS R/L 0.00/0.00
  jitter trial 22 j=2.83: wscale 0.5738 probe 13.808 (target 13.609) in 6 iters
item 4 random   trial 22 loom           6.3s  DNp09 113.33 MDN 95.00 DNp01 119.17 pC1 27.15 pIP10 104.17 HS R/L 0.00/0.00
item 4 random   trial 22 recede         6.3s  DNp09 171.67 MDN 152.92 DNp01 195.83 pC1 45.58 pIP10 162.50 HS R/L 0.00/0.00
item 4 random   trial 22 control_visual   6.3s  DNp09 152.50 MDN 133.75 DNp01 150.00 pC1 40.62 pIP10 145.00 HS R/L 0.00/0.00
  jitter trial 22 j=4: wscale 0.5038 probe 11.608 (target 13.609) in 5 iters
item 4 random   trial 22 loom           6.4s  DNp09 116.67 MDN 87.08 DNp01 107.50 pC1 22.15 pIP10 105.00 HS R/L 0.00/0.00
item 4 random   trial 22 recede         6.4s  DNp09 170.83 MDN 135.83 DNp01 177.50 pC1 35.26 pIP10 160.00 HS R/L 0.00/0.00
item 4 random   trial 22 control_visual   6.4s  DNp09 151.67 MDN 118.75 DNp01 128.33 pC1 32.04 pIP10 141.67 HS R/L 0.00/0.00
  jitter trial 23 j=1: wscale 0.1838 probe 13.613 (target 13.609) in 6 iters
item 4 random   trial 23 loom           6.4s  DNp09 20.00 MDN 27.08 DNp01 74.17 pC1 1.06 pIP10 25.00 HS R/L 0.00/0.00
item 4 random   trial 23 recede         6.5s  DNp09 151.67 MDN 143.33 DNp01 193.33 pC1 40.19 pIP10 131.67 HS R/L 2.78/0.00
item 4 random   trial 23 control_visual   6.4s  DNp09 140.00 MDN 123.75 DNp01 134.17 pC1 36.72 pIP10 107.50 HS R/L 2.22/0.00
  jitter trial 23 j=1.41: wscale 0.1838 probe 13.373 (target 13.609) in 6 iters
item 4 random   trial 23 loom           6.5s  DNp09 1.67 MDN 2.50 DNp01 56.67 pC1 0.00 pIP10 6.67 HS R/L 0.00/0.00
item 4 random   trial 23 recede         6.5s  DNp09 148.33 MDN 147.50 DNp01 194.17 pC1 42.23 pIP10 123.33 HS R/L 1.11/0.00
item 4 random   trial 23 control_visual   6.5s  DNp09 140.00 MDN 129.17 DNp01 136.67 pC1 39.80 pIP10 105.00 HS R/L 1.11/0.56
  jitter trial 23 j=2: wscale 0.1838 probe 13.788 (target 13.609) in 6 iters
item 4 random   trial 23 loom           6.4s  DNp09 0.83 MDN 0.83 DNp01 52.50 pC1 0.00 pIP10 0.83 HS R/L 0.00/0.00
item 4 random   trial 23 recede         6.5s  DNp09 146.67 MDN 153.33 DNp01 193.33 pC1 46.07 pIP10 115.00 HS R/L 0.00/1.11
item 4 random   trial 23 control_visual   6.5s  DNp09 138.33 MDN 135.42 DNp01 139.17 pC1 44.01 pIP10 98.33 HS R/L 0.00/1.11
  jitter trial 23 j=2.83: wscale 0.1614 probe 11.108 (target 13.609) in 5 iters
item 4 random   trial 23 loom           6.5s  DNp09 0.00 MDN 0.42 DNp01 48.33 pC1 0.00 pIP10 0.00 HS R/L 0.00/0.00
item 4 random   trial 23 recede         6.5s  DNp09 100.83 MDN 150.83 DNp01 185.83 pC1 36.85 pIP10 95.00 HS R/L 0.00/0.00
item 4 random   trial 23 control_visual   6.5s  DNp09 91.67 MDN 129.17 DNp01 134.17 pC1 34.16 pIP10 80.00 HS R/L 0.00/0.00
  jitter trial 23 j=4: wscale 0.1614 probe 12.983 (target 13.609) in 5 iters
item 4 random   trial 23 loom           6.5s  DNp09 1.67 MDN 3.33 DNp01 50.00 pC1 0.09 pIP10 1.67 HS R/L 0.00/0.00
item 4 random   trial 23 recede         6.5s  DNp09 80.83 MDN 163.33 DNp01 185.83 pC1 45.68 pIP10 97.50 HS R/L 0.00/0.56
item 4 random   trial 23 control_visual   6.5s  DNp09 75.00 MDN 141.25 DNp01 144.17 pC1 42.15 pIP10 84.17 HS R/L 0.00/0.56
  jitter trial 24 j=1: wscale 1.4512 probe 14.696 (target 13.609) in 3 iters
item 4 random   trial 24 loom           6.4s  DNp09 100.83 MDN 97.50 DNp01 110.83 pC1 33.91 pIP10 103.33 HS R/L 0.00/91.67
item 4 random   trial 24 recede         6.5s  DNp09 147.50 MDN 145.42 DNp01 165.00 pC1 52.08 pIP10 151.67 HS R/L 0.00/136.67
item 4 random   trial 24 control_visual   6.4s  DNp09 93.33 MDN 92.08 DNp01 94.17 pC1 32.53 pIP10 95.83 HS R/L 0.00/85.00
  jitter trial 24 j=1.41: wscale 1.4512 probe 14.836 (target 13.609) in 3 iters
item 4 random   trial 24 loom           6.4s  DNp09 105.00 MDN 102.08 DNp01 115.00 pC1 34.36 pIP10 109.17 HS R/L 0.00/98.33
item 4 random   trial 24 recede         6.4s  DNp09 147.50 MDN 145.42 DNp01 164.17 pC1 50.42 pIP10 152.50 HS R/L 0.00/133.33
item 4 random   trial 24 control_visual   6.4s  DNp09 86.67 MDN 84.58 DNp01 88.33 pC1 28.91 pIP10 89.17 HS R/L 0.00/81.67
  jitter trial 24 j=2: wscale 1.4512 probe 15.393 (target 13.609) in 3 iters
item 4 random   trial 24 loom           6.5s  DNp09 115.00 MDN 113.75 DNp01 124.17 pC1 39.72 pIP10 119.17 HS R/L 1.11/113.33
item 4 random   trial 24 recede         6.5s  DNp09 150.83 MDN 148.75 DNp01 164.17 pC1 53.01 pIP10 155.83 HS R/L 1.11/141.67
item 4 random   trial 24 control_visual   6.5s  DNp09 114.17 MDN 113.33 DNp01 115.83 pC1 40.35 pIP10 117.50 HS R/L 0.56/110.00
  jitter trial 24 j=2.83: wscale 1.4512 probe 16.311 (target 13.609) in 3 iters
item 4 random   trial 24 loom           6.5s  DNp09 134.17 MDN 137.50 DNp01 140.00 pC1 48.00 pIP10 135.83 HS R/L 13.89/133.33
item 4 random   trial 24 recede         6.5s  DNp09 155.83 MDN 154.17 DNp01 165.00 pC1 55.75 pIP10 159.17 HS R/L 15.56/146.67
item 4 random   trial 24 control_visual   6.5s  DNp09 126.67 MDN 126.67 DNp01 133.33 pC1 45.82 pIP10 130.83 HS R/L 13.33/121.67
  jitter trial 24 j=4: wscale 1.1190 probe 11.298 (target 13.609) in 5 iters
item 4 random   trial 24 loom           6.5s  DNp09 100.83 MDN 117.50 DNp01 120.83 pC1 20.25 pIP10 120.83 HS R/L 3.33/113.33
item 4 random   trial 24 recede         6.4s  DNp09 130.00 MDN 150.00 DNp01 145.00 pC1 26.56 pIP10 157.50 HS R/L 5.56/145.00
item 4 random   trial 24 control_visual   6.5s  DNp09 107.50 MDN 123.33 DNp01 110.00 pC1 22.23 pIP10 130.83 HS R/L 3.33/118.89
  jitter trial 25 j=1: wscale 0.1275 probe 11.480 (target 13.609) in 6 iters
item 4 random   trial 25 loom           6.5s  DNp09 0.83 MDN 0.00 DNp01 65.83 pC1 0.00 pIP10 0.00 HS R/L 0.00/0.00
item 4 random   trial 25 recede         6.5s  DNp09 176.67 MDN 150.00 DNp01 240.00 pC1 12.88 pIP10 189.17 HS R/L 73.33/1.67
item 4 random   trial 25 control_visual   6.5s  DNp09 0.83 MDN 0.00 DNp01 12.50 pC1 0.01 pIP10 0.00 HS R/L 27.22/0.00
  jitter trial 25 j=1.41: wscale 0.1275 probe 12.196 (target 13.609) in 6 iters
item 4 random   trial 25 loom           6.5s  DNp09 1.67 MDN 0.00 DNp01 57.50 pC1 0.00 pIP10 0.00 HS R/L 0.00/0.00
item 4 random   trial 25 recede         6.5s  DNp09 176.67 MDN 150.42 DNp01 245.00 pC1 20.19 pIP10 185.00 HS R/L 52.78/7.78
item 4 random   trial 25 control_visual   6.4s  DNp09 8.33 MDN 0.00 DNp01 23.33 pC1 0.09 pIP10 5.83 HS R/L 28.33/0.56
  jitter trial 25 j=2: wscale 0.1275 probe 13.945 (target 13.609) in 6 iters
item 4 random   trial 25 loom           6.5s  DNp09 13.33 MDN 0.83 DNp01 56.67 pC1 0.09 pIP10 5.00 HS R/L 14.44/10.00
item 4 random   trial 25 recede         6.5s  DNp09 192.50 MDN 170.83 DNp01 244.17 pC1 30.58 pIP10 196.67 HS R/L 70.56/10.00
item 4 random   trial 25 control_visual   6.5s  DNp09 15.83 MDN 3.75 DNp01 38.33 pC1 0.38 pIP10 20.83 HS R/L 28.89/10.00
  jitter trial 25 j=2.83: wscale 0.1120 probe 11.240 (target 13.609) in 3 iters
item 4 random   trial 25 loom           6.5s  DNp09 12.50 MDN 1.67 DNp01 52.50 pC1 0.28 pIP10 5.00 HS R/L 6.11/10.56
item 4 random   trial 25 recede         6.5s  DNp09 174.17 MDN 125.83 DNp01 238.33 pC1 19.53 pIP10 184.17 HS R/L 3.33/0.00
item 4 random   trial 25 control_visual   6.5s  DNp09 20.00 MDN 2.92 DNp01 39.17 pC1 0.56 pIP10 12.50 HS R/L 7.22/0.00
  jitter trial 25 j=4: wscale 0.1120 probe 13.635 (target 13.609) in 3 iters
item 4 random   trial 25 loom           6.3s  DNp09 60.83 MDN 36.67 DNp01 95.83 pC1 7.92 pIP10 67.50 HS R/L 0.00/0.00
item 4 random   trial 25 recede         6.4s  DNp09 180.00 MDN 126.25 DNp01 238.33 pC1 30.80 pIP10 194.17 HS R/L 8.33/0.00
item 4 random   trial 25 control_visual   6.5s  DNp09 59.17 MDN 35.42 DNp01 86.67 pC1 7.05 pIP10 60.00 HS R/L 0.00/6.11
  jitter trial 26 j=1: wscale 0.2648 probe 15.800 (target 13.609) in 3 iters
item 4 random   trial 26 loom           6.5s  DNp09 39.17 MDN 29.17 DNp01 80.00 pC1 8.66 pIP10 26.67 HS R/L 0.00/0.00
item 4 random   trial 26 recede         6.5s  DNp09 145.83 MDN 141.25 DNp01 165.00 pC1 58.41 pIP10 136.67 HS R/L 0.00/0.00
item 4 random   trial 26 control_visual   6.5s  DNp09 134.17 MDN 125.42 DNp01 137.50 pC1 53.06 pIP10 128.33 HS R/L 0.00/0.00
  jitter trial 26 j=1.41: wscale 0.2648 probe 16.137 (target 13.609) in 3 iters
item 4 random   trial 26 loom           6.5s  DNp09 104.17 MDN 94.58 DNp01 111.67 pC1 38.27 pIP10 95.00 HS R/L 1.67/0.00
item 4 random   trial 26 recede         6.5s  DNp09 150.00 MDN 141.25 DNp01 164.17 pC1 59.78 pIP10 138.33 HS R/L 2.22/0.00
item 4 random   trial 26 control_visual   6.5s  DNp09 138.33 MDN 130.42 DNp01 139.17 pC1 55.47 pIP10 131.67 HS R/L 1.67/0.00
  jitter trial 26 j=2: wscale 0.2648 probe 16.847 (target 13.609) in 3 iters
item 4 random   trial 26 loom           6.5s  DNp09 121.67 MDN 111.67 DNp01 124.17 pC1 49.03 pIP10 110.83 HS R/L 7.22/0.00
item 4 random   trial 26 recede         6.5s  DNp09 153.33 MDN 142.50 DNp01 163.33 pC1 64.01 pIP10 140.00 HS R/L 9.44/0.00
item 4 random   trial 26 control_visual   6.5s  DNp09 143.33 MDN 135.00 DNp01 143.33 pC1 60.99 pIP10 135.00 HS R/L 8.89/0.00
  jitter trial 26 j=2.83: wscale 0.2042 probe 11.156 (target 13.609) in 5 iters
item 4 random   trial 26 loom           6.5s  DNp09 103.33 MDN 73.33 DNp01 117.50 pC1 26.59 pIP10 99.17 HS R/L 0.00/0.00
item 4 random   trial 26 recede         6.5s  DNp09 133.33 MDN 95.00 DNp01 162.50 pC1 35.44 pIP10 130.00 HS R/L 0.00/0.00
item 4 random   trial 26 control_visual   6.5s  DNp09 122.50 MDN 89.58 DNp01 139.17 pC1 33.55 pIP10 123.33 HS R/L 0.00/0.00
  jitter trial 26 j=4: wscale 0.2042 probe 12.409 (target 13.609) in 5 iters
item 4 random   trial 26 loom           6.5s  DNp09 113.33 MDN 76.67 DNp01 125.00 pC1 34.65 pIP10 103.33 HS R/L 0.00/2.22
item 4 random   trial 26 recede         6.5s  DNp09 135.00 MDN 90.83 DNp01 160.83 pC1 42.09 pIP10 125.83 HS R/L 0.00/2.22
item 4 random   trial 26 control_visual   6.5s  DNp09 125.83 MDN 87.08 DNp01 141.67 pC1 40.48 pIP10 120.00 HS R/L 0.00/2.22
  jitter trial 27 j=1: wscale 1.4316 probe 13.578 (target 13.609) in 4 iters
item 4 random   trial 27 loom           6.4s  DNp09 5.00 MDN 0.00 DNp01 46.67 pC1 0.00 pIP10 0.00 HS R/L 0.00/0.00
item 4 random   trial 27 recede         6.4s  DNp09 155.00 MDN 144.17 DNp01 163.33 pC1 24.51 pIP10 141.67 HS R/L 0.00/0.00
item 4 random   trial 27 control_visual   6.4s  DNp09 132.50 MDN 118.75 DNp01 122.50 pC1 20.22 pIP10 117.50 HS R/L 0.00/0.00
  jitter trial 27 j=1.41: wscale 1.4316 probe 13.818 (target 13.609) in 4 iters
item 4 random   trial 27 loom           6.4s  DNp09 7.50 MDN 3.75 DNp01 45.00 pC1 0.00 pIP10 0.83 HS R/L 0.00/0.00
item 4 random   trial 27 recede         6.4s  DNp09 155.83 MDN 146.25 DNp01 165.00 pC1 25.81 pIP10 143.33 HS R/L 0.00/0.00
item 4 random   trial 27 control_visual   6.4s  DNp09 131.67 MDN 119.58 DNp01 123.33 pC1 21.71 pIP10 117.50 HS R/L 0.00/0.00
  jitter trial 27 j=2: wscale 1.4316 probe 14.334 (target 13.609) in 4 iters
item 4 random   trial 27 loom           6.4s  DNp09 36.67 MDN 25.42 DNp01 44.17 pC1 2.59 pIP10 22.50 HS R/L 0.00/0.00
item 4 random   trial 27 recede         6.3s  DNp09 155.83 MDN 148.75 DNp01 165.83 pC1 28.64 pIP10 145.83 HS R/L 0.56/0.00
item 4 random   trial 27 control_visual   6.4s  DNp09 148.33 MDN 137.92 DNp01 143.33 pC1 27.76 pIP10 137.50 HS R/L 0.56/0.00
  jitter trial 27 j=2.83: wscale 1.4316 probe 15.340 (target 13.609) in 4 iters
item 4 random   trial 27 loom           6.4s  DNp09 37.50 MDN 30.00 DNp01 44.17 pC1 4.73 pIP10 25.00 HS R/L 0.00/0.00
item 4 random   trial 27 recede         6.4s  DNp09 158.33 MDN 152.92 DNp01 166.67 pC1 35.68 pIP10 147.50 HS R/L 3.89/0.00
item 4 random   trial 27 control_visual   6.4s  DNp09 153.33 MDN 144.17 DNp01 150.83 pC1 34.86 pIP10 143.33 HS R/L 3.33/0.00
  jitter trial 27 j=4: wscale 1.4316 probe 16.786 (target 13.609) in 4 iters
item 4 random   trial 27 loom           6.4s  DNp09 78.33 MDN 70.83 DNp01 78.33 pC1 21.30 pIP10 70.00 HS R/L 2.78/0.00
item 4 random   trial 27 recede         6.4s  DNp09 158.33 MDN 151.25 DNp01 166.67 pC1 46.38 pIP10 149.17 HS R/L 6.11/0.00
item 4 random   trial 27 control_visual   7.0s  DNp09 155.00 MDN 143.75 DNp01 154.17 pC1 45.50 pIP10 143.33 HS R/L 5.56/0.00
  jitter trial 28 j=1: wscale 0.2643 probe 15.248 (target 13.609) in 7 iters
item 4 random   trial 28 loom           6.9s  DNp09 0.00 MDN 0.00 DNp01 30.83 pC1 0.03 pIP10 0.00 HS R/L 0.00/0.00
item 4 random   trial 28 recede         6.8s  DNp09 255.00 MDN 178.75 DNp01 265.00 pC1 90.14 pIP10 224.17 HS R/L 7.78/3.89
item 4 random   trial 28 control_visual   6.9s  DNp09 100.83 MDN 49.58 DNp01 89.17 pC1 18.95 pIP10 68.33 HS R/L 2.22/0.00
  jitter trial 28 j=1.41: wscale 0.2476 probe 13.472 (target 13.609) in 3 iters
item 4 random   trial 28 loom           6.8s  DNp09 0.00 MDN 0.00 DNp01 27.50 pC1 0.06 pIP10 0.00 HS R/L 0.00/0.00
item 4 random   trial 28 recede         6.9s  DNp09 248.33 MDN 125.42 DNp01 255.00 pC1 70.62 pIP10 211.67 HS R/L 9.44/1.67
item 4 random   trial 28 control_visual   6.9s  DNp09 62.50 MDN 17.08 DNp01 42.50 pC1 6.14 pIP10 25.00 HS R/L 1.67/0.00
  jitter trial 28 j=2: wscale 0.2320 probe 14.528 (target 13.609) in 7 iters
item 4 random   trial 28 loom           6.9s  DNp09 3.33 MDN 0.00 DNp01 20.83 pC1 0.20 pIP10 0.00 HS R/L 0.00/0.00
item 4 random   trial 28 recede         6.8s  DNp09 244.17 MDN 88.33 DNp01 255.83 pC1 61.61 pIP10 209.17 HS R/L 15.56/1.11
item 4 random   trial 28 control_visual   6.9s  DNp09 95.00 MDN 24.58 DNp01 73.33 pC1 13.15 pIP10 56.67 HS R/L 5.56/0.00
  jitter trial 28 j=2.83: wscale 0.2174 probe 16.018 (target 13.609) in 6 iters
item 4 random   trial 28 loom           6.9s  DNp09 180.83 MDN 49.58 DNp01 174.17 pC1 39.95 pIP10 143.33 HS R/L 35.00/1.11
item 4 random   trial 28 recede         6.9s  DNp09 242.50 MDN 72.08 DNp01 264.17 pC1 60.68 pIP10 209.17 HS R/L 51.11/2.22
item 4 random   trial 28 control_visual   6.9s  DNp09 118.33 MDN 28.75 DNp01 105.83 pC1 21.76 pIP10 81.67 HS R/L 25.56/0.56
  jitter trial 28 j=4: wscale 0.1909 probe 14.198 (target 13.609) in 5 iters
item 4 random   trial 28 loom           6.8s  DNp09 173.33 MDN 37.92 DNp01 184.17 pC1 36.39 pIP10 122.50 HS R/L 46.67/0.56
item 4 random   trial 28 recede         6.8s  DNp09 227.50 MDN 52.50 DNp01 265.83 pC1 48.96 pIP10 167.50 HS R/L 65.00/1.67
item 4 random   trial 28 control_visual   6.9s  DNp09 105.83 MDN 23.33 DNp01 113.33 pC1 21.16 pIP10 69.17 HS R/L 40.00/0.00
  jitter trial 29 j=1: wscale 0.1110 probe 10.357 (target 13.609) in 6 iters
item 4 random   trial 29 loom           6.8s  DNp09 0.00 MDN 0.00 DNp01 31.67 pC1 0.00 pIP10 0.00 HS R/L 0.00/0.00
item 4 random   trial 29 recede         6.8s  DNp09 153.33 MDN 97.50 DNp01 140.00 pC1 38.53 pIP10 123.33 HS R/L 0.00/0.00
item 4 random   trial 29 control_visual   6.8s  DNp09 0.00 MDN 0.00 DNp01 0.00 pC1 0.13 pIP10 0.00 HS R/L 0.00/0.00
  jitter trial 29 j=1.41: wscale 0.1110 probe 12.890 (target 13.609) in 6 iters
item 4 random   trial 29 loom           6.8s  DNp09 75.83 MDN 29.17 DNp01 59.17 pC1 6.91 pIP10 55.83 HS R/L 0.00/0.00
item 4 random   trial 29 recede         6.8s  DNp09 150.83 MDN 98.33 DNp01 134.17 pC1 36.56 pIP10 131.67 HS R/L 0.00/0.00
item 4 random   trial 29 control_visual   6.7s  DNp09 6.67 MDN 0.00 DNp01 4.17 pC1 0.26 pIP10 0.00 HS R/L 0.00/0.00
  jitter trial 29 j=2: wscale 0.1110 probe 13.856 (target 13.609) in 6 iters
item 4 random   trial 29 loom           6.8s  DNp09 130.00 MDN 77.92 DNp01 97.50 pC1 30.10 pIP10 114.17 HS R/L 0.00/0.00
item 4 random   trial 29 recede         6.8s  DNp09 154.17 MDN 97.08 DNp01 130.83 pC1 40.43 pIP10 140.83 HS R/L 0.00/0.00
item 4 random   trial 29 control_visual   6.8s  DNp09 49.17 MDN 14.58 DNp01 25.00 pC1 3.87 pIP10 32.50 HS R/L 0.00/0.00
  jitter trial 29 j=2.83: wscale 0.1110 probe 15.446 (target 13.609) in 6 iters
item 4 random   trial 29 loom           6.8s  DNp09 139.17 MDN 80.83 DNp01 105.00 pC1 38.63 pIP10 127.50 HS R/L 0.00/0.00
item 4 random   trial 29 recede         6.7s  DNp09 158.33 MDN 95.00 DNp01 136.67 pC1 47.04 pIP10 149.17 HS R/L 0.00/0.00
item 4 random   trial 29 control_visual   6.7s  DNp09 127.50 MDN 71.67 DNp01 80.83 pC1 34.10 pIP10 112.50 HS R/L 0.00/0.00
  jitter trial 29 j=4: wscale 0.0974 probe 13.284 (target 13.609) in 3 iters
item 4 random   trial 29 loom           6.7s  DNp09 138.33 MDN 71.67 DNp01 96.67 pC1 29.95 pIP10 125.00 HS R/L 0.00/0.00
item 4 random   trial 29 recede         6.8s  DNp09 155.83 MDN 81.25 DNp01 120.00 pC1 36.04 pIP10 145.00 HS R/L 0.00/0.00
item 4 random   trial 29 control_visual   6.8s  DNp09 135.00 MDN 68.33 DNp01 80.00 pC1 29.80 pIP10 120.00 HS R/L 0.00/0.00
item 5 real     trial 0 rot_a          6.8s  DNp09 0.00 MDN 9.17 DNp01 0.00 pC1 2.34 pIP10 3.33 HS R/L 250.00/0.00
item 5 real     trial 0 rot_b          6.7s  DNp09 0.00 MDN 33.75 DNp01 0.00 pC1 1.90 pIP10 3.33 HS R/L 0.00/250.00
item 5 real     trial 1 rot_a          6.8s  DNp09 0.00 MDN 9.58 DNp01 0.00 pC1 0.52 pIP10 5.00 HS R/L 250.00/0.00
item 5 real     trial 1 rot_b          6.8s  DNp09 0.00 MDN 53.75 DNp01 0.00 pC1 2.13 pIP10 6.67 HS R/L 0.00/250.00
item 5 real     trial 2 rot_a          6.8s  DNp09 0.00 MDN 0.83 DNp01 0.00 pC1 0.21 pIP10 5.00 HS R/L 250.00/0.00
item 5 real     trial 2 rot_b          6.8s  DNp09 0.00 MDN 12.92 DNp01 1.67 pC1 2.00 pIP10 13.33 HS R/L 0.00/250.00
item 5 real     trial 3 rot_a          6.7s  DNp09 0.00 MDN 2.08 DNp01 0.00 pC1 0.11 pIP10 10.00 HS R/L 250.00/0.00
item 5 real     trial 3 rot_b          6.7s  DNp09 0.00 MDN 62.50 DNp01 0.00 pC1 0.51 pIP10 2.50 HS R/L 0.00/250.00
item 5 real     trial 4 rot_a          6.7s  DNp09 0.00 MDN 1.25 DNp01 0.00 pC1 0.44 pIP10 7.50 HS R/L 250.00/0.00
item 5 real     trial 4 rot_b          6.7s  DNp09 0.00 MDN 17.08 DNp01 0.00 pC1 0.47 pIP10 12.50 HS R/L 0.00/250.00
item 5 real     trial 5 rot_a          6.7s  DNp09 0.00 MDN 27.08 DNp01 0.00 pC1 0.35 pIP10 6.67 HS R/L 250.00/0.00
item 5 real     trial 5 rot_b          6.8s  DNp09 0.00 MDN 7.08 DNp01 0.00 pC1 1.56 pIP10 5.00 HS R/L 0.00/250.00
item 5 real     trial 6 rot_a          6.8s  DNp09 0.00 MDN 16.25 DNp01 1.67 pC1 1.18 pIP10 1.67 HS R/L 250.00/0.00
item 5 real     trial 6 rot_b          6.8s  DNp09 0.00 MDN 39.58 DNp01 0.00 pC1 0.51 pIP10 6.67 HS R/L 0.00/250.00
item 5 real     trial 7 rot_a          6.8s  DNp09 0.00 MDN 1.25 DNp01 0.00 pC1 0.37 pIP10 15.83 HS R/L 250.00/0.00
item 5 real     trial 7 rot_b          6.8s  DNp09 0.00 MDN 17.08 DNp01 0.00 pC1 1.67 pIP10 20.83 HS R/L 0.00/250.00
item 5 real     trial 8 rot_a          6.7s  DNp09 0.00 MDN 2.50 DNp01 0.00 pC1 1.85 pIP10 5.83 HS R/L 250.00/0.00
item 5 real     trial 8 rot_b          6.8s  DNp09 0.00 MDN 32.08 DNp01 0.00 pC1 0.57 pIP10 10.83 HS R/L 0.00/250.00
item 5 real     trial 9 rot_a          6.8s  DNp09 0.00 MDN 12.50 DNp01 0.00 pC1 0.84 pIP10 2.50 HS R/L 250.00/0.00
item 5 real     trial 9 rot_b          6.7s  DNp09 0.00 MDN 54.58 DNp01 0.83 pC1 0.59 pIP10 7.50 HS R/L 0.00/250.00
item 5 real     trial 10 rot_a          6.7s  DNp09 0.00 MDN 14.58 DNp01 0.00 pC1 0.11 pIP10 1.67 HS R/L 250.00/0.00
item 5 real     trial 10 rot_b          6.8s  DNp09 0.00 MDN 54.17 DNp01 0.00 pC1 1.19 pIP10 11.67 HS R/L 0.00/250.00
item 5 real     trial 11 rot_a          6.7s  DNp09 0.00 MDN 12.50 DNp01 0.83 pC1 0.11 pIP10 8.33 HS R/L 250.00/0.00
item 5 real     trial 11 rot_b          6.8s  DNp09 0.00 MDN 57.50 DNp01 0.00 pC1 1.43 pIP10 3.33 HS R/L 0.00/250.00
item 5 real     trial 12 rot_a          6.8s  DNp09 0.00 MDN 21.25 DNp01 0.00 pC1 0.11 pIP10 4.17 HS R/L 250.00/0.00
item 5 real     trial 12 rot_b          6.7s  DNp09 0.00 MDN 25.83 DNp01 0.00 pC1 2.85 pIP10 30.83 HS R/L 0.00/250.00
item 5 real     trial 13 rot_a          6.7s  DNp09 0.00 MDN 1.25 DNp01 0.00 pC1 0.76 pIP10 15.00 HS R/L 250.00/0.00
item 5 real     trial 13 rot_b          6.8s  DNp09 0.00 MDN 74.17 DNp01 0.00 pC1 0.54 pIP10 0.00 HS R/L 0.00/250.00
item 5 real     trial 14 rot_a          6.7s  DNp09 0.00 MDN 2.08 DNp01 0.00 pC1 1.53 pIP10 3.33 HS R/L 250.00/0.00
item 5 real     trial 14 rot_b          6.8s  DNp09 0.00 MDN 56.67 DNp01 0.00 pC1 1.81 pIP10 5.83 HS R/L 0.00/250.00
item 5 real     trial 15 rot_a          6.8s  DNp09 0.00 MDN 4.58 DNp01 0.00 pC1 1.28 pIP10 4.17 HS R/L 250.00/0.00
item 5 real     trial 15 rot_b          6.7s  DNp09 0.00 MDN 35.42 DNp01 0.00 pC1 0.77 pIP10 8.33 HS R/L 0.00/250.00
item 5 real     trial 16 rot_a          6.8s  DNp09 0.00 MDN 10.83 DNp01 0.00 pC1 0.14 pIP10 10.00 HS R/L 250.00/0.00
item 5 real     trial 16 rot_b          6.8s  DNp09 0.00 MDN 38.75 DNp01 0.00 pC1 1.57 pIP10 8.33 HS R/L 0.00/250.00
item 5 real     trial 17 rot_a          6.7s  DNp09 0.00 MDN 3.33 DNp01 0.00 pC1 0.21 pIP10 15.00 HS R/L 250.00/0.00
item 5 real     trial 17 rot_b          6.8s  DNp09 0.00 MDN 38.75 DNp01 0.00 pC1 2.28 pIP10 4.17 HS R/L 0.00/250.00
item 5 real     trial 18 rot_a          6.8s  DNp09 0.00 MDN 0.42 DNp01 0.00 pC1 0.42 pIP10 4.17 HS R/L 250.00/0.00
item 5 real     trial 18 rot_b          6.8s  DNp09 0.00 MDN 65.83 DNp01 0.00 pC1 0.67 pIP10 0.00 HS R/L 0.00/250.00
item 5 real     trial 19 rot_a          6.8s  DNp09 0.00 MDN 20.42 DNp01 0.00 pC1 0.10 pIP10 0.83 HS R/L 250.00/0.00
item 5 real     trial 19 rot_b          6.7s  DNp09 0.00 MDN 23.75 DNp01 0.00 pC1 0.37 pIP10 15.00 HS R/L 0.00/250.00
item 5 real     trial 20 rot_a          6.3s  DNp09 0.00 MDN 3.33 DNp01 0.00 pC1 0.20 pIP10 12.50 HS R/L 250.00/0.00
item 5 real     trial 20 rot_b          6.3s  DNp09 0.00 MDN 57.92 DNp01 0.00 pC1 1.54 pIP10 1.67 HS R/L 0.00/250.00
item 5 real     trial 21 rot_a          6.3s  DNp09 0.00 MDN 4.58 DNp01 0.00 pC1 0.16 pIP10 5.83 HS R/L 250.00/0.00
item 5 real     trial 21 rot_b          6.3s  DNp09 0.00 MDN 23.33 DNp01 0.00 pC1 0.63 pIP10 14.17 HS R/L 0.00/250.00
item 5 real     trial 22 rot_a          6.3s  DNp09 0.00 MDN 1.25 DNp01 0.00 pC1 0.67 pIP10 4.17 HS R/L 250.00/0.00
item 5 real     trial 22 rot_b          6.3s  DNp09 0.00 MDN 72.50 DNp01 0.83 pC1 0.49 pIP10 2.50 HS R/L 0.00/250.00
item 5 real     trial 23 rot_a          6.3s  DNp09 0.00 MDN 5.00 DNp01 0.00 pC1 0.09 pIP10 1.67 HS R/L 250.00/0.00
item 5 real     trial 23 rot_b          6.3s  DNp09 0.00 MDN 75.42 DNp01 0.00 pC1 0.99 pIP10 1.67 HS R/L 0.00/250.00
item 5 real     trial 24 rot_a          6.3s  DNp09 0.00 MDN 5.83 DNp01 0.83 pC1 0.22 pIP10 9.17 HS R/L 250.00/0.00
item 5 real     trial 24 rot_b          6.3s  DNp09 0.00 MDN 11.67 DNp01 0.83 pC1 0.50 pIP10 13.33 HS R/L 0.00/250.00
item 5 real     trial 25 rot_a          6.3s  DNp09 0.00 MDN 15.00 DNp01 0.00 pC1 0.75 pIP10 5.83 HS R/L 250.00/0.00
item 5 real     trial 25 rot_b          6.3s  DNp09 0.00 MDN 55.00 DNp01 0.83 pC1 0.62 pIP10 0.00 HS R/L 0.00/250.00
item 5 real     trial 26 rot_a          6.3s  DNp09 0.00 MDN 2.08 DNp01 0.00 pC1 0.17 pIP10 9.17 HS R/L 250.00/0.00
item 5 real     trial 26 rot_b          6.3s  DNp09 0.00 MDN 22.08 DNp01 0.00 pC1 0.38 pIP10 5.83 HS R/L 0.00/250.00
item 5 real     trial 27 rot_a          6.3s  DNp09 0.00 MDN 14.17 DNp01 0.00 pC1 0.15 pIP10 3.33 HS R/L 250.00/0.00
item 5 real     trial 27 rot_b          6.3s  DNp09 0.00 MDN 8.33 DNp01 0.83 pC1 0.46 pIP10 16.67 HS R/L 0.00/250.00
item 5 real     trial 28 rot_a          6.3s  DNp09 0.00 MDN 17.08 DNp01 0.00 pC1 0.32 pIP10 14.17 HS R/L 250.00/0.00
item 5 real     trial 28 rot_b          6.3s  DNp09 0.00 MDN 55.42 DNp01 0.00 pC1 0.40 pIP10 3.33 HS R/L 0.00/250.00
item 5 real     trial 29 rot_a          6.3s  DNp09 0.00 MDN 8.33 DNp01 0.00 pC1 2.43 pIP10 12.50 HS R/L 250.00/0.00
item 5 real     trial 29 rot_b          6.3s  DNp09 0.00 MDN 19.17 DNp01 0.00 pC1 1.94 pIP10 13.33 HS R/L 0.00/250.00
item 5 shuffled trial 0 rot_a          6.2s  DNp09 123.33 MDN 136.25 DNp01 15.00 pC1 110.52 pIP10 198.33 HS R/L 192.78/100.56
item 5 shuffled trial 0 rot_b          6.3s  DNp09 142.50 MDN 155.00 DNp01 9.17 pC1 124.24 pIP10 214.17 HS R/L 207.22/119.44
item 5 shuffled trial 1 rot_a          6.3s  DNp09 145.83 MDN 157.50 DNp01 211.67 pC1 125.04 pIP10 146.67 HS R/L 203.89/205.00
item 5 shuffled trial 1 rot_b          6.3s  DNp09 161.67 MDN 155.00 DNp01 210.83 pC1 124.31 pIP10 145.83 HS R/L 203.33/203.33
item 5 shuffled trial 2 rot_a          6.3s  DNp09 116.67 MDN 195.00 DNp01 205.83 pC1 131.94 pIP10 212.50 HS R/L 206.67/144.44
item 5 shuffled trial 2 rot_b          6.3s  DNp09 108.33 MDN 191.67 DNp01 200.83 pC1 131.67 pIP10 206.67 HS R/L 205.56/142.22
item 5 shuffled trial 3 rot_a          6.1s  DNp09 160.00 MDN 153.33 DNp01 98.33 pC1 114.86 pIP10 185.00 HS R/L 137.78/198.89
item 5 shuffled trial 3 rot_b          6.1s  DNp09 149.17 MDN 148.33 DNp01 89.17 pC1 108.28 pIP10 174.17 HS R/L 136.11/179.44
item 5 shuffled trial 4 rot_a          6.3s  DNp09 196.67 MDN 178.75 DNp01 107.50 pC1 120.78 pIP10 209.17 HS R/L 217.78/203.89
item 5 shuffled trial 4 rot_b          6.3s  DNp09 193.33 MDN 168.33 DNp01 105.00 pC1 114.65 pIP10 208.33 HS R/L 211.67/196.67
item 5 shuffled trial 5 rot_a          6.2s  DNp09 196.67 MDN 154.58 DNp01 0.00 pC1 113.02 pIP10 210.83 HS R/L 147.22/196.67
item 5 shuffled trial 5 rot_b          6.2s  DNp09 205.00 MDN 150.42 DNp01 1.67 pC1 112.08 pIP10 210.00 HS R/L 145.00/202.78
item 5 shuffled trial 6 rot_a          6.2s  DNp09 100.00 MDN 200.42 DNp01 100.00 pC1 111.47 pIP10 207.50 HS R/L 3.33/205.56
item 5 shuffled trial 6 rot_b          6.2s  DNp09 99.17 MDN 192.08 DNp01 86.67 pC1 106.53 pIP10 202.50 HS R/L 3.33/200.56
item 5 shuffled trial 7 rot_a          6.3s  DNp09 202.50 MDN 207.08 DNp01 205.83 pC1 131.92 pIP10 162.50 HS R/L 141.67/206.67
item 5 shuffled trial 7 rot_b          6.3s  DNp09 204.17 MDN 200.00 DNp01 198.33 pC1 126.56 pIP10 146.67 HS R/L 135.00/198.89
item 5 shuffled trial 8 rot_a          6.2s  DNp09 200.83 MDN 205.83 DNp01 147.50 pC1 112.21 pIP10 216.67 HS R/L 203.89/137.78
item 5 shuffled trial 8 rot_b          6.2s  DNp09 180.00 MDN 184.58 DNp01 135.83 pC1 100.99 pIP10 190.83 HS R/L 182.78/123.89
item 5 shuffled trial 9 rot_a          6.2s  DNp09 211.67 MDN 215.42 DNp01 151.67 pC1 127.86 pIP10 125.00 HS R/L 222.22/148.33
item 5 shuffled trial 9 rot_b          6.2s  DNp09 185.83 MDN 187.92 DNp01 145.00 pC1 115.09 pIP10 132.50 HS R/L 200.00/137.22
item 5 shuffled trial 10 rot_a          6.2s  DNp09 215.83 MDN 137.50 DNp01 105.83 pC1 115.00 pIP10 209.17 HS R/L 215.56/217.22
item 5 shuffled trial 10 rot_b          6.3s  DNp09 211.67 MDN 138.75 DNp01 104.17 pC1 110.14 pIP10 200.00 HS R/L 207.22/202.22
item 5 shuffled trial 11 rot_a          6.2s  DNp09 137.50 MDN 103.33 DNp01 110.00 pC1 111.98 pIP10 108.33 HS R/L 145.56/215.00
item 5 shuffled trial 11 rot_b          6.2s  DNp09 130.83 MDN 92.92 DNp01 98.33 pC1 100.53 pIP10 101.67 HS R/L 150.00/192.22
item 5 shuffled trial 12 rot_a          6.2s  DNp09 206.67 MDN 149.58 DNp01 137.50 pC1 121.85 pIP10 198.33 HS R/L 207.78/212.78
item 5 shuffled trial 12 rot_b          6.3s  DNp09 200.83 MDN 145.00 DNp01 130.83 pC1 118.38 pIP10 195.00 HS R/L 203.33/202.78
item 5 shuffled trial 13 rot_a          6.3s  DNp09 104.17 MDN 191.25 DNp01 192.50 pC1 110.22 pIP10 199.17 HS R/L 180.56/63.33
item 5 shuffled trial 13 rot_b          6.2s  DNp09 115.83 MDN 192.08 DNp01 195.83 pC1 110.33 pIP10 200.83 HS R/L 169.44/57.78
item 5 shuffled trial 14 rot_a          6.3s  DNp09 99.17 MDN 151.25 DNp01 180.83 pC1 114.12 pIP10 3.33 HS R/L 143.33/200.00
item 5 shuffled trial 14 rot_b          6.3s  DNp09 107.50 MDN 157.08 DNp01 190.00 pC1 119.08 pIP10 2.50 HS R/L 152.22/202.78
item 5 shuffled trial 15 rot_a          6.3s  DNp09 50.00 MDN 169.17 DNp01 183.33 pC1 112.30 pIP10 103.33 HS R/L 141.11/193.89
item 5 shuffled trial 15 rot_b          6.3s  DNp09 45.00 MDN 157.92 DNp01 181.67 pC1 109.25 pIP10 102.50 HS R/L 146.67/192.22
item 5 shuffled trial 16 rot_a          6.3s  DNp09 164.17 MDN 131.25 DNp01 99.17 pC1 99.78 pIP10 169.17 HS R/L 161.11/120.56
item 5 shuffled trial 16 rot_b          6.3s  DNp09 201.67 MDN 153.33 DNp01 120.83 pC1 118.35 pIP10 200.83 HS R/L 200.00/137.22
item 5 shuffled trial 17 rot_a          6.2s  DNp09 151.67 MDN 140.00 DNp01 107.50 pC1 128.64 pIP10 205.00 HS R/L 188.33/183.89
item 5 shuffled trial 17 rot_b          6.3s  DNp09 152.50 MDN 142.08 DNp01 103.33 pC1 133.14 pIP10 208.33 HS R/L 189.44/180.56
item 5 shuffled trial 18 rot_a          6.2s  DNp09 198.33 MDN 150.42 DNp01 145.00 pC1 105.69 pIP10 101.67 HS R/L 168.89/142.22
item 5 shuffled trial 18 rot_b          6.2s  DNp09 198.33 MDN 154.17 DNp01 151.67 pC1 107.90 pIP10 104.17 HS R/L 176.11/148.89
item 5 shuffled trial 19 rot_a          6.2s  DNp09 200.83 MDN 144.58 DNp01 30.00 pC1 131.31 pIP10 198.33 HS R/L 191.67/200.00
item 5 shuffled trial 19 rot_b          6.2s  DNp09 204.17 MDN 145.00 DNp01 7.50 pC1 134.48 pIP10 200.83 HS R/L 197.78/204.44
item 5 shuffled trial 20 rot_a          6.2s  DNp09 0.00 MDN 155.00 DNp01 164.17 pC1 119.86 pIP10 127.50 HS R/L 180.00/209.44
item 5 shuffled trial 20 rot_b          6.2s  DNp09 0.00 MDN 160.42 DNp01 152.50 pC1 125.75 pIP10 140.00 HS R/L 190.56/218.89
item 5 shuffled trial 21 rot_a          6.3s  DNp09 99.17 MDN 195.42 DNp01 96.67 pC1 119.63 pIP10 190.00 HS R/L 196.11/128.89
item 5 shuffled trial 21 rot_b          6.3s  DNp09 94.17 MDN 199.58 DNp01 94.17 pC1 120.00 pIP10 189.17 HS R/L 190.56/135.56
item 5 shuffled trial 22 rot_a          6.3s  DNp09 194.17 MDN 126.25 DNp01 100.00 pC1 130.53 pIP10 10.83 HS R/L 196.67/106.11
item 5 shuffled trial 22 rot_b          6.3s  DNp09 203.33 MDN 132.92 DNp01 100.83 pC1 130.92 pIP10 15.83 HS R/L 200.56/110.00
item 5 shuffled trial 23 rot_a          6.2s  DNp09 125.83 MDN 148.33 DNp01 190.00 pC1 119.29 pIP10 105.00 HS R/L 212.22/217.78
item 5 shuffled trial 23 rot_b          6.2s  DNp09 118.33 MDN 143.33 DNp01 180.00 pC1 115.96 pIP10 115.83 HS R/L 199.44/216.11
item 5 shuffled trial 24 rot_a          6.3s  DNp09 185.83 MDN 90.83 DNp01 0.00 pC1 105.87 pIP10 76.67 HS R/L 169.44/135.00
item 5 shuffled trial 24 rot_b          6.3s  DNp09 203.33 MDN 100.42 DNp01 0.83 pC1 111.38 pIP10 63.33 HS R/L 181.11/146.11
item 5 shuffled trial 25 rot_a          6.2s  DNp09 202.50 MDN 192.08 DNp01 104.17 pC1 108.17 pIP10 196.67 HS R/L 200.56/120.56
item 5 shuffled trial 25 rot_b          6.2s  DNp09 202.50 MDN 204.58 DNp01 101.67 pC1 107.00 pIP10 197.50 HS R/L 210.56/121.67
item 5 shuffled trial 26 rot_a          6.2s  DNp09 208.33 MDN 156.25 DNp01 215.83 pC1 136.38 pIP10 215.83 HS R/L 123.33/146.11
item 5 shuffled trial 26 rot_b          6.2s  DNp09 197.50 MDN 151.25 DNp01 208.33 pC1 130.37 pIP10 199.17 HS R/L 107.78/141.11
item 5 shuffled trial 27 rot_a          6.2s  DNp09 113.33 MDN 164.58 DNp01 84.17 pC1 114.86 pIP10 98.33 HS R/L 204.44/160.00
item 5 shuffled trial 27 rot_b          6.2s  DNp09 122.50 MDN 171.25 DNp01 96.67 pC1 124.66 pIP10 100.00 HS R/L 218.33/198.89
item 5 shuffled trial 28 rot_a          6.2s  DNp09 213.33 MDN 205.83 DNp01 210.00 pC1 129.33 pIP10 204.17 HS R/L 202.22/136.67
item 5 shuffled trial 28 rot_b          6.2s  DNp09 214.17 MDN 202.92 DNp01 203.33 pC1 126.98 pIP10 205.00 HS R/L 207.78/138.89
item 5 shuffled trial 29 rot_a          6.3s  DNp09 180.83 MDN 138.33 DNp01 9.17 pC1 109.05 pIP10 169.17 HS R/L 179.44/196.67
item 5 shuffled trial 29 rot_b          6.3s  DNp09 195.00 MDN 146.25 DNp01 20.83 pC1 117.77 pIP10 188.33 HS R/L 192.78/210.00
  jitter trial 0 j=1: wscale 0.1733 probe 12.782 (target 13.609) in 6 iters
item 5 random   trial 0 rot_a          6.3s  DNp09 72.50 MDN 48.75 DNp01 90.00 pC1 9.91 pIP10 95.83 HS R/L 196.67/0.00
item 5 random   trial 0 rot_b          6.3s  DNp09 85.83 MDN 69.58 DNp01 102.50 pC1 12.71 pIP10 112.50 HS R/L 196.67/196.67
  jitter trial 0 j=1.41: wscale 0.1733 probe 13.055 (target 13.609) in 6 iters
item 5 random   trial 0 rot_a          6.3s  DNp09 90.00 MDN 69.58 DNp01 99.17 pC1 13.19 pIP10 100.83 HS R/L 197.22/0.00
item 5 random   trial 0 rot_b          6.3s  DNp09 95.00 MDN 77.50 DNp01 104.17 pC1 14.32 pIP10 107.50 HS R/L 196.11/197.22
  jitter trial 0 j=2: wscale 0.1733 probe 14.247 (target 13.609) in 6 iters
item 5 random   trial 0 rot_a          6.3s  DNp09 109.17 MDN 92.92 DNp01 106.67 pC1 19.67 pIP10 105.83 HS R/L 196.67/0.00
item 5 random   trial 0 rot_b          6.3s  DNp09 107.50 MDN 92.50 DNp01 105.83 pC1 19.63 pIP10 105.00 HS R/L 196.11/196.11
  jitter trial 0 j=2.83: wscale 0.1521 probe 11.825 (target 13.609) in 4 iters
item 5 random   trial 0 rot_a          6.3s  DNp09 77.50 MDN 82.50 DNp01 81.67 pC1 13.46 pIP10 75.00 HS R/L 196.67/0.00
item 5 random   trial 0 rot_b          6.3s  DNp09 72.50 MDN 80.83 DNp01 80.83 pC1 13.06 pIP10 70.83 HS R/L 184.44/181.67
  jitter trial 0 j=4: wscale 0.1521 probe 14.339 (target 13.609) in 4 iters
item 5 random   trial 0 rot_a          6.3s  DNp09 83.33 MDN 99.17 DNp01 84.17 pC1 21.90 pIP10 76.67 HS R/L 196.11/0.00
item 5 random   trial 0 rot_b          6.3s  DNp09 80.00 MDN 99.58 DNp01 85.00 pC1 21.68 pIP10 76.67 HS R/L 171.67/161.11
  jitter trial 1 j=1: wscale 0.0744 probe 14.346 (target 13.609) in 5 iters
item 5 random   trial 1 rot_a          6.3s  DNp09 135.83 MDN 111.25 DNp01 143.33 pC1 18.16 pIP10 110.83 HS R/L 197.22/0.00
item 5 random   trial 1 rot_b          6.3s  DNp09 139.17 MDN 115.83 DNp01 148.33 pC1 19.05 pIP10 115.83 HS R/L 196.11/196.67
  jitter trial 1 j=1.41: wscale 0.0744 probe 14.745 (target 13.609) in 5 iters
item 5 random   trial 1 rot_a          6.3s  DNp09 140.83 MDN 119.58 DNp01 145.00 pC1 19.18 pIP10 110.00 HS R/L 197.78/0.00
item 5 random   trial 1 rot_b          6.4s  DNp09 140.00 MDN 119.17 DNp01 145.83 pC1 19.18 pIP10 110.83 HS R/L 196.67/195.56
  jitter trial 1 j=2: wscale 0.0744 probe 15.803 (target 13.609) in 5 iters
item 5 random   trial 1 rot_a          6.3s  DNp09 146.67 MDN 128.75 DNp01 149.17 pC1 23.26 pIP10 106.67 HS R/L 197.78/0.00
item 5 random   trial 1 rot_b          6.3s  DNp09 144.17 MDN 126.25 DNp01 147.50 pC1 22.80 pIP10 104.17 HS R/L 196.67/183.33
  jitter trial 1 j=2.83: wscale 0.0653 probe 13.155 (target 13.609) in 6 iters
item 5 random   trial 1 rot_a          6.3s  DNp09 144.17 MDN 115.42 DNp01 141.67 pC1 15.14 pIP10 56.67 HS R/L 197.78/0.00
item 5 random   trial 1 rot_b          6.3s  DNp09 143.33 MDN 112.92 DNp01 140.00 pC1 14.87 pIP10 55.83 HS R/L 196.67/158.89
  jitter trial 1 j=4: wscale 0.0573 probe 11.580 (target 13.609) in 3 iters
item 5 random   trial 1 rot_a          6.3s  DNp09 127.50 MDN 106.25 DNp01 115.00 pC1 11.66 pIP10 22.50 HS R/L 197.78/0.00
item 5 random   trial 1 rot_b          6.3s  DNp09 127.50 MDN 106.25 DNp01 113.33 pC1 11.59 pIP10 22.50 HS R/L 196.67/130.00
  jitter trial 2 j=1: wscale 2.4640 probe 14.774 (target 13.609) in 5 iters
item 5 random   trial 2 rot_a          6.4s  DNp09 134.17 MDN 124.17 DNp01 136.67 pC1 48.08 pIP10 130.83 HS R/L 166.11/165.00
item 5 random   trial 2 rot_b          6.4s  DNp09 132.50 MDN 121.67 DNp01 135.00 pC1 47.22 pIP10 130.00 HS R/L 165.00/165.00
  jitter trial 2 j=1.41: wscale 2.4640 probe 14.983 (target 13.609) in 5 iters
item 5 random   trial 2 rot_a          6.4s  DNp09 136.67 MDN 117.92 DNp01 140.00 pC1 51.89 pIP10 133.33 HS R/L 166.67/165.00
item 5 random   trial 2 rot_b          6.4s  DNp09 134.17 MDN 115.42 DNp01 138.33 pC1 51.07 pIP10 131.67 HS R/L 165.00/165.56
  jitter trial 2 j=2: wscale 2.4640 probe 15.709 (target 13.609) in 5 iters
item 5 random   trial 2 rot_a          6.4s  DNp09 140.00 MDN 113.33 DNp01 145.00 pC1 56.53 pIP10 137.50 HS R/L 165.56/165.00
item 5 random   trial 2 rot_b          6.4s  DNp09 138.33 MDN 110.42 DNp01 142.50 pC1 56.05 pIP10 137.50 HS R/L 165.00/165.56
  jitter trial 2 j=2.83: wscale 1.9000 probe 10.513 (target 13.609) in 4 iters
item 5 random   trial 2 rot_a          6.4s  DNp09 96.67 MDN 62.92 DNp01 140.00 pC1 28.04 pIP10 107.50 HS R/L 165.56/165.00
item 5 random   trial 2 rot_b          6.4s  DNp09 95.83 MDN 60.00 DNp01 136.67 pC1 27.96 pIP10 106.67 HS R/L 165.00/165.56
  jitter trial 2 j=4: wscale 1.9000 probe 12.035 (target 13.609) in 4 iters
item 5 random   trial 2 rot_a          6.4s  DNp09 90.83 MDN 60.83 DNp01 145.83 pC1 36.54 pIP10 109.17 HS R/L 165.56/165.00
item 5 random   trial 2 rot_b          6.4s  DNp09 92.50 MDN 59.17 DNp01 145.83 pC1 36.62 pIP10 109.17 HS R/L 162.22/165.56
  jitter trial 3 j=1: wscale 0.8508 probe 11.613 (target 13.609) in 5 iters
item 5 random   trial 3 rot_a          6.3s  DNp09 126.67 MDN 87.08 DNp01 134.17 pC1 24.11 pIP10 21.67 HS R/L 197.22/196.67
item 5 random   trial 3 rot_b          6.3s  DNp09 131.67 MDN 90.83 DNp01 138.33 pC1 25.25 pIP10 23.33 HS R/L 196.67/197.78
  jitter trial 3 j=1.41: wscale 0.8508 probe 12.186 (target 13.609) in 5 iters
item 5 random   trial 3 rot_a          6.3s  DNp09 136.67 MDN 101.67 DNp01 144.17 pC1 30.88 pIP10 42.50 HS R/L 197.78/196.67
item 5 random   trial 3 rot_b          6.3s  DNp09 136.67 MDN 102.50 DNp01 144.17 pC1 30.85 pIP10 44.17 HS R/L 196.67/197.78
  jitter trial 3 j=2: wscale 0.8508 probe 13.621 (target 13.609) in 5 iters
item 5 random   trial 3 rot_a          6.3s  DNp09 149.17 MDN 114.17 DNp01 156.67 pC1 40.78 pIP10 80.83 HS R/L 197.78/196.67
item 5 random   trial 3 rot_b          6.3s  DNp09 145.83 MDN 111.67 DNp01 154.17 pC1 39.60 pIP10 79.17 HS R/L 196.11/197.22
  jitter trial 3 j=2.83: wscale 0.8508 probe 15.324 (target 13.609) in 5 iters
item 5 random   trial 3 rot_a          6.3s  DNp09 155.83 MDN 121.25 DNp01 165.00 pC1 50.02 pIP10 114.17 HS R/L 197.78/196.67
item 5 random   trial 3 rot_b          6.3s  DNp09 154.17 MDN 119.17 DNp01 161.67 pC1 49.36 pIP10 113.33 HS R/L 196.11/197.22
  jitter trial 3 j=4: wscale 0.6561 probe 10.339 (target 13.609) in 1 iters
item 5 random   trial 3 rot_a          6.3s  DNp09 140.00 MDN 99.58 DNp01 159.17 pC1 29.65 pIP10 63.33 HS R/L 197.22/196.67
item 5 random   trial 3 rot_b          6.3s  DNp09 135.00 MDN 96.25 DNp01 153.33 pC1 28.37 pIP10 59.17 HS R/L 195.00/193.33
  jitter trial 4 j=1: wscale 0.4106 probe 11.416 (target 13.609) in 5 iters
item 5 random   trial 4 rot_a          6.3s  DNp09 0.00 MDN 0.00 DNp01 0.00 pC1 0.00 pIP10 0.00 HS R/L 246.67/245.00
item 5 random   trial 4 rot_b          6.3s  DNp09 0.00 MDN 0.00 DNp01 0.00 pC1 0.00 pIP10 0.00 HS R/L 245.00/235.56
  jitter trial 4 j=1.41: wscale 0.4106 probe 12.230 (target 13.609) in 5 iters
item 5 random   trial 4 rot_a          6.3s  DNp09 0.00 MDN 0.00 DNp01 0.00 pC1 0.00 pIP10 0.00 HS R/L 246.67/245.00
item 5 random   trial 4 rot_b          6.3s  DNp09 0.00 MDN 0.00 DNp01 0.00 pC1 0.00 pIP10 0.00 HS R/L 245.00/217.22
  jitter trial 4 j=2: wscale 0.4106 probe 13.787 (target 13.609) in 5 iters
item 5 random   trial 4 rot_a          6.3s  DNp09 0.00 MDN 0.00 DNp01 0.00 pC1 0.00 pIP10 0.00 HS R/L 245.56/245.00
item 5 random   trial 4 rot_b          6.3s  DNp09 0.00 MDN 0.00 DNp01 0.00 pC1 0.00 pIP10 0.00 HS R/L 245.00/192.22
  jitter trial 4 j=2.83: wscale 0.4106 probe 15.636 (target 13.609) in 5 iters
item 5 random   trial 4 rot_a          6.3s  DNp09 23.33 MDN 24.17 DNp01 45.00 pC1 6.08 pIP10 11.67 HS R/L 245.56/244.44
item 5 random   trial 4 rot_b          6.3s  DNp09 97.50 MDN 100.42 DNp01 139.17 pC1 35.42 pIP10 70.00 HS R/L 244.44/169.44
  jitter trial 4 j=4: wscale 0.3606 probe 13.401 (target 13.609) in 6 iters
item 5 random   trial 4 rot_a          6.3s  DNp09 64.17 MDN 53.33 DNp01 96.67 pC1 19.22 pIP10 37.50 HS R/L 243.89/217.22
item 5 random   trial 4 rot_b          6.3s  DNp09 92.50 MDN 75.83 DNp01 137.50 pC1 29.04 pIP10 57.50 HS R/L 216.67/139.44
  jitter trial 5 j=1: wscale 0.2919 probe 13.226 (target 13.609) in 1 iters
item 5 random   trial 5 rot_a          6.4s  DNp09 56.67 MDN 32.92 DNp01 76.67 pC1 3.99 pIP10 55.00 HS R/L 51.11/163.33
item 5 random   trial 5 rot_b          6.4s  DNp09 0.00 MDN 0.00 DNp01 0.00 pC1 0.00 pIP10 0.00 HS R/L 0.00/164.44
  jitter trial 5 j=1.41: wscale 0.2919 probe 13.690 (target 13.609) in 1 iters
item 5 random   trial 5 rot_a          6.4s  DNp09 80.00 MDN 72.08 DNp01 93.33 pC1 12.71 pIP10 83.33 HS R/L 57.78/163.33
item 5 random   trial 5 rot_b          6.4s  DNp09 73.33 MDN 48.33 DNp01 94.17 pC1 10.62 pIP10 81.67 HS R/L 0.00/165.00
  jitter trial 5 j=2: wscale 0.2919 probe 15.130 (target 13.609) in 1 iters
item 5 random   trial 5 rot_a          6.4s  DNp09 98.33 MDN 95.00 DNp01 105.83 pC1 24.29 pIP10 103.33 HS R/L 62.78/163.33
item 5 random   trial 5 rot_b          6.4s  DNp09 95.83 MDN 74.58 DNp01 107.50 pC1 22.03 pIP10 102.50 HS R/L 0.00/165.00
  jitter trial 5 j=2.83: wscale 0.2564 probe 12.671 (target 13.609) in 6 iters
item 5 random   trial 5 rot_a          6.4s  DNp09 96.67 MDN 88.33 DNp01 100.83 pC1 20.21 pIP10 104.17 HS R/L 62.22/163.33
item 5 random   trial 5 rot_b          6.4s  DNp09 97.50 MDN 76.25 DNp01 102.50 pC1 19.69 pIP10 105.00 HS R/L 0.00/165.00
  jitter trial 5 j=4: wscale 0.2251 probe 11.512 (target 13.609) in 5 iters
item 5 random   trial 5 rot_a          6.4s  DNp09 97.50 MDN 87.08 DNp01 93.33 pC1 19.07 pIP10 107.50 HS R/L 61.11/163.33
item 5 random   trial 5 rot_b          6.4s  DNp09 101.67 MDN 80.00 DNp01 95.83 pC1 19.55 pIP10 109.17 HS R/L 0.00/165.00
  jitter trial 6 j=1: wscale 0.0661 probe 12.436 (target 13.609) in 4 iters
item 5 random   trial 6 rot_a          6.2s  DNp09 80.83 MDN 100.00 DNp01 97.50 pC1 25.46 pIP10 80.83 HS R/L 163.33/163.33
item 5 random   trial 6 rot_b          6.2s  DNp09 90.00 MDN 109.58 DNp01 104.17 pC1 27.75 pIP10 90.00 HS R/L 163.33/163.33
  jitter trial 6 j=1.41: wscale 0.0661 probe 12.538 (target 13.609) in 4 iters
item 5 random   trial 6 rot_a          6.3s  DNp09 78.33 MDN 99.58 DNp01 91.67 pC1 21.40 pIP10 76.67 HS R/L 163.33/162.22
item 5 random   trial 6 rot_b          6.3s  DNp09 90.83 MDN 113.33 DNp01 105.83 pC1 27.63 pIP10 90.00 HS R/L 162.78/163.33
  jitter trial 6 j=2: wscale 0.0661 probe 13.147 (target 13.609) in 4 iters
item 5 random   trial 6 rot_a          6.3s  DNp09 89.17 MDN 102.92 DNp01 101.67 pC1 27.54 pIP10 84.17 HS R/L 163.89/162.22
item 5 random   trial 6 rot_b          6.3s  DNp09 107.50 MDN 116.67 DNp01 122.50 pC1 37.76 pIP10 104.17 HS R/L 162.22/163.33
  jitter trial 6 j=2.83: wscale 0.0661 probe 14.318 (target 13.609) in 4 iters
item 5 random   trial 6 rot_a          6.3s  DNp09 103.33 MDN 103.33 DNp01 115.00 pC1 35.51 pIP10 95.83 HS R/L 163.33/161.67
item 5 random   trial 6 rot_b          6.3s  DNp09 117.50 MDN 115.83 DNp01 131.67 pC1 42.63 pIP10 112.50 HS R/L 162.22/162.78
  jitter trial 6 j=4: wscale 0.0661 probe 15.788 (target 13.609) in 4 iters
item 5 random   trial 6 rot_a          6.3s  DNp09 113.33 MDN 100.42 DNp01 127.50 pC1 41.84 pIP10 105.83 HS R/L 162.78/153.33
item 5 random   trial 6 rot_b          6.3s  DNp09 124.17 MDN 110.83 DNp01 139.17 pC1 46.92 pIP10 117.50 HS R/L 153.33/162.22
  jitter trial 7 j=1: wscale 1.1964 probe 16.786 (target 13.609) in 1 iters
item 5 random   trial 7 rot_a          6.3s  DNp09 0.00 MDN 0.00 DNp01 0.00 pC1 0.00 pIP10 0.00 HS R/L 331.11/0.00
item 5 random   trial 7 rot_b          6.4s  DNp09 0.00 MDN 0.00 DNp01 0.00 pC1 0.00 pIP10 0.00 HS R/L 331.67/312.78
  jitter trial 7 j=1.41: wscale 1.1964 probe 16.434 (target 13.609) in 1 iters
item 5 random   trial 7 rot_a          6.3s  DNp09 229.17 MDN 266.25 DNp01 250.83 pC1 33.28 pIP10 119.17 HS R/L 331.67/0.00
item 5 random   trial 7 rot_b          6.3s  DNp09 145.00 MDN 179.58 DNp01 163.33 pC1 20.41 pIP10 70.00 HS R/L 331.67/318.33
  jitter trial 7 j=2: wscale 1.1211 probe 14.366 (target 13.609) in 7 iters
item 5 random   trial 7 rot_a          6.3s  DNp09 224.17 MDN 292.08 DNp01 273.33 pC1 30.41 pIP10 104.17 HS R/L 331.67/0.00
item 5 random   trial 7 rot_b          6.3s  DNp09 226.67 MDN 290.00 DNp01 272.50 pC1 30.48 pIP10 101.67 HS R/L 331.67/302.22
  jitter trial 7 j=2.83: wscale 1.0506 probe 13.735 (target 13.609) in 6 iters
item 5 random   trial 7 rot_a          6.3s  DNp09 140.00 MDN 292.08 DNp01 279.17 pC1 27.97 pIP10 80.00 HS R/L 331.11/0.00
item 5 random   trial 7 rot_b          6.4s  DNp09 160.00 MDN 298.33 DNp01 290.00 pC1 29.94 pIP10 89.17 HS R/L 331.67/279.44
  jitter trial 7 j=4: wscale 0.9226 probe 10.414 (target 13.609) in 5 iters
item 5 random   trial 7 rot_a          6.3s  DNp09 21.67 MDN 263.33 DNp01 285.83 pC1 18.26 pIP10 66.67 HS R/L 331.11/0.00
item 5 random   trial 7 rot_b          6.3s  DNp09 25.83 MDN 266.67 DNp01 289.17 pC1 19.20 pIP10 70.83 HS R/L 330.00/258.33
  jitter trial 8 j=1: wscale 0.1541 probe 12.342 (target 13.609) in 6 iters
item 5 random   trial 8 rot_a          6.4s  DNp09 0.00 MDN 0.00 DNp01 0.00 pC1 0.00 pIP10 0.00 HS R/L 246.67/246.11
item 5 random   trial 8 rot_b          6.4s  DNp09 0.00 MDN 0.00 DNp01 0.00 pC1 0.00 pIP10 0.00 HS R/L 246.11/246.67
  jitter trial 8 j=1.41: wscale 0.1541 probe 12.932 (target 13.609) in 6 iters
item 5 random   trial 8 rot_a          6.4s  DNp09 0.00 MDN 0.00 DNp01 0.00 pC1 0.00 pIP10 0.00 HS R/L 246.67/244.44
item 5 random   trial 8 rot_b          6.4s  DNp09 0.00 MDN 0.00 DNp01 0.00 pC1 0.00 pIP10 0.00 HS R/L 245.56/246.67
  jitter trial 8 j=2: wscale 0.1541 probe 15.299 (target 13.609) in 6 iters
item 5 random   trial 8 rot_a          6.4s  DNp09 0.00 MDN 0.00 DNp01 0.00 pC1 0.00 pIP10 0.00 HS R/L 246.67/241.67
item 5 random   trial 8 rot_b          6.4s  DNp09 0.00 MDN 0.00 DNp01 0.00 pC1 0.00 pIP10 0.00 HS R/L 245.56/246.67
  jitter trial 8 j=2.83: wscale 0.1354 probe 11.863 (target 13.609) in 4 iters
item 5 random   trial 8 rot_a          6.4s  DNp09 0.00 MDN 0.00 DNp01 0.00 pC1 0.00 pIP10 0.00 HS R/L 246.11/237.22
item 5 random   trial 8 rot_b          6.4s  DNp09 0.00 MDN 0.00 DNp01 0.00 pC1 0.00 pIP10 0.00 HS R/L 245.56/245.00
  jitter trial 8 j=4: wscale 0.1354 probe 15.206 (target 13.609) in 4 iters
item 5 random   trial 8 rot_a          6.4s  DNp09 172.50 MDN 144.58 DNp01 195.83 pC1 41.29 pIP10 172.50 HS R/L 246.11/236.67
item 5 random   trial 8 rot_b          6.4s  DNp09 159.17 MDN 129.58 DNp01 185.00 pC1 35.18 pIP10 155.00 HS R/L 245.00/244.44
  jitter trial 9 j=1: wscale 0.3311 probe 13.344 (target 13.609) in 5 iters
item 5 random   trial 9 rot_a          6.3s  DNp09 136.67 MDN 150.83 DNp01 176.67 pC1 25.63 pIP10 129.17 HS R/L 246.11/0.00
item 5 random   trial 9 rot_b          6.3s  DNp09 134.17 MDN 147.50 DNp01 176.67 pC1 24.90 pIP10 127.50 HS R/L 244.44/244.44
  jitter trial 9 j=1.41: wscale 0.3311 probe 13.437 (target 13.609) in 5 iters
item 5 random   trial 9 rot_a          6.3s  DNp09 134.17 MDN 144.58 DNp01 171.67 pC1 29.24 pIP10 123.33 HS R/L 246.67/0.00
item 5 random   trial 9 rot_b          6.3s  DNp09 128.33 MDN 137.92 DNp01 165.83 pC1 27.40 pIP10 117.50 HS R/L 244.44/245.56
  jitter trial 9 j=2: wscale 0.3311 probe 15.484 (target 13.609) in 5 iters
item 5 random   trial 9 rot_a          6.3s  DNp09 140.00 MDN 137.92 DNp01 175.00 pC1 38.33 pIP10 130.83 HS R/L 246.67/0.00
item 5 random   trial 9 rot_b          6.3s  DNp09 130.00 MDN 131.25 DNp01 163.33 pC1 34.53 pIP10 120.83 HS R/L 244.44/245.56
  jitter trial 9 j=2.83: wscale 0.2907 probe 12.781 (target 13.609) in 6 iters
item 5 random   trial 9 rot_a          6.3s  DNp09 105.00 MDN 103.33 DNp01 161.67 pC1 26.47 pIP10 108.33 HS R/L 245.56/0.00
item 5 random   trial 9 rot_b          6.3s  DNp09 94.17 MDN 95.42 DNp01 147.50 pC1 23.12 pIP10 95.83 HS R/L 238.89/245.00
  jitter trial 9 j=4: wscale 0.2553 probe 11.239 (target 13.609) in 2 iters
item 5 random   trial 9 rot_a          6.3s  DNp09 70.00 MDN 77.50 DNp01 139.17 pC1 22.30 pIP10 73.33 HS R/L 241.67/0.00
item 5 random   trial 9 rot_b          6.3s  DNp09 67.50 MDN 77.08 DNp01 133.33 pC1 20.89 pIP10 69.17 HS R/L 219.44/244.44
  jitter trial 10 j=1: wscale 1.5162 probe 10.769 (target 13.609) in 5 iters
item 5 random   trial 10 rot_a          6.4s  DNp09 106.67 MDN 120.42 DNp01 130.00 pC1 25.44 pIP10 120.00 HS R/L 20.00/198.33
item 5 random   trial 10 rot_b          6.3s  DNp09 91.67 MDN 105.83 DNp01 113.33 pC1 21.52 pIP10 105.83 HS R/L 0.00/198.33
  jitter trial 10 j=1.41: wscale 1.5162 probe 11.204 (target 13.609) in 5 iters
item 5 random   trial 10 rot_a          6.4s  DNp09 109.17 MDN 110.00 DNp01 130.00 pC1 27.75 pIP10 121.67 HS R/L 22.78/198.33
item 5 random   trial 10 rot_b          6.3s  DNp09 100.00 MDN 100.42 DNp01 117.50 pC1 24.72 pIP10 111.67 HS R/L 0.00/198.33
  jitter trial 10 j=2: wscale 1.5162 probe 12.408 (target 13.609) in 5 iters
item 5 random   trial 10 rot_a          6.4s  DNp09 128.33 MDN 109.58 DNp01 150.83 pC1 39.16 pIP10 137.50 HS R/L 23.33/198.33
item 5 random   trial 10 rot_b          6.3s  DNp09 116.67 MDN 100.83 DNp01 136.67 pC1 34.89 pIP10 125.83 HS R/L 0.00/198.33
  jitter trial 10 j=2.83: wscale 1.5162 probe 14.084 (target 13.609) in 5 iters
item 5 random   trial 10 rot_a          6.4s  DNp09 142.50 MDN 105.00 DNp01 156.67 pC1 52.02 pIP10 149.17 HS R/L 27.78/197.22
item 5 random   trial 10 rot_b          6.3s  DNp09 137.50 MDN 102.50 DNp01 153.33 pC1 50.30 pIP10 145.00 HS R/L 0.00/197.22
  jitter trial 10 j=4: wscale 1.5162 probe 15.781 (target 13.609) in 5 iters
item 5 random   trial 10 rot_a          6.4s  DNp09 153.33 MDN 97.08 DNp01 160.83 pC1 63.34 pIP10 159.17 HS R/L 32.78/197.22
item 5 random   trial 10 rot_b          6.3s  DNp09 149.17 MDN 94.58 DNp01 158.33 pC1 62.00 pIP10 154.17 HS R/L 0.00/197.22
  jitter trial 11 j=1: wscale 0.5023 probe 13.901 (target 13.609) in 5 iters
item 5 random   trial 11 rot_a          6.4s  DNp09 190.83 MDN 174.58 DNp01 198.33 pC1 43.58 pIP10 171.67 HS R/L 246.67/246.67
item 5 random   trial 11 rot_b          6.4s  DNp09 191.67 MDN 175.00 DNp01 197.50 pC1 43.72 pIP10 171.67 HS R/L 246.67/246.67
  jitter trial 11 j=1.41: wscale 0.5023 probe 13.991 (target 13.609) in 5 iters
item 5 random   trial 11 rot_a          6.4s  DNp09 189.17 MDN 174.17 DNp01 192.50 pC1 42.83 pIP10 170.83 HS R/L 247.22/246.11
item 5 random   trial 11 rot_b          6.4s  DNp09 187.50 MDN 174.58 DNp01 190.83 pC1 42.75 pIP10 170.00 HS R/L 246.11/246.67
  jitter trial 11 j=2: wscale 0.5023 probe 15.046 (target 13.609) in 5 iters
item 5 random   trial 11 rot_a          6.4s  DNp09 194.17 MDN 179.58 DNp01 192.50 pC1 45.99 pIP10 175.83 HS R/L 247.78/246.67
item 5 random   trial 11 rot_b          6.4s  DNp09 191.67 MDN 180.00 DNp01 190.83 pC1 45.85 pIP10 173.33 HS R/L 246.11/246.11
  jitter trial 11 j=2.83: wscale 0.5023 probe 16.910 (target 13.609) in 5 iters
item 5 random   trial 11 rot_a          6.4s  DNp09 203.33 MDN 183.33 DNp01 198.33 pC1 53.90 pIP10 186.67 HS R/L 247.22/246.11
item 5 random   trial 11 rot_b          6.4s  DNp09 202.50 MDN 183.75 DNp01 197.50 pC1 53.97 pIP10 185.00 HS R/L 246.11/246.67
  jitter trial 11 j=4: wscale 0.4411 probe 14.295 (target 13.609) in 6 iters
item 5 random   trial 11 rot_a          6.4s  DNp09 203.33 MDN 162.08 DNp01 174.17 pC1 41.59 pIP10 181.67 HS R/L 246.67/246.11
item 5 random   trial 11 rot_b          6.4s  DNp09 205.00 MDN 163.75 DNp01 173.33 pC1 41.93 pIP10 181.67 HS R/L 228.33/246.67
  jitter trial 12 j=1: wscale 0.6498 probe 14.181 (target 13.609) in 4 iters
item 5 random   trial 12 rot_a          6.3s  DNp09 173.33 MDN 170.83 DNp01 170.00 pC1 78.01 pIP10 165.83 HS R/L 6.67/200.00
item 5 random   trial 12 rot_b          6.3s  DNp09 170.83 MDN 170.42 DNp01 168.33 pC1 77.81 pIP10 165.83 HS R/L 0.00/199.44
  jitter trial 12 j=1.41: wscale 0.6498 probe 13.971 (target 13.609) in 4 iters
item 5 random   trial 12 rot_a          6.3s  DNp09 171.67 MDN 167.08 DNp01 167.50 pC1 74.36 pIP10 163.33 HS R/L 8.33/200.00
item 5 random   trial 12 rot_b          6.3s  DNp09 160.00 MDN 157.92 DNp01 155.83 pC1 69.81 pIP10 153.33 HS R/L 0.00/200.00
  jitter trial 12 j=2: wscale 0.6498 probe 14.822 (target 13.609) in 4 iters
item 5 random   trial 12 rot_a          6.3s  DNp09 142.50 MDN 136.25 DNp01 130.83 pC1 62.36 pIP10 134.17 HS R/L 9.44/200.00
item 5 random   trial 12 rot_b          6.3s  DNp09 168.33 MDN 159.58 DNp01 158.33 pC1 74.67 pIP10 158.33 HS R/L 0.00/200.00
  jitter trial 12 j=2.83: wscale 0.6498 probe 15.776 (target 13.609) in 4 iters
item 5 random   trial 12 rot_a          6.3s  DNp09 183.33 MDN 173.33 DNp01 160.83 pC1 81.38 pIP10 173.33 HS R/L 10.56/200.00
item 5 random   trial 12 rot_b          6.2s  DNp09 185.00 MDN 175.83 DNp01 165.00 pC1 82.09 pIP10 175.83 HS R/L 0.00/200.00
  jitter trial 12 j=4: wscale 0.6498 probe 16.908 (target 13.609) in 4 iters
item 5 random   trial 12 rot_a          6.3s  DNp09 188.33 MDN 179.17 DNp01 130.00 pC1 84.83 pIP10 180.83 HS R/L 54.44/200.00
item 5 random   trial 12 rot_b          6.2s  DNp09 189.17 MDN 180.83 DNp01 136.67 pC1 85.68 pIP10 183.33 HS R/L 0.00/200.00
  jitter trial 13 j=1: wscale 0.4733 probe 12.775 (target 13.609) in 4 iters
item 5 random   trial 13 rot_a          6.5s  DNp09 0.00 MDN 0.00 DNp01 0.00 pC1 0.00 pIP10 0.00 HS R/L 305.00/0.00
item 5 random   trial 13 rot_b          6.4s  DNp09 47.50 MDN 117.92 DNp01 100.00 pC1 8.24 pIP10 53.33 HS R/L 13.89/26.11
  jitter trial 13 j=1.41: wscale 0.4733 probe 12.728 (target 13.609) in 4 iters
item 5 random   trial 13 rot_a          6.4s  DNp09 0.00 MDN 0.00 DNp01 0.00 pC1 0.00 pIP10 0.00 HS R/L 302.22/0.00
item 5 random   trial 13 rot_b          6.5s  DNp09 66.67 MDN 127.50 DNp01 121.67 pC1 9.60 pIP10 55.00 HS R/L 16.67/17.78
  jitter trial 13 j=2: wscale 0.4733 probe 14.224 (target 13.609) in 4 iters
item 5 random   trial 13 rot_a          6.5s  DNp09 0.00 MDN 22.08 DNp01 3.33 pC1 0.14 pIP10 0.00 HS R/L 296.67/0.00
item 5 random   trial 13 rot_b          6.5s  DNp09 104.17 MDN 146.25 DNp01 154.17 pC1 13.43 pIP10 78.33 HS R/L 22.22/3.89
  jitter trial 13 j=2.83: wscale 0.4156 probe 10.367 (target 13.609) in 6 iters
item 5 random   trial 13 rot_a          6.5s  DNp09 0.00 MDN 24.17 DNp01 5.00 pC1 0.31 pIP10 0.00 HS R/L 269.44/0.00
item 5 random   trial 13 rot_b          6.5s  DNp09 91.67 MDN 108.75 DNp01 131.67 pC1 7.77 pIP10 31.67 HS R/L 114.44/2.22
  jitter trial 13 j=4: wscale 0.4156 probe 14.085 (target 13.609) in 6 iters
item 5 random   trial 13 rot_a          6.5s  DNp09 85.83 MDN 98.33 DNp01 125.00 pC1 9.19 pIP10 35.83 HS R/L 267.78/0.00
item 5 random   trial 13 rot_b          6.5s  DNp09 128.33 MDN 125.83 DNp01 184.17 pC1 14.95 pIP10 65.00 HS R/L 153.89/1.67
  jitter trial 14 j=1: wscale 0.0763 probe 10.423 (target 13.609) in 6 iters
item 5 random   trial 14 rot_a          6.4s  DNp09 0.00 MDN 0.00 DNp01 0.00 pC1 0.00 pIP10 0.00 HS R/L 198.33/0.00
item 5 random   trial 14 rot_b          6.4s  DNp09 97.50 MDN 126.67 DNp01 98.33 pC1 15.28 pIP10 5.83 HS R/L 197.78/197.78
  jitter trial 14 j=1.41: wscale 0.0763 probe 10.535 (target 13.609) in 6 iters
item 5 random   trial 14 rot_a          6.4s  DNp09 0.00 MDN 0.00 DNp01 0.00 pC1 0.00 pIP10 0.00 HS R/L 198.33/0.00
item 5 random   trial 14 rot_b          6.4s  DNp09 108.33 MDN 139.58 DNp01 119.17 pC1 20.16 pIP10 24.17 HS R/L 197.78/197.78
  jitter trial 14 j=2: wscale 0.0763 probe 12.036 (target 13.609) in 6 iters
item 5 random   trial 14 rot_a          6.4s  DNp09 82.50 MDN 97.08 DNp01 100.83 pC1 17.85 pIP10 34.17 HS R/L 197.78/0.00
item 5 random   trial 14 rot_b          6.4s  DNp09 124.17 MDN 155.83 DNp01 137.50 pC1 35.97 pIP10 69.17 HS R/L 197.22/197.78
  jitter trial 14 j=2.83: wscale 0.0763 probe 13.862 (target 13.609) in 6 iters
item 5 random   trial 14 rot_a          6.4s  DNp09 126.67 MDN 142.50 DNp01 138.33 pC1 44.25 pIP10 95.00 HS R/L 197.78/0.00
item 5 random   trial 14 rot_b          6.4s  DNp09 135.83 MDN 160.83 DNp01 146.67 pC1 47.71 pIP10 104.17 HS R/L 197.78/197.78
  jitter trial 14 j=4: wscale 0.0670 probe 12.328 (target 13.609) in 3 iters
item 5 random   trial 14 rot_a          6.4s  DNp09 120.83 MDN 142.92 DNp01 130.83 pC1 32.00 pIP10 94.17 HS R/L 197.22/0.00
item 5 random   trial 14 rot_b          6.4s  DNp09 127.50 MDN 155.00 DNp01 140.00 pC1 34.65 pIP10 110.00 HS R/L 196.67/191.11
  jitter trial 15 j=1: wscale 0.5033 probe 12.893 (target 13.609) in 6 iters
item 5 random   trial 15 rot_a          6.3s  DNp09 0.00 MDN 0.00 DNp01 0.00 pC1 0.00 pIP10 0.00 HS R/L 3.33/246.67
item 5 random   trial 15 rot_b          6.3s  DNp09 0.00 MDN 0.00 DNp01 0.00 pC1 0.00 pIP10 0.00 HS R/L 0.00/243.89
  jitter trial 15 j=1.41: wscale 0.5033 probe 13.142 (target 13.609) in 6 iters
item 5 random   trial 15 rot_a          6.3s  DNp09 0.00 MDN 0.00 DNp01 0.00 pC1 0.00 pIP10 0.00 HS R/L 3.33/246.67
item 5 random   trial 15 rot_b          6.3s  DNp09 0.00 MDN 0.00 DNp01 0.00 pC1 0.00 pIP10 0.00 HS R/L 0.00/243.89
  jitter trial 15 j=2: wscale 0.5033 probe 13.832 (target 13.609) in 6 iters
item 5 random   trial 15 rot_a          6.3s  DNp09 0.00 MDN 0.00 DNp01 0.00 pC1 0.00 pIP10 0.00 HS R/L 4.44/246.11
item 5 random   trial 15 rot_b          6.3s  DNp09 111.67 MDN 78.75 DNp01 115.00 pC1 15.79 pIP10 110.00 HS R/L 0.00/236.67
  jitter trial 15 j=2.83: wscale 0.4419 probe 10.631 (target 13.609) in 4 iters
item 5 random   trial 15 rot_a          6.3s  DNp09 0.00 MDN 0.00 DNp01 0.00 pC1 0.00 pIP10 0.00 HS R/L 3.89/221.67
item 5 random   trial 15 rot_b          6.3s  DNp09 57.50 MDN 30.00 DNp01 70.00 pC1 6.10 pIP10 55.00 HS R/L 0.00/215.00
  jitter trial 15 j=4: wscale 0.4419 probe 12.201 (target 13.609) in 4 iters
item 5 random   trial 15 rot_a          6.3s  DNp09 106.67 MDN 61.25 DNp01 125.00 pC1 14.99 pIP10 105.83 HS R/L 4.44/207.78
item 5 random   trial 15 rot_b          6.3s  DNp09 133.33 MDN 76.25 DNp01 157.50 pC1 19.08 pIP10 133.33 HS R/L 0.00/205.00
  jitter trial 16 j=1: wscale 0.3399 probe 14.493 (target 13.609) in 4 iters
item 5 random   trial 16 rot_a          6.4s  DNp09 0.00 MDN 0.00 DNp01 0.00 pC1 0.00 pIP10 0.00 HS R/L 165.00/165.00
item 5 random   trial 16 rot_b          6.4s  DNp09 60.83 MDN 45.42 DNp01 66.67 pC1 16.03 pIP10 70.00 HS R/L 0.00/165.00
  jitter trial 16 j=1.41: wscale 0.3399 probe 14.366 (target 13.609) in 4 iters
item 5 random   trial 16 rot_a          6.4s  DNp09 0.00 MDN 0.00 DNp01 20.00 pC1 0.18 pIP10 0.00 HS R/L 165.00/165.00
item 5 random   trial 16 rot_b          6.4s  DNp09 0.00 MDN 0.00 DNp01 0.00 pC1 0.00 pIP10 0.00 HS R/L 0.00/165.00
  jitter trial 16 j=2: wscale 0.3399 probe 14.585 (target 13.609) in 4 iters
item 5 random   trial 16 rot_a          6.4s  DNp09 96.67 MDN 60.00 DNp01 106.67 pC1 31.04 pIP10 96.67 HS R/L 165.00/165.00
item 5 random   trial 16 rot_b          6.4s  DNp09 58.33 MDN 37.50 DNp01 85.00 pC1 18.15 pIP10 66.67 HS R/L 0.00/165.00
  jitter trial 16 j=2.83: wscale 0.3399 probe 15.330 (target 13.609) in 4 iters
item 5 random   trial 16 rot_a          6.4s  DNp09 110.00 MDN 58.33 DNp01 117.50 pC1 40.44 pIP10 110.83 HS R/L 165.00/164.44
item 5 random   trial 16 rot_b          6.4s  DNp09 115.00 MDN 62.08 DNp01 120.00 pC1 42.44 pIP10 115.83 HS R/L 0.00/164.44
  jitter trial 16 j=4: wscale 0.3399 probe 16.494 (target 13.609) in 4 iters
item 5 random   trial 16 rot_a          6.4s  DNp09 120.00 MDN 62.50 DNp01 133.33 pC1 51.62 pIP10 131.67 HS R/L 165.00/164.44
item 5 random   trial 16 rot_b          6.4s  DNp09 121.67 MDN 62.92 DNp01 131.67 pC1 52.35 pIP10 132.50 HS R/L 0.00/163.89
  jitter trial 17 j=1: wscale 0.1354 probe 16.983 (target 13.609) in 9 iters
item 5 random   trial 17 rot_a          6.4s  DNp09 0.00 MDN 0.00 DNp01 0.00 pC1 0.00 pIP10 0.00 HS R/L 8.89/245.00
item 5 random   trial 17 rot_b          6.4s  DNp09 0.00 MDN 0.00 DNp01 0.00 pC1 0.00 pIP10 0.00 HS R/L 0.00/247.22
  jitter trial 17 j=1.41: wscale 0.1289 probe 12.185 (target 13.609) in 7 iters
item 5 random   trial 17 rot_a          6.4s  DNp09 0.00 MDN 0.00 DNp01 0.00 pC1 0.00 pIP10 0.00 HS R/L 30.56/245.00
item 5 random   trial 17 rot_b          6.4s  DNp09 0.00 MDN 0.00 DNp01 0.00 pC1 0.00 pIP10 0.00 HS R/L 0.00/247.78
  jitter trial 17 j=2: wscale 0.1208 probe 10.766 (target 13.609) in 5 iters
item 5 random   trial 17 rot_a          6.4s  DNp09 0.00 MDN 0.00 DNp01 0.00 pC1 0.00 pIP10 0.00 HS R/L 211.67/245.56
item 5 random   trial 17 rot_b          6.4s  DNp09 0.00 MDN 0.00 DNp01 0.00 pC1 0.00 pIP10 0.00 HS R/L 0.00/247.22
  jitter trial 17 j=2.83: wscale 0.1132 probe 13.430 (target 13.609) in 7 iters
item 5 random   trial 17 rot_a          6.4s  DNp09 100.00 MDN 85.83 DNp01 96.67 pC1 11.07 pIP10 86.67 HS R/L 227.22/245.56
item 5 random   trial 17 rot_b          6.4s  DNp09 136.67 MDN 111.25 DNp01 136.67 pC1 17.17 pIP10 112.50 HS R/L 0.00/247.22
  jitter trial 17 j=4: wscale 0.1061 probe 14.436 (target 13.609) in 6 iters
item 5 random   trial 17 rot_a          6.4s  DNp09 121.67 MDN 85.42 DNp01 120.83 pC1 17.76 pIP10 95.83 HS R/L 191.67/245.56
item 5 random   trial 17 rot_b          6.4s  DNp09 120.00 MDN 85.00 DNp01 119.17 pC1 17.82 pIP10 93.33 HS R/L 0.00/247.22
  jitter trial 18 j=1: wscale 0.5297 probe 10.324 (target 13.609) in 5 iters
item 5 random   trial 18 rot_a          6.3s  DNp09 0.00 MDN 0.00 DNp01 0.83 pC1 0.00 pIP10 0.00 HS R/L 1.67/326.67
item 5 random   trial 18 rot_b          6.3s  DNp09 0.00 MDN 0.00 DNp01 0.00 pC1 0.00 pIP10 0.00 HS R/L 0.00/326.67
  jitter trial 18 j=1.41: wscale 0.5297 probe 11.229 (target 13.609) in 5 iters
item 5 random   trial 18 rot_a          6.3s  DNp09 0.00 MDN 0.00 DNp01 4.17 pC1 0.00 pIP10 0.00 HS R/L 1.67/327.78
item 5 random   trial 18 rot_b          6.3s  DNp09 0.00 MDN 0.00 DNp01 0.83 pC1 0.00 pIP10 0.00 HS R/L 0.00/327.22
  jitter trial 18 j=2: wscale 0.5297 probe 13.140 (target 13.609) in 5 iters
item 5 random   trial 18 rot_a          6.3s  DNp09 56.67 MDN 27.50 DNp01 75.83 pC1 2.34 pIP10 45.00 HS R/L 2.22/326.67
item 5 random   trial 18 rot_b          6.3s  DNp09 0.00 MDN 0.00 DNp01 3.33 pC1 0.05 pIP10 0.00 HS R/L 0.00/327.78
  jitter trial 18 j=2.83: wscale 0.5297 probe 15.772 (target 13.609) in 5 iters
item 5 random   trial 18 rot_a          6.3s  DNp09 189.17 MDN 190.83 DNp01 201.67 pC1 23.51 pIP10 181.67 HS R/L 2.78/299.44
item 5 random   trial 18 rot_b          6.3s  DNp09 174.17 MDN 162.50 DNp01 184.17 pC1 22.02 pIP10 170.00 HS R/L 0.00/326.67
  jitter trial 18 j=4: wscale 0.4651 probe 13.319 (target 13.609) in 6 iters
item 5 random   trial 18 rot_a          6.3s  DNp09 190.83 MDN 209.17 DNp01 227.50 pC1 25.27 pIP10 196.67 HS R/L 5.00/272.22
item 5 random   trial 18 rot_b          6.3s  DNp09 179.17 MDN 187.92 DNp01 206.67 pC1 25.46 pIP10 194.17 HS R/L 0.00/293.33
  jitter trial 19 j=1: wscale 0.2775 probe 11.578 (target 13.609) in 6 iters
item 5 random   trial 19 rot_a          6.3s  DNp09 125.00 MDN 126.25 DNp01 110.83 pC1 28.38 pIP10 100.00 HS R/L 198.33/196.67
item 5 random   trial 19 rot_b          6.4s  DNp09 115.00 MDN 119.17 DNp01 97.50 pC1 25.28 pIP10 90.00 HS R/L 196.67/196.67
  jitter trial 19 j=1.41: wscale 0.2775 probe 11.786 (target 13.609) in 6 iters
item 5 random   trial 19 rot_a          6.3s  DNp09 125.83 MDN 115.00 DNp01 114.17 pC1 29.91 pIP10 102.50 HS R/L 197.22/196.67
item 5 random   trial 19 rot_b          6.3s  DNp09 119.17 MDN 107.50 DNp01 105.83 pC1 26.98 pIP10 95.00 HS R/L 196.67/197.22
  jitter trial 19 j=2: wscale 0.2775 probe 13.508 (target 13.609) in 6 iters
item 5 random   trial 19 rot_a          6.3s  DNp09 132.50 MDN 122.92 DNp01 130.00 pC1 36.92 pIP10 115.83 HS R/L 197.22/197.22
item 5 random   trial 19 rot_b          6.3s  DNp09 126.67 MDN 115.83 DNp01 122.50 pC1 33.57 pIP10 109.17 HS R/L 196.11/197.22
  jitter trial 19 j=2.83: wscale 0.2436 probe 10.403 (target 13.609) in 5 iters
item 5 random   trial 19 rot_a          6.3s  DNp09 121.67 MDN 100.83 DNp01 132.50 pC1 27.53 pIP10 113.33 HS R/L 167.22/196.11
item 5 random   trial 19 rot_b          6.3s  DNp09 106.67 MDN 89.17 DNp01 120.00 pC1 21.93 pIP10 92.50 HS R/L 193.89/196.67
  jitter trial 19 j=4: wscale 0.2436 probe 13.993 (target 13.609) in 5 iters
item 5 random   trial 19 rot_a          6.3s  DNp09 138.33 MDN 118.75 DNp01 158.33 pC1 39.79 pIP10 145.00 HS R/L 143.89/177.78
item 5 random   trial 19 rot_b          6.3s  DNp09 127.50 MDN 114.17 DNp01 151.67 pC1 36.18 pIP10 128.33 HS R/L 166.67/196.67
  jitter trial 20 j=1: wscale 0.1275 probe 12.846 (target 13.609) in 6 iters
item 5 random   trial 20 rot_a          6.5s  DNp09 0.00 MDN 0.00 DNp01 0.00 pC1 0.00 pIP10 0.00 HS R/L 246.67/244.44
item 5 random   trial 20 rot_b          6.4s  DNp09 0.00 MDN 0.00 DNp01 0.00 pC1 0.00 pIP10 0.00 HS R/L 245.00/245.56
  jitter trial 20 j=1.41: wscale 0.1275 probe 13.237 (target 13.609) in 6 iters
item 5 random   trial 20 rot_a          6.4s  DNp09 84.17 MDN 146.67 DNp01 51.67 pC1 17.09 pIP10 71.67 HS R/L 246.67/240.56
item 5 random   trial 20 rot_b          6.4s  DNp09 0.00 MDN 0.00 DNp01 0.00 pC1 0.00 pIP10 0.00 HS R/L 244.44/244.44
  jitter trial 20 j=2: wscale 0.1275 probe 15.184 (target 13.609) in 6 iters
item 5 random   trial 20 rot_a          6.4s  DNp09 125.00 MDN 175.42 DNp01 57.50 pC1 37.63 pIP10 126.67 HS R/L 246.67/227.78
item 5 random   trial 20 rot_b          6.4s  DNp09 118.33 MDN 172.92 DNp01 56.67 pC1 35.19 pIP10 125.00 HS R/L 244.44/239.44
  jitter trial 20 j=2.83: wscale 0.1120 probe 11.798 (target 13.609) in 4 iters
item 5 random   trial 20 rot_a          6.4s  DNp09 91.67 MDN 154.58 DNp01 5.83 pC1 24.82 pIP10 101.67 HS R/L 245.00/124.44
item 5 random   trial 20 rot_b          6.4s  DNp09 95.00 MDN 151.67 DNp01 5.00 pC1 25.87 pIP10 103.33 HS R/L 243.89/225.00
  jitter trial 20 j=4: wscale 0.1120 probe 15.598 (target 13.609) in 4 iters
item 5 random   trial 20 rot_a          6.4s  DNp09 116.67 MDN 168.75 DNp01 26.67 pC1 45.68 pIP10 150.00 HS R/L 244.44/58.89
item 5 random   trial 20 rot_b          6.4s  DNp09 121.67 MDN 170.00 DNp01 26.67 pC1 47.17 pIP10 155.00 HS R/L 243.33/215.56
  jitter trial 21 j=1: wscale 0.2180 probe 15.066 (target 13.609) in 6 iters
item 5 random   trial 21 rot_a          6.4s  DNp09 165.83 MDN 155.42 DNp01 170.83 pC1 54.59 pIP10 159.17 HS R/L 245.00/243.33
item 5 random   trial 21 rot_b          6.4s  DNp09 165.00 MDN 156.25 DNp01 171.67 pC1 54.75 pIP10 159.17 HS R/L 243.33/245.00
  jitter trial 21 j=1.41: wscale 0.2180 probe 16.013 (target 13.609) in 6 iters
item 5 random   trial 21 rot_a          6.4s  DNp09 170.83 MDN 158.33 DNp01 174.17 pC1 53.08 pIP10 161.67 HS R/L 244.44/243.33
item 5 random   trial 21 rot_b          6.4s  DNp09 169.17 MDN 156.67 DNp01 173.33 pC1 52.63 pIP10 160.00 HS R/L 243.33/245.56
  jitter trial 21 j=2: wscale 0.1914 probe 12.310 (target 13.609) in 4 iters
item 5 random   trial 21 rot_a          6.4s  DNp09 151.67 MDN 125.00 DNp01 153.33 pC1 33.27 pIP10 133.33 HS R/L 242.22/242.22
item 5 random   trial 21 rot_b          6.4s  DNp09 150.83 MDN 125.42 DNp01 154.17 pC1 33.28 pIP10 133.33 HS R/L 241.67/243.89
  jitter trial 21 j=2.83: wscale 0.1914 probe 16.121 (target 13.609) in 4 iters
item 5 random   trial 21 rot_a          6.4s  DNp09 170.00 MDN 134.58 DNp01 168.33 pC1 40.89 pIP10 133.33 HS R/L 241.67/241.11
item 5 random   trial 21 rot_b          6.4s  DNp09 170.00 MDN 134.17 DNp01 171.67 pC1 41.00 pIP10 135.00 HS R/L 239.44/243.33
  jitter trial 21 j=4: wscale 0.1681 probe 14.484 (target 13.609) in 6 iters
item 5 random   trial 21 rot_a          6.4s  DNp09 165.00 MDN 105.83 DNp01 162.50 pC1 31.61 pIP10 103.33 HS R/L 226.11/223.89
item 5 random   trial 21 rot_b          6.4s  DNp09 168.33 MDN 105.83 DNp01 169.17 pC1 32.49 pIP10 107.50 HS R/L 211.11/241.11
  jitter trial 22 j=1: wscale 0.6534 probe 16.583 (target 13.609) in 4 iters
item 5 random   trial 22 rot_a          6.3s  DNp09 135.83 MDN 148.33 DNp01 136.67 pC1 50.40 pIP10 139.17 HS R/L 154.44/0.00
item 5 random   trial 22 rot_b          6.3s  DNp09 121.67 MDN 125.42 DNp01 118.33 pC1 42.76 pIP10 121.67 HS R/L 0.00/15.00
  jitter trial 22 j=1.41: wscale 0.6534 probe 16.596 (target 13.609) in 4 iters
item 5 random   trial 22 rot_a          6.3s  DNp09 134.17 MDN 147.08 DNp01 136.67 pC1 49.54 pIP10 136.67 HS R/L 6.11/0.00
item 5 random   trial 22 rot_b          6.3s  DNp09 121.67 MDN 130.83 DNp01 119.17 pC1 43.28 pIP10 123.33 HS R/L 0.00/22.22
  jitter trial 22 j=2: wscale 0.5738 probe 12.876 (target 13.609) in 6 iters
item 5 random   trial 22 rot_a          6.3s  DNp09 120.83 MDN 130.83 DNp01 125.83 pC1 30.22 pIP10 120.83 HS R/L 6.11/0.00
item 5 random   trial 22 rot_b          6.3s  DNp09 86.67 MDN 88.75 DNp01 89.17 pC1 19.83 pIP10 85.83 HS R/L 0.00/52.22
  jitter trial 22 j=2.83: wscale 0.5738 probe 13.808 (target 13.609) in 6 iters
item 5 random   trial 22 rot_a          6.3s  DNp09 135.00 MDN 136.25 DNp01 135.83 pC1 37.69 pIP10 134.17 HS R/L 3.33/0.00
item 5 random   trial 22 rot_b          6.3s  DNp09 108.33 MDN 104.17 DNp01 107.50 pC1 29.15 pIP10 107.50 HS R/L 0.00/52.78
  jitter trial 22 j=4: wscale 0.5038 probe 11.608 (target 13.609) in 5 iters
item 5 random   trial 22 rot_a          6.3s  DNp09 137.50 MDN 115.42 DNp01 120.00 pC1 29.60 pIP10 132.50 HS R/L 2.78/0.00
item 5 random   trial 22 rot_b          6.3s  DNp09 105.00 MDN 91.25 DNp01 85.83 pC1 22.19 pIP10 102.50 HS R/L 0.00/101.11
  jitter trial 23 j=1: wscale 0.1838 probe 13.613 (target 13.609) in 6 iters
item 5 random   trial 23 rot_a          6.4s  DNp09 0.00 MDN 0.00 DNp01 0.00 pC1 0.00 pIP10 0.00 HS R/L 41.67/195.00
item 5 random   trial 23 rot_b          6.3s  DNp09 0.00 MDN 0.00 DNp01 0.00 pC1 0.00 pIP10 0.00 HS R/L 0.00/196.67
  jitter trial 23 j=1.41: wscale 0.1838 probe 13.373 (target 13.609) in 6 iters
item 5 random   trial 23 rot_a          6.4s  DNp09 0.00 MDN 0.00 DNp01 0.00 pC1 0.00 pIP10 0.00 HS R/L 37.22/195.56
item 5 random   trial 23 rot_b          6.4s  DNp09 0.00 MDN 0.00 DNp01 0.00 pC1 0.00 pIP10 0.00 HS R/L 0.00/196.67
  jitter trial 23 j=2: wscale 0.1838 probe 13.788 (target 13.609) in 6 iters
item 5 random   trial 23 rot_a          6.5s  DNp09 60.83 MDN 58.33 DNp01 75.00 pC1 13.95 pIP10 40.83 HS R/L 35.00/195.56
item 5 random   trial 23 rot_b          6.4s  DNp09 16.67 MDN 18.33 DNp01 24.17 pC1 2.36 pIP10 10.00 HS R/L 0.00/196.67
  jitter trial 23 j=2.83: wscale 0.1614 probe 11.108 (target 13.609) in 5 iters
item 5 random   trial 23 rot_a          6.4s  DNp09 43.33 MDN 63.33 DNp01 81.67 pC1 13.14 pIP10 37.50 HS R/L 26.67/196.67
item 5 random   trial 23 rot_b          6.5s  DNp09 0.00 MDN 0.00 DNp01 0.00 pC1 0.00 pIP10 0.83 HS R/L 0.00/197.22
  jitter trial 23 j=4: wscale 0.1614 probe 12.983 (target 13.609) in 5 iters
item 5 random   trial 23 rot_a          6.4s  DNp09 56.67 MDN 109.58 DNp01 122.50 pC1 29.74 pIP10 65.00 HS R/L 31.67/196.67
item 5 random   trial 23 rot_b          6.4s  DNp09 39.17 MDN 79.17 DNp01 95.00 pC1 19.70 pIP10 45.83 HS R/L 0.00/197.22
  jitter trial 24 j=1: wscale 1.4512 probe 14.696 (target 13.609) in 3 iters
item 5 random   trial 24 rot_a          6.5s  DNp09 134.17 MDN 140.00 DNp01 134.17 pC1 46.46 pIP10 134.17 HS R/L 166.67/165.00
item 5 random   trial 24 rot_b          6.5s  DNp09 142.50 MDN 148.75 DNp01 143.33 pC1 49.59 pIP10 143.33 HS R/L 166.67/166.67
  jitter trial 24 j=1.41: wscale 1.4512 probe 14.836 (target 13.609) in 3 iters
item 5 random   trial 24 rot_a          6.5s  DNp09 134.17 MDN 140.42 DNp01 135.83 pC1 45.30 pIP10 135.83 HS R/L 166.67/165.00
item 5 random   trial 24 rot_b          6.5s  DNp09 145.83 MDN 151.67 DNp01 145.00 pC1 49.23 pIP10 146.67 HS R/L 166.67/166.67
  jitter trial 24 j=2: wscale 1.4512 probe 15.393 (target 13.609) in 3 iters
item 5 random   trial 24 rot_a          6.5s  DNp09 139.17 MDN 143.33 DNp01 141.67 pC1 48.27 pIP10 142.50 HS R/L 166.67/165.00
item 5 random   trial 24 rot_b          6.5s  DNp09 150.00 MDN 154.58 DNp01 148.33 pC1 51.93 pIP10 150.83 HS R/L 166.67/166.67
  jitter trial 24 j=2.83: wscale 1.4512 probe 16.311 (target 13.609) in 3 iters
item 5 random   trial 24 rot_a          6.5s  DNp09 147.50 MDN 147.92 DNp01 150.83 pC1 52.45 pIP10 151.67 HS R/L 166.67/165.56
item 5 random   trial 24 rot_b          6.5s  DNp09 153.33 MDN 156.67 DNp01 153.33 pC1 53.96 pIP10 154.17 HS R/L 166.67/166.67
  jitter trial 24 j=4: wscale 1.1190 probe 11.298 (target 13.609) in 5 iters
item 5 random   trial 24 rot_a          6.5s  DNp09 124.17 MDN 144.17 DNp01 133.33 pC1 25.32 pIP10 150.00 HS R/L 165.00/165.00
item 5 random   trial 24 rot_b          6.5s  DNp09 128.33 MDN 151.25 DNp01 130.83 pC1 25.81 pIP10 151.67 HS R/L 165.56/166.67
  jitter trial 25 j=1: wscale 0.1275 probe 11.480 (target 13.609) in 6 iters
item 5 random   trial 25 rot_a          6.5s  DNp09 0.00 MDN 0.00 DNp01 0.00 pC1 0.00 pIP10 0.00 HS R/L 246.67/245.00
item 5 random   trial 25 rot_b          6.5s  DNp09 0.00 MDN 0.00 DNp01 0.00 pC1 0.00 pIP10 0.00 HS R/L 245.00/246.11
  jitter trial 25 j=1.41: wscale 0.1275 probe 12.196 (target 13.609) in 6 iters
item 5 random   trial 25 rot_a          6.5s  DNp09 0.00 MDN 0.00 DNp01 0.00 pC1 0.00 pIP10 0.00 HS R/L 246.67/245.00
item 5 random   trial 25 rot_b          6.5s  DNp09 0.00 MDN 0.00 DNp01 0.00 pC1 0.00 pIP10 0.00 HS R/L 245.00/246.11
  jitter trial 25 j=2: wscale 0.1275 probe 13.945 (target 13.609) in 6 iters
item 5 random   trial 25 rot_a          6.5s  DNp09 0.00 MDN 0.00 DNp01 0.00 pC1 0.00 pIP10 0.00 HS R/L 246.67/245.00
item 5 random   trial 25 rot_b          6.4s  DNp09 0.00 MDN 0.00 DNp01 0.00 pC1 0.00 pIP10 0.00 HS R/L 245.00/246.11
  jitter trial 25 j=2.83: wscale 0.1120 probe 11.240 (target 13.609) in 3 iters
item 5 random   trial 25 rot_a          6.5s  DNp09 0.00 MDN 0.00 DNp01 0.00 pC1 0.00 pIP10 0.00 HS R/L 246.67/245.00
item 5 random   trial 25 rot_b          6.5s  DNp09 0.00 MDN 0.00 DNp01 0.00 pC1 0.00 pIP10 0.00 HS R/L 244.44/246.11
  jitter trial 25 j=4: wscale 0.1120 probe 13.635 (target 13.609) in 3 iters
item 5 random   trial 25 rot_a          6.5s  DNp09 0.00 MDN 0.00 DNp01 0.00 pC1 0.00 pIP10 0.00 HS R/L 246.67/245.00
item 5 random   trial 25 rot_b          6.5s  DNp09 11.67 MDN 28.75 DNp01 70.83 pC1 1.93 pIP10 24.17 HS R/L 244.44/247.22
  jitter trial 26 j=1: wscale 0.2648 probe 15.800 (target 13.609) in 3 iters
item 5 random   trial 26 rot_a          6.5s  DNp09 128.33 MDN 131.25 DNp01 130.00 pC1 50.36 pIP10 121.67 HS R/L 165.00/164.44
item 5 random   trial 26 rot_b          6.5s  DNp09 125.83 MDN 129.58 DNp01 126.67 pC1 49.24 pIP10 120.00 HS R/L 165.00/165.00
  jitter trial 26 j=1.41: wscale 0.2648 probe 16.137 (target 13.609) in 3 iters
item 5 random   trial 26 rot_a          6.5s  DNp09 127.50 MDN 130.00 DNp01 127.50 pC1 50.87 pIP10 120.00 HS R/L 165.00/164.44
item 5 random   trial 26 rot_b          6.5s  DNp09 128.33 MDN 128.75 DNp01 127.50 pC1 50.40 pIP10 120.00 HS R/L 164.44/165.00
  jitter trial 26 j=2: wscale 0.2648 probe 16.847 (target 13.609) in 3 iters
item 5 random   trial 26 rot_a          6.5s  DNp09 130.83 MDN 130.00 DNp01 130.00 pC1 55.04 pIP10 121.67 HS R/L 165.00/163.89
item 5 random   trial 26 rot_b          6.5s  DNp09 132.50 MDN 131.67 DNp01 132.50 pC1 55.64 pIP10 123.33 HS R/L 163.89/164.44
  jitter trial 26 j=2.83: wscale 0.2042 probe 11.156 (target 13.609) in 5 iters
item 5 random   trial 26 rot_a          6.5s  DNp09 102.50 MDN 79.58 DNp01 115.00 pC1 26.98 pIP10 98.33 HS R/L 163.89/149.44
item 5 random   trial 26 rot_b          6.5s  DNp09 105.83 MDN 81.67 DNp01 118.33 pC1 27.98 pIP10 102.50 HS R/L 150.56/146.11
  jitter trial 26 j=4: wscale 0.2042 probe 12.409 (target 13.609) in 5 iters
item 5 random   trial 26 rot_a          6.5s  DNp09 111.67 MDN 78.33 DNp01 123.33 pC1 34.21 pIP10 101.67 HS R/L 163.33/128.33
item 5 random   trial 26 rot_b          6.5s  DNp09 115.83 MDN 81.25 DNp01 128.33 pC1 35.88 pIP10 105.83 HS R/L 141.11/137.22
  jitter trial 27 j=1: wscale 1.4316 probe 13.578 (target 13.609) in 4 iters
item 5 random   trial 27 rot_a          6.4s  DNp09 0.00 MDN 0.00 DNp01 0.00 pC1 0.00 pIP10 0.00 HS R/L 164.44/0.00
item 5 random   trial 27 rot_b          6.4s  DNp09 0.00 MDN 0.00 DNp01 0.00 pC1 0.00 pIP10 0.00 HS R/L 0.00/41.67
  jitter trial 27 j=1.41: wscale 1.4316 probe 13.818 (target 13.609) in 4 iters
item 5 random   trial 27 rot_a          6.4s  DNp09 0.00 MDN 0.00 DNp01 0.00 pC1 0.00 pIP10 0.00 HS R/L 164.44/0.00
item 5 random   trial 27 rot_b          6.4s  DNp09 0.00 MDN 0.00 DNp01 0.00 pC1 0.00 pIP10 0.00 HS R/L 0.00/35.56
  jitter trial 27 j=2: wscale 1.4316 probe 14.334 (target 13.609) in 4 iters
item 5 random   trial 27 rot_a          6.4s  DNp09 0.00 MDN 0.00 DNp01 0.00 pC1 0.00 pIP10 0.00 HS R/L 164.44/0.00
item 5 random   trial 27 rot_b          6.4s  DNp09 0.00 MDN 0.00 DNp01 0.00 pC1 0.00 pIP10 0.00 HS R/L 0.00/30.56
  jitter trial 27 j=2.83: wscale 1.4316 probe 15.340 (target 13.609) in 4 iters
item 5 random   trial 27 rot_a          6.4s  DNp09 120.00 MDN 117.50 DNp01 116.67 pC1 26.73 pIP10 113.33 HS R/L 164.44/0.00
item 5 random   trial 27 rot_b          6.4s  DNp09 127.50 MDN 118.33 DNp01 124.17 pC1 27.83 pIP10 116.67 HS R/L 0.00/27.78
  jitter trial 27 j=4: wscale 1.4316 probe 16.786 (target 13.609) in 4 iters
item 5 random   trial 27 rot_a          6.4s  DNp09 144.17 MDN 132.50 DNp01 143.33 pC1 41.68 pIP10 135.00 HS R/L 161.67/0.00
item 5 random   trial 27 rot_b          6.4s  DNp09 146.67 MDN 134.17 DNp01 145.00 pC1 42.72 pIP10 136.67 HS R/L 0.00/22.22
  jitter trial 28 j=1: wscale 0.2643 probe 15.248 (target 13.609) in 7 iters
item 5 random   trial 28 rot_a          6.5s  DNp09 220.00 MDN 165.42 DNp01 209.17 pC1 68.09 pIP10 181.67 HS R/L 319.44/325.00
item 5 random   trial 28 rot_b          6.5s  DNp09 213.33 MDN 154.58 DNp01 185.00 pC1 63.04 pIP10 177.50 HS R/L 0.00/287.78
  jitter trial 28 j=1.41: wscale 0.2476 probe 13.472 (target 13.609) in 3 iters
item 5 random   trial 28 rot_a          6.5s  DNp09 207.50 MDN 117.08 DNp01 197.50 pC1 51.98 pIP10 171.67 HS R/L 317.78/325.00
item 5 random   trial 28 rot_b          6.5s  DNp09 193.33 MDN 103.75 DNp01 160.83 pC1 43.55 pIP10 155.83 HS R/L 0.00/284.44
  jitter trial 28 j=2: wscale 0.2320 probe 14.528 (target 13.609) in 7 iters
item 5 random   trial 28 rot_a          6.5s  DNp09 208.33 MDN 85.42 DNp01 205.00 pC1 47.03 pIP10 169.17 HS R/L 305.56/325.00
item 5 random   trial 28 rot_b          6.4s  DNp09 189.17 MDN 75.83 DNp01 159.17 pC1 38.02 pIP10 152.50 HS R/L 0.00/281.11
  jitter trial 28 j=2.83: wscale 0.2174 probe 16.018 (target 13.609) in 6 iters
item 5 random   trial 28 rot_a          6.5s  DNp09 214.17 MDN 65.83 DNp01 215.00 pC1 48.86 pIP10 176.67 HS R/L 296.11/325.00
item 5 random   trial 28 rot_b          6.5s  DNp09 199.17 MDN 62.92 DNp01 182.50 pC1 42.91 pIP10 163.33 HS R/L 0.00/281.67
  jitter trial 28 j=4: wscale 0.1909 probe 14.198 (target 13.609) in 5 iters
item 5 random   trial 28 rot_a          6.5s  DNp09 195.00 MDN 46.67 DNp01 205.00 pC1 40.09 pIP10 140.83 HS R/L 280.00/323.33
item 5 random   trial 28 rot_b          6.4s  DNp09 186.67 MDN 46.25 DNp01 186.67 pC1 37.43 pIP10 135.00 HS R/L 0.00/304.44
  jitter trial 29 j=1: wscale 0.1110 probe 10.357 (target 13.609) in 6 iters
item 5 random   trial 29 rot_a          6.4s  DNp09 0.00 MDN 0.42 DNp01 0.00 pC1 0.00 pIP10 0.00 HS R/L 40.00/195.00
item 5 random   trial 29 rot_b          6.4s  DNp09 0.00 MDN 0.00 DNp01 0.00 pC1 0.00 pIP10 0.00 HS R/L 0.00/195.56
  jitter trial 29 j=1.41: wscale 0.1110 probe 12.890 (target 13.609) in 6 iters
item 5 random   trial 29 rot_a          6.4s  DNp09 0.00 MDN 0.42 DNp01 0.00 pC1 0.00 pIP10 0.00 HS R/L 45.56/195.00
item 5 random   trial 29 rot_b          6.4s  DNp09 0.00 MDN 0.00 DNp01 0.00 pC1 0.00 pIP10 0.00 HS R/L 0.00/196.11
  jitter trial 29 j=2: wscale 0.1110 probe 13.856 (target 13.609) in 6 iters
item 5 random   trial 29 rot_a          6.4s  DNp09 0.00 MDN 0.83 DNp01 0.00 pC1 0.02 pIP10 1.67 HS R/L 51.67/195.00
item 5 random   trial 29 rot_b          6.4s  DNp09 0.00 MDN 0.00 DNp01 0.00 pC1 0.00 pIP10 0.00 HS R/L 0.00/196.11
  jitter trial 29 j=2.83: wscale 0.1110 probe 15.446 (target 13.609) in 6 iters
item 5 random   trial 29 rot_a          6.4s  DNp09 137.50 MDN 80.00 DNp01 93.33 pC1 38.31 pIP10 125.00 HS R/L 62.78/194.44
item 5 random   trial 29 rot_b          6.4s  DNp09 135.00 MDN 78.33 DNp01 89.17 pC1 37.35 pIP10 121.67 HS R/L 0.00/192.78
  jitter trial 29 j=4: wscale 0.0974 probe 13.284 (target 13.609) in 3 iters
item 5 random   trial 29 rot_a          6.4s  DNp09 140.00 MDN 72.50 DNp01 86.67 pC1 31.71 pIP10 126.67 HS R/L 68.33/171.67
item 5 random   trial 29 rot_b          6.4s  DNp09 138.33 MDN 71.25 DNp01 84.17 pC1 31.35 pIP10 124.17 HS R/L 0.00/171.11
item 6 real     trial 0 female_taste   6.4s  DNp09 1.67 MDN 0.83 DNp01 0.00 pC1 5.15 pIP10 0.00 HS R/L 0.00/0.00
item 6 real     trial 0 cva            6.4s  DNp09 0.00 MDN 0.00 DNp01 0.00 pC1 8.62 pIP10 15.83 HS R/L 0.00/0.00
item 6 real     trial 0 none           6.2s  DNp09 0.00 MDN 0.00 DNp01 0.00 pC1 0.00 pIP10 0.00 HS R/L 0.00/0.00
item 6 real     trial 1 female_taste   6.4s  DNp09 0.00 MDN 6.25 DNp01 0.00 pC1 5.03 pIP10 0.83 HS R/L 0.00/0.00
item 6 real     trial 1 cva            6.4s  DNp09 0.00 MDN 0.00 DNp01 0.00 pC1 16.39 pIP10 10.83 HS R/L 0.00/0.00
item 6 real     trial 1 none           6.2s  DNp09 0.00 MDN 0.00 DNp01 0.00 pC1 0.00 pIP10 0.00 HS R/L 0.00/0.00
item 6 real     trial 2 female_taste   6.4s  DNp09 0.83 MDN 17.92 DNp01 0.00 pC1 0.03 pIP10 0.83 HS R/L 0.00/0.00
item 6 real     trial 2 cva            6.3s  DNp09 0.00 MDN 0.00 DNp01 0.00 pC1 14.84 pIP10 9.17 HS R/L 0.00/0.00
item 6 real     trial 2 none           6.2s  DNp09 0.00 MDN 0.00 DNp01 0.00 pC1 0.00 pIP10 0.00 HS R/L 0.00/0.00
item 6 real     trial 3 female_taste   6.4s  DNp09 0.00 MDN 7.08 DNp01 0.00 pC1 0.18 pIP10 0.00 HS R/L 0.00/0.00
item 6 real     trial 3 cva            6.3s  DNp09 0.00 MDN 0.42 DNp01 0.00 pC1 13.45 pIP10 8.33 HS R/L 0.00/0.00
item 6 real     trial 3 none           6.2s  DNp09 0.00 MDN 0.00 DNp01 0.00 pC1 0.00 pIP10 0.00 HS R/L 0.00/0.00
item 6 real     trial 4 female_taste   6.4s  DNp09 0.00 MDN 15.00 DNp01 0.00 pC1 0.21 pIP10 0.00 HS R/L 0.00/0.00
item 6 real     trial 4 cva            6.3s  DNp09 0.00 MDN 0.00 DNp01 0.00 pC1 8.80 pIP10 20.83 HS R/L 0.00/0.00
item 6 real     trial 4 none           6.2s  DNp09 0.00 MDN 0.00 DNp01 0.00 pC1 0.00 pIP10 0.00 HS R/L 0.00/0.00
item 6 real     trial 5 female_taste   6.4s  DNp09 0.00 MDN 27.50 DNp01 0.00 pC1 0.15 pIP10 0.00 HS R/L 0.00/0.00
item 6 real     trial 5 cva            6.3s  DNp09 0.00 MDN 0.00 DNp01 0.00 pC1 8.71 pIP10 14.17 HS R/L 0.00/0.00
item 6 real     trial 5 none           6.2s  DNp09 0.00 MDN 0.00 DNp01 0.00 pC1 0.00 pIP10 0.00 HS R/L 0.00/0.00
item 6 real     trial 6 female_taste   6.4s  DNp09 1.67 MDN 10.00 DNp01 0.00 pC1 3.34 pIP10 0.00 HS R/L 0.00/0.00
item 6 real     trial 6 cva            6.3s  DNp09 0.00 MDN 0.00 DNp01 0.00 pC1 8.11 pIP10 18.33 HS R/L 0.00/0.00
item 6 real     trial 6 none           6.2s  DNp09 0.00 MDN 0.00 DNp01 0.00 pC1 0.00 pIP10 0.00 HS R/L 0.00/0.00
item 6 real     trial 7 female_taste   6.4s  DNp09 0.00 MDN 16.25 DNp01 0.00 pC1 0.11 pIP10 0.83 HS R/L 0.00/0.00
item 6 real     trial 7 cva            6.4s  DNp09 0.00 MDN 0.00 DNp01 0.00 pC1 11.34 pIP10 9.17 HS R/L 0.00/0.00
item 6 real     trial 7 none           6.2s  DNp09 0.00 MDN 0.00 DNp01 0.00 pC1 0.00 pIP10 0.00 HS R/L 0.00/0.00
item 6 real     trial 8 female_taste   6.4s  DNp09 4.17 MDN 15.83 DNp01 0.00 pC1 2.68 pIP10 0.00 HS R/L 0.00/0.00
item 6 real     trial 8 cva            6.4s  DNp09 0.00 MDN 0.42 DNp01 0.00 pC1 6.54 pIP10 24.17 HS R/L 0.00/0.00
item 6 real     trial 8 none           6.2s  DNp09 0.00 MDN 0.00 DNp01 0.00 pC1 0.00 pIP10 0.00 HS R/L 0.00/0.00
item 6 real     trial 9 female_taste   6.4s  DNp09 2.50 MDN 16.67 DNp01 0.00 pC1 0.22 pIP10 0.00 HS R/L 0.00/0.00
item 6 real     trial 9 cva            6.3s  DNp09 0.00 MDN 0.83 DNp01 0.00 pC1 8.35 pIP10 15.83 HS R/L 0.00/0.00
item 6 real     trial 9 none           6.1s  DNp09 0.00 MDN 0.00 DNp01 0.00 pC1 0.00 pIP10 0.00 HS R/L 0.00/0.00
item 6 real     trial 10 female_taste   6.4s  DNp09 0.00 MDN 14.58 DNp01 0.00 pC1 0.32 pIP10 1.67 HS R/L 0.00/0.00
item 6 real     trial 10 cva            6.3s  DNp09 0.00 MDN 0.00 DNp01 0.00 pC1 8.79 pIP10 14.17 HS R/L 0.00/0.00
item 6 real     trial 10 none           6.2s  DNp09 0.00 MDN 0.00 DNp01 0.00 pC1 0.00 pIP10 0.00 HS R/L 0.00/0.00
item 6 real     trial 11 female_taste   6.4s  DNp09 0.00 MDN 14.58 DNp01 0.00 pC1 0.16 pIP10 0.83 HS R/L 0.00/0.00
item 6 real     trial 11 cva            6.5s  DNp09 0.00 MDN 0.00 DNp01 0.00 pC1 9.95 pIP10 17.50 HS R/L 0.00/0.00
item 6 real     trial 11 none           6.2s  DNp09 0.00 MDN 0.00 DNp01 0.00 pC1 0.00 pIP10 0.00 HS R/L 0.00/0.00
item 6 real     trial 12 female_taste   6.4s  DNp09 0.83 MDN 10.42 DNp01 0.00 pC1 0.22 pIP10 0.00 HS R/L 0.00/0.00
item 6 real     trial 12 cva            6.3s  DNp09 0.00 MDN 0.42 DNp01 0.00 pC1 8.90 pIP10 15.00 HS R/L 0.00/0.00
item 6 real     trial 12 none           6.2s  DNp09 0.00 MDN 0.00 DNp01 0.00 pC1 0.00 pIP10 0.00 HS R/L 0.00/0.00
item 6 real     trial 13 female_taste   6.4s  DNp09 0.83 MDN 8.33 DNp01 0.00 pC1 2.37 pIP10 0.00 HS R/L 0.00/0.00
item 6 real     trial 13 cva            6.3s  DNp09 0.00 MDN 1.25 DNp01 0.00 pC1 7.92 pIP10 18.33 HS R/L 0.00/0.00
item 6 real     trial 13 none           6.2s  DNp09 0.00 MDN 0.00 DNp01 0.00 pC1 0.00 pIP10 0.00 HS R/L 0.00/0.00
item 6 real     trial 14 female_taste   6.4s  DNp09 0.00 MDN 24.17 DNp01 0.00 pC1 0.25 pIP10 0.00 HS R/L 0.00/0.00
item 6 real     trial 14 cva            6.3s  DNp09 0.00 MDN 0.00 DNp01 0.00 pC1 9.24 pIP10 12.50 HS R/L 0.00/0.00
item 6 real     trial 14 none           6.3s  DNp09 0.00 MDN 0.00 DNp01 0.00 pC1 0.00 pIP10 0.00 HS R/L 0.00/0.00
item 6 real     trial 15 female_taste   6.4s  DNp09 0.00 MDN 12.08 DNp01 0.00 pC1 4.94 pIP10 0.83 HS R/L 0.00/0.00
item 6 real     trial 15 cva            6.3s  DNp09 0.00 MDN 0.00 DNp01 0.00 pC1 10.40 pIP10 16.67 HS R/L 0.00/0.00
item 6 real     trial 15 none           6.2s  DNp09 0.00 MDN 0.00 DNp01 0.00 pC1 0.00 pIP10 0.00 HS R/L 0.00/0.00
item 6 real     trial 16 female_taste   6.3s  DNp09 0.00 MDN 8.75 DNp01 0.00 pC1 3.08 pIP10 0.00 HS R/L 0.00/0.00
item 6 real     trial 16 cva            6.3s  DNp09 0.00 MDN 0.00 DNp01 0.00 pC1 7.45 pIP10 20.83 HS R/L 0.00/0.00
item 6 real     trial 16 none           6.3s  DNp09 0.00 MDN 0.00 DNp01 0.00 pC1 0.00 pIP10 0.00 HS R/L 0.00/0.00
item 6 real     trial 17 female_taste   6.4s  DNp09 2.50 MDN 3.75 DNp01 0.00 pC1 0.00 pIP10 0.00 HS R/L 0.00/0.00
item 6 real     trial 17 cva            6.3s  DNp09 0.00 MDN 0.00 DNp01 0.00 pC1 7.71 pIP10 20.83 HS R/L 0.00/0.00
item 6 real     trial 17 none           6.2s  DNp09 0.00 MDN 0.00 DNp01 0.00 pC1 0.00 pIP10 0.00 HS R/L 0.00/0.00
item 6 real     trial 18 female_taste   6.4s  DNp09 0.83 MDN 19.58 DNp01 0.00 pC1 0.15 pIP10 1.67 HS R/L 0.00/0.00
item 6 real     trial 18 cva            6.4s  DNp09 0.00 MDN 0.00 DNp01 0.00 pC1 7.76 pIP10 13.33 HS R/L 0.00/0.00
item 6 real     trial 18 none           6.2s  DNp09 0.00 MDN 0.00 DNp01 0.00 pC1 0.00 pIP10 0.00 HS R/L 0.00/0.00
item 6 real     trial 19 female_taste   6.3s  DNp09 0.00 MDN 15.00 DNp01 0.00 pC1 3.32 pIP10 0.00 HS R/L 0.00/0.00
item 6 real     trial 19 cva            6.4s  DNp09 0.00 MDN 0.42 DNp01 0.00 pC1 7.01 pIP10 13.33 HS R/L 0.00/0.00
item 6 real     trial 19 none           6.2s  DNp09 0.00 MDN 0.00 DNp01 0.00 pC1 0.00 pIP10 0.00 HS R/L 0.00/0.00
item 6 real     trial 20 female_taste   6.4s  DNp09 1.67 MDN 7.50 DNp01 0.00 pC1 0.17 pIP10 0.00 HS R/L 0.00/0.00
item 6 real     trial 20 cva            6.4s  DNp09 0.00 MDN 0.00 DNp01 0.00 pC1 14.20 pIP10 10.00 HS R/L 0.00/0.00
item 6 real     trial 20 none           6.2s  DNp09 0.00 MDN 0.00 DNp01 0.00 pC1 0.00 pIP10 0.00 HS R/L 0.00/0.00
item 6 real     trial 21 female_taste   6.4s  DNp09 1.67 MDN 11.25 DNp01 0.00 pC1 0.15 pIP10 3.33 HS R/L 0.00/0.00
item 6 real     trial 21 cva            6.3s  DNp09 0.00 MDN 0.00 DNp01 0.00 pC1 8.12 pIP10 15.83 HS R/L 0.00/0.00
item 6 real     trial 21 none           6.2s  DNp09 0.00 MDN 0.00 DNp01 0.00 pC1 0.00 pIP10 0.00 HS R/L 0.00/0.00
item 6 real     trial 22 female_taste   6.4s  DNp09 0.00 MDN 2.08 DNp01 0.00 pC1 6.37 pIP10 0.83 HS R/L 0.00/0.00
item 6 real     trial 22 cva            6.3s  DNp09 0.00 MDN 0.00 DNp01 0.00 pC1 7.93 pIP10 12.50 HS R/L 0.00/0.00
item 6 real     trial 22 none           6.3s  DNp09 0.00 MDN 0.00 DNp01 0.00 pC1 0.00 pIP10 0.00 HS R/L 0.00/0.00
item 6 real     trial 23 female_taste   6.4s  DNp09 0.00 MDN 2.92 DNp01 0.00 pC1 3.47 pIP10 0.00 HS R/L 0.00/0.00
item 6 real     trial 23 cva            6.3s  DNp09 0.00 MDN 0.00 DNp01 0.00 pC1 13.40 pIP10 20.83 HS R/L 0.00/0.00
item 6 real     trial 23 none           6.2s  DNp09 0.00 MDN 0.00 DNp01 0.00 pC1 0.00 pIP10 0.00 HS R/L 0.00/0.00
item 6 real     trial 24 female_taste   6.4s  DNp09 0.00 MDN 32.92 DNp01 0.00 pC1 0.13 pIP10 0.83 HS R/L 0.00/0.00
item 6 real     trial 24 cva            6.4s  DNp09 0.00 MDN 0.00 DNp01 0.00 pC1 15.60 pIP10 10.00 HS R/L 0.00/0.00
item 6 real     trial 24 none           6.2s  DNp09 0.00 MDN 0.00 DNp01 0.00 pC1 0.00 pIP10 0.00 HS R/L 0.00/0.00
item 6 real     trial 25 female_taste   6.4s  DNp09 5.00 MDN 3.33 DNp01 0.00 pC1 0.13 pIP10 0.00 HS R/L 0.00/0.00
item 6 real     trial 25 cva            6.4s  DNp09 0.00 MDN 0.00 DNp01 0.00 pC1 13.23 pIP10 30.00 HS R/L 0.00/0.00
item 6 real     trial 25 none           6.2s  DNp09 0.00 MDN 0.00 DNp01 0.00 pC1 0.00 pIP10 0.00 HS R/L 0.00/0.00
item 6 real     trial 26 female_taste   6.4s  DNp09 2.50 MDN 13.75 DNp01 0.00 pC1 0.20 pIP10 0.00 HS R/L 0.00/0.00
item 6 real     trial 26 cva            6.3s  DNp09 0.00 MDN 0.00 DNp01 0.00 pC1 6.84 pIP10 22.50 HS R/L 0.00/0.00
item 6 real     trial 26 none           6.2s  DNp09 0.00 MDN 0.00 DNp01 0.00 pC1 0.00 pIP10 0.00 HS R/L 0.00/0.00
item 6 real     trial 27 female_taste   6.2s  DNp09 1.67 MDN 24.17 DNp01 0.00 pC1 2.16 pIP10 0.83 HS R/L 0.00/0.00
item 6 real     trial 27 cva            6.4s  DNp09 0.00 MDN 0.00 DNp01 0.00 pC1 9.00 pIP10 21.67 HS R/L 0.00/0.00
item 6 real     trial 27 none           6.2s  DNp09 0.00 MDN 0.00 DNp01 0.00 pC1 0.00 pIP10 0.00 HS R/L 0.00/0.00
item 6 real     trial 28 female_taste   6.4s  DNp09 0.00 MDN 6.25 DNp01 0.00 pC1 0.14 pIP10 3.33 HS R/L 0.00/0.00
item 6 real     trial 28 cva            6.3s  DNp09 0.00 MDN 0.00 DNp01 0.00 pC1 9.59 pIP10 10.00 HS R/L 0.00/0.00
item 6 real     trial 28 none           6.2s  DNp09 0.00 MDN 0.00 DNp01 0.00 pC1 0.00 pIP10 0.00 HS R/L 0.00/0.00
item 6 real     trial 29 female_taste   6.3s  DNp09 0.00 MDN 10.00 DNp01 0.00 pC1 0.13 pIP10 0.00 HS R/L 0.00/0.00
item 6 real     trial 29 cva            6.4s  DNp09 0.00 MDN 0.00 DNp01 0.00 pC1 8.85 pIP10 17.50 HS R/L 0.00/0.00
item 6 real     trial 29 none           6.2s  DNp09 0.00 MDN 0.00 DNp01 0.00 pC1 0.00 pIP10 0.00 HS R/L 0.00/0.00
item 6 shuffled trial 0 female_taste   6.3s  DNp09 0.00 MDN 0.00 DNp01 0.00 pC1 0.02 pIP10 0.00 HS R/L 0.00/0.00
item 6 shuffled trial 0 cva            6.3s  DNp09 100.00 MDN 111.25 DNp01 3.33 pC1 86.36 pIP10 157.50 HS R/L 151.11/76.11
item 6 shuffled trial 0 none           6.2s  DNp09 0.00 MDN 0.00 DNp01 0.00 pC1 0.00 pIP10 0.00 HS R/L 0.00/0.00
item 6 shuffled trial 1 female_taste   6.3s  DNp09 0.00 MDN 0.00 DNp01 0.00 pC1 0.02 pIP10 0.00 HS R/L 0.00/0.00
item 6 shuffled trial 1 cva            6.3s  DNp09 0.00 MDN 0.00 DNp01 0.00 pC1 0.01 pIP10 0.00 HS R/L 0.00/0.00
item 6 shuffled trial 1 none           6.2s  DNp09 0.00 MDN 0.00 DNp01 0.00 pC1 0.00 pIP10 0.00 HS R/L 0.00/0.00
item 6 shuffled trial 2 female_taste   6.3s  DNp09 0.00 MDN 0.00 DNp01 0.00 pC1 0.00 pIP10 0.00 HS R/L 0.00/0.00
item 6 shuffled trial 2 cva            6.4s  DNp09 0.00 MDN 0.83 DNp01 0.00 pC1 0.18 pIP10 0.00 HS R/L 0.00/2.78
item 6 shuffled trial 2 none           6.2s  DNp09 0.00 MDN 0.00 DNp01 0.00 pC1 0.00 pIP10 0.00 HS R/L 0.00/0.00
item 6 shuffled trial 3 female_taste   6.2s  DNp09 0.00 MDN 0.00 DNp01 0.00 pC1 0.00 pIP10 0.00 HS R/L 0.00/0.00
item 6 shuffled trial 3 cva            6.2s  DNp09 0.00 MDN 0.00 DNp01 0.00 pC1 0.02 pIP10 0.00 HS R/L 0.00/0.56
item 6 shuffled trial 3 none           6.1s  DNp09 0.00 MDN 0.00 DNp01 0.00 pC1 0.00 pIP10 0.00 HS R/L 0.00/0.00
item 6 shuffled trial 4 female_taste   6.4s  DNp09 0.00 MDN 0.00 DNp01 0.00 pC1 0.00 pIP10 0.00 HS R/L 0.00/0.00
item 6 shuffled trial 4 cva            6.3s  DNp09 86.67 MDN 85.83 DNp01 53.33 pC1 52.97 pIP10 98.33 HS R/L 108.33/96.11
item 6 shuffled trial 4 none           6.2s  DNp09 0.00 MDN 0.00 DNp01 0.00 pC1 0.00 pIP10 0.00 HS R/L 0.00/0.00
item 6 shuffled trial 5 female_taste   6.3s  DNp09 0.00 MDN 0.00 DNp01 0.00 pC1 0.01 pIP10 0.00 HS R/L 0.56/0.00
item 6 shuffled trial 5 cva            6.3s  DNp09 0.83 MDN 0.00 DNp01 0.00 pC1 0.09 pIP10 0.00 HS R/L 0.56/0.00
item 6 shuffled trial 5 none           6.2s  DNp09 0.00 MDN 0.00 DNp01 0.00 pC1 0.00 pIP10 0.00 HS R/L 0.00/0.00
item 6 shuffled trial 6 female_taste   6.3s  DNp09 3.33 MDN 2.50 DNp01 0.00 pC1 3.00 pIP10 14.17 HS R/L 1.11/14.44
item 6 shuffled trial 6 cva            6.3s  DNp09 0.00 MDN 0.00 DNp01 0.00 pC1 0.15 pIP10 0.00 HS R/L 0.00/0.00
item 6 shuffled trial 6 none           6.2s  DNp09 0.00 MDN 0.00 DNp01 0.00 pC1 0.00 pIP10 0.00 HS R/L 0.00/0.00
item 6 shuffled trial 7 female_taste   6.3s  DNp09 0.00 MDN 0.00 DNp01 0.00 pC1 0.00 pIP10 0.00 HS R/L 0.00/0.00
item 6 shuffled trial 7 cva            6.4s  DNp09 0.00 MDN 0.00 DNp01 0.00 pC1 0.01 pIP10 0.00 HS R/L 0.00/0.00
item 6 shuffled trial 7 none           6.2s  DNp09 0.00 MDN 0.00 DNp01 0.00 pC1 0.00 pIP10 0.00 HS R/L 0.00/0.00
item 6 shuffled trial 8 female_taste   6.3s  DNp09 0.00 MDN 0.00 DNp01 0.00 pC1 0.06 pIP10 0.00 HS R/L 0.00/0.00
item 6 shuffled trial 8 cva            6.3s  DNp09 0.00 MDN 0.00 DNp01 0.00 pC1 0.11 pIP10 1.67 HS R/L 0.56/2.22
item 6 shuffled trial 8 none           6.2s  DNp09 0.00 MDN 0.00 DNp01 0.00 pC1 0.00 pIP10 0.00 HS R/L 0.00/0.00
item 6 shuffled trial 9 female_taste   6.2s  DNp09 0.00 MDN 0.00 DNp01 0.00 pC1 0.00 pIP10 0.00 HS R/L 0.00/0.00
item 6 shuffled trial 9 cva            6.3s  DNp09 0.00 MDN 0.42 DNp01 0.00 pC1 0.22 pIP10 0.00 HS R/L 0.00/0.00
item 6 shuffled trial 9 none           6.2s  DNp09 0.00 MDN 0.00 DNp01 0.00 pC1 0.00 pIP10 0.00 HS R/L 0.00/0.00
item 6 shuffled trial 10 female_taste   6.3s  DNp09 0.00 MDN 0.00 DNp01 0.00 pC1 0.00 pIP10 0.00 HS R/L 0.00/0.00
item 6 shuffled trial 10 cva            6.3s  DNp09 0.00 MDN 0.00 DNp01 0.00 pC1 0.59 pIP10 2.50 HS R/L 0.00/2.78
item 6 shuffled trial 10 none           6.2s  DNp09 0.00 MDN 0.00 DNp01 0.00 pC1 0.00 pIP10 0.00 HS R/L 0.00/0.00
item 6 shuffled trial 11 female_taste   6.3s  DNp09 0.00 MDN 0.00 DNp01 0.00 pC1 0.00 pIP10 0.00 HS R/L 0.00/0.00
item 6 shuffled trial 11 cva            6.3s  DNp09 0.00 MDN 0.00 DNp01 0.00 pC1 0.04 pIP10 3.33 HS R/L 0.00/0.00
item 6 shuffled trial 11 none           6.2s  DNp09 0.00 MDN 0.00 DNp01 0.00 pC1 0.00 pIP10 0.00 HS R/L 0.00/0.00
item 6 shuffled trial 12 female_taste   6.3s  DNp09 0.00 MDN 0.00 DNp01 0.00 pC1 0.03 pIP10 0.00 HS R/L 0.00/0.00
item 6 shuffled trial 12 cva            6.3s  DNp09 0.00 MDN 0.00 DNp01 0.00 pC1 0.03 pIP10 0.00 HS R/L 0.00/0.00
item 6 shuffled trial 12 none           6.2s  DNp09 0.00 MDN 0.00 DNp01 0.00 pC1 0.00 pIP10 0.00 HS R/L 0.00/0.00
item 6 shuffled trial 13 female_taste   6.3s  DNp09 0.00 MDN 0.00 DNp01 0.00 pC1 0.01 pIP10 0.00 HS R/L 0.00/0.00
item 6 shuffled trial 13 cva            6.2s  DNp09 0.00 MDN 0.00 DNp01 0.00 pC1 0.03 pIP10 0.00 HS R/L 0.00/0.00
item 6 shuffled trial 13 none           6.2s  DNp09 0.00 MDN 0.00 DNp01 0.00 pC1 0.00 pIP10 0.00 HS R/L 0.00/0.00
item 6 shuffled trial 14 female_taste   6.4s  DNp09 0.00 MDN 0.00 DNp01 0.00 pC1 0.01 pIP10 0.00 HS R/L 0.00/0.00
item 6 shuffled trial 14 cva            6.4s  DNp09 92.50 MDN 137.92 DNp01 139.17 pC1 104.16 pIP10 8.33 HS R/L 122.22/180.56
item 6 shuffled trial 14 none           6.3s  DNp09 0.00 MDN 0.00 DNp01 0.00 pC1 0.00 pIP10 0.00 HS R/L 0.00/0.00
item 6 shuffled trial 15 female_taste   6.4s  DNp09 0.00 MDN 0.00 DNp01 0.00 pC1 0.00 pIP10 0.00 HS R/L 0.00/0.00
item 6 shuffled trial 15 cva            6.4s  DNp09 0.00 MDN 0.00 DNp01 0.00 pC1 0.02 pIP10 0.00 HS R/L 5.56/0.00
item 6 shuffled trial 15 none           6.3s  DNp09 0.00 MDN 0.00 DNp01 0.00 pC1 0.00 pIP10 0.00 HS R/L 0.00/0.00
item 6 shuffled trial 16 female_taste   6.4s  DNp09 0.00 MDN 0.00 DNp01 0.00 pC1 0.01 pIP10 0.00 HS R/L 0.00/0.00
item 6 shuffled trial 16 cva            6.4s  DNp09 120.83 MDN 85.42 DNp01 67.50 pC1 66.75 pIP10 108.33 HS R/L 114.44/79.44
item 6 shuffled trial 16 none           6.2s  DNp09 0.00 MDN 0.00 DNp01 0.00 pC1 0.00 pIP10 0.00 HS R/L 0.00/0.00
item 6 shuffled trial 17 female_taste   6.3s  DNp09 0.00 MDN 0.00 DNp01 0.00 pC1 0.00 pIP10 0.00 HS R/L 0.00/0.00
item 6 shuffled trial 17 cva            6.3s  DNp09 0.83 MDN 0.00 DNp01 0.00 pC1 0.15 pIP10 0.00 HS R/L 1.11/0.00
item 6 shuffled trial 17 none           6.2s  DNp09 0.00 MDN 0.00 DNp01 0.00 pC1 0.00 pIP10 0.00 HS R/L 0.00/0.00
item 6 shuffled trial 18 female_taste   6.3s  DNp09 0.00 MDN 0.00 DNp01 0.00 pC1 0.00 pIP10 0.00 HS R/L 0.00/0.00
item 6 shuffled trial 18 cva            6.2s  DNp09 0.00 MDN 0.00 DNp01 0.00 pC1 0.01 pIP10 0.00 HS R/L 0.00/0.00
item 6 shuffled trial 18 none           6.1s  DNp09 0.00 MDN 0.00 DNp01 0.00 pC1 0.00 pIP10 0.00 HS R/L 0.00/0.00
item 6 shuffled trial 19 female_taste   6.3s  DNp09 0.00 MDN 0.00 DNp01 0.00 pC1 0.00 pIP10 0.00 HS R/L 0.00/0.00
item 6 shuffled trial 19 cva            6.3s  DNp09 0.83 MDN 0.00 DNp01 0.00 pC1 0.20 pIP10 0.00 HS R/L 0.00/0.00
item 6 shuffled trial 19 none           6.2s  DNp09 0.00 MDN 0.00 DNp01 0.00 pC1 0.00 pIP10 0.00 HS R/L 0.00/0.00
item 6 shuffled trial 20 female_taste   6.3s  DNp09 0.00 MDN 0.00 DNp01 0.00 pC1 0.00 pIP10 0.00 HS R/L 0.00/0.00
item 6 shuffled trial 20 cva            6.3s  DNp09 0.00 MDN 0.00 DNp01 0.00 pC1 0.01 pIP10 0.00 HS R/L 0.00/0.00
item 6 shuffled trial 20 none           6.2s  DNp09 0.00 MDN 0.00 DNp01 0.00 pC1 0.00 pIP10 0.00 HS R/L 0.00/0.00
item 6 shuffled trial 21 female_taste   6.3s  DNp09 0.00 MDN 0.00 DNp01 0.00 pC1 0.02 pIP10 0.00 HS R/L 0.00/0.00
item 6 shuffled trial 21 cva            6.4s  DNp09 0.00 MDN 0.00 DNp01 0.00 pC1 0.04 pIP10 0.00 HS R/L 0.00/0.00
item 6 shuffled trial 21 none           6.2s  DNp09 0.00 MDN 0.00 DNp01 0.00 pC1 0.00 pIP10 0.00 HS R/L 0.00/0.00
item 6 shuffled trial 22 female_taste   6.4s  DNp09 0.00 MDN 0.00 DNp01 0.00 pC1 0.00 pIP10 0.00 HS R/L 0.00/0.00
item 6 shuffled trial 22 cva            6.4s  DNp09 0.00 MDN 3.33 DNp01 0.83 pC1 0.81 pIP10 0.00 HS R/L 0.00/2.22
item 6 shuffled trial 22 none           6.3s  DNp09 0.00 MDN 0.00 DNp01 0.00 pC1 0.00 pIP10 0.00 HS R/L 0.00/0.00
item 6 shuffled trial 23 female_taste   6.3s  DNp09 0.00 MDN 0.00 DNp01 0.00 pC1 0.00 pIP10 0.00 HS R/L 0.00/0.00
item 6 shuffled trial 23 cva            6.3s  DNp09 0.00 MDN 0.00 DNp01 0.00 pC1 0.00 pIP10 0.00 HS R/L 0.56/0.00
item 6 shuffled trial 23 none           6.2s  DNp09 0.00 MDN 0.00 DNp01 0.00 pC1 0.00 pIP10 0.00 HS R/L 0.00/0.00
item 6 shuffled trial 24 female_taste   6.4s  DNp09 0.00 MDN 0.00 DNp01 0.00 pC1 0.00 pIP10 0.00 HS R/L 0.00/0.00
item 6 shuffled trial 24 cva            6.4s  DNp09 0.00 MDN 0.00 DNp01 0.00 pC1 0.26 pIP10 0.00 HS R/L 0.00/0.00
item 6 shuffled trial 24 none           6.3s  DNp09 0.00 MDN 0.00 DNp01 0.00 pC1 0.00 pIP10 0.00 HS R/L 0.00/0.00
item 6 shuffled trial 25 female_taste   6.3s  DNp09 0.00 MDN 0.00 DNp01 0.00 pC1 0.00 pIP10 0.00 HS R/L 0.00/0.00
item 6 shuffled trial 25 cva            6.3s  DNp09 0.00 MDN 0.00 DNp01 4.17 pC1 0.04 pIP10 0.00 HS R/L 0.00/0.56
item 6 shuffled trial 25 none           6.2s  DNp09 0.00 MDN 0.00 DNp01 0.00 pC1 0.00 pIP10 0.00 HS R/L 0.00/0.00
item 6 shuffled trial 26 female_taste   6.3s  DNp09 0.00 MDN 0.00 DNp01 0.00 pC1 0.01 pIP10 0.00 HS R/L 0.00/0.00
item 6 shuffled trial 26 cva            6.3s  DNp09 141.67 MDN 112.08 DNp01 156.67 pC1 92.04 pIP10 145.00 HS R/L 78.89/102.22
item 6 shuffled trial 26 none           6.2s  DNp09 0.00 MDN 0.00 DNp01 0.00 pC1 0.00 pIP10 0.00 HS R/L 0.00/0.00
item 6 shuffled trial 27 female_taste   6.3s  DNp09 0.00 MDN 0.83 DNp01 0.00 pC1 0.00 pIP10 0.00 HS R/L 0.00/0.00
item 6 shuffled trial 27 cva            6.3s  DNp09 0.00 MDN 0.00 DNp01 0.00 pC1 0.04 pIP10 0.00 HS R/L 0.00/0.56
item 6 shuffled trial 27 none           6.2s  DNp09 0.00 MDN 0.00 DNp01 0.00 pC1 0.00 pIP10 0.00 HS R/L 0.00/0.00
item 6 shuffled trial 28 female_taste   6.3s  DNp09 0.00 MDN 0.00 DNp01 0.00 pC1 0.00 pIP10 0.00 HS R/L 0.00/0.00
item 6 shuffled trial 28 cva            6.3s  DNp09 0.00 MDN 0.00 DNp01 0.00 pC1 0.01 pIP10 0.00 HS R/L 0.56/0.00
item 6 shuffled trial 28 none           6.1s  DNp09 0.00 MDN 0.00 DNp01 0.00 pC1 0.00 pIP10 0.00 HS R/L 0.00/0.00
item 6 shuffled trial 29 female_taste   6.4s  DNp09 93.33 MDN 74.17 DNp01 5.00 pC1 55.51 pIP10 83.33 HS R/L 90.00/101.67
item 6 shuffled trial 29 cva            6.4s  DNp09 157.50 MDN 120.42 DNp01 5.83 pC1 97.07 pIP10 160.83 HS R/L 165.56/184.44
item 6 shuffled trial 29 none           6.1s  DNp09 0.00 MDN 0.00 DNp01 0.00 pC1 0.00 pIP10 0.00 HS R/L 0.00/0.00
  jitter trial 0 j=1: wscale 0.1733 probe 12.782 (target 13.609) in 6 iters
item 6 random   trial 0 female_taste   6.4s  DNp09 25.83 MDN 13.75 DNp01 29.17 pC1 2.77 pIP10 40.00 HS R/L 58.33/0.00
item 6 random   trial 0 cva            6.4s  DNp09 97.50 MDN 92.92 DNp01 129.17 pC1 22.85 pIP10 138.33 HS R/L 129.44/0.00
item 6 random   trial 0 none           6.3s  DNp09 0.00 MDN 0.00 DNp01 0.00 pC1 0.00 pIP10 0.00 HS R/L 0.00/0.00
  jitter trial 0 j=1.41: wscale 0.1733 probe 13.055 (target 13.609) in 6 iters
item 6 random   trial 0 female_taste   6.4s  DNp09 6.67 MDN 0.83 DNp01 5.83 pC1 0.58 pIP10 5.00 HS R/L 16.11/0.00
item 6 random   trial 0 cva            6.4s  DNp09 105.83 MDN 105.00 DNp01 124.17 pC1 24.04 pIP10 135.00 HS R/L 129.44/0.00
item 6 random   trial 0 none           6.3s  DNp09 0.00 MDN 0.00 DNp01 0.00 pC1 0.00 pIP10 0.00 HS R/L 0.00/0.00
  jitter trial 0 j=2: wscale 0.1733 probe 14.247 (target 13.609) in 6 iters
item 6 random   trial 0 female_taste   6.6s  DNp09 12.50 MDN 5.42 DNp01 9.17 pC1 0.88 pIP10 5.00 HS R/L 16.67/0.00
item 6 random   trial 0 cva            6.7s  DNp09 112.50 MDN 116.25 DNp01 115.83 pC1 28.35 pIP10 135.00 HS R/L 130.56/0.00
item 6 random   trial 0 none           6.4s  DNp09 0.00 MDN 0.00 DNp01 0.00 pC1 0.00 pIP10 0.00 HS R/L 0.00/0.00
  jitter trial 0 j=2.83: wscale 0.1521 probe 11.825 (target 13.609) in 4 iters
item 6 random   trial 0 female_taste   6.3s  DNp09 0.00 MDN 0.00 DNp01 0.00 pC1 0.00 pIP10 0.00 HS R/L 0.00/0.00
item 6 random   trial 0 cva            6.3s  DNp09 71.67 MDN 97.92 DNp01 77.50 pC1 18.75 pIP10 105.83 HS R/L 106.11/0.00
item 6 random   trial 0 none           6.2s  DNp09 0.00 MDN 0.00 DNp01 0.00 pC1 0.00 pIP10 0.00 HS R/L 0.00/0.00
  jitter trial 0 j=4: wscale 0.1521 probe 14.339 (target 13.609) in 4 iters
item 6 random   trial 0 female_taste   6.4s  DNp09 41.67 MDN 67.50 DNp01 48.33 pC1 10.22 pIP10 43.33 HS R/L 78.89/0.00
item 6 random   trial 0 cva            6.4s  DNp09 75.00 MDN 108.33 DNp01 77.50 pC1 26.72 pIP10 96.67 HS R/L 110.00/0.00
item 6 random   trial 0 none           6.3s  DNp09 0.00 MDN 0.00 DNp01 0.00 pC1 0.00 pIP10 0.00 HS R/L 0.00/0.00
  jitter trial 1 j=1: wscale 0.0744 probe 14.346 (target 13.609) in 5 iters
item 6 random   trial 1 female_taste   6.5s  DNp09 0.00 MDN 0.00 DNp01 0.00 pC1 0.00 pIP10 0.00 HS R/L 0.00/0.00
item 6 random   trial 1 cva            6.4s  DNp09 115.00 MDN 97.08 DNp01 117.50 pC1 16.57 pIP10 96.67 HS R/L 121.11/0.00
item 6 random   trial 1 none           6.3s  DNp09 0.00 MDN 0.00 DNp01 0.00 pC1 0.00 pIP10 0.00 HS R/L 0.00/0.00
  jitter trial 1 j=1.41: wscale 0.0744 probe 14.745 (target 13.609) in 5 iters
item 6 random   trial 1 female_taste   6.4s  DNp09 0.00 MDN 0.00 DNp01 0.00 pC1 0.00 pIP10 0.00 HS R/L 0.00/0.00
item 6 random   trial 1 cva            6.6s  DNp09 130.00 MDN 114.58 DNp01 130.83 pC1 20.06 pIP10 109.17 HS R/L 135.00/0.00
item 6 random   trial 1 none           6.3s  DNp09 0.00 MDN 0.00 DNp01 0.00 pC1 0.00 pIP10 0.00 HS R/L 0.00/0.00
  jitter trial 1 j=2: wscale 0.0744 probe 15.803 (target 13.609) in 5 iters
item 6 random   trial 1 female_taste   7.5s  DNp09 125.00 MDN 104.17 DNp01 125.83 pC1 18.40 pIP10 85.00 HS R/L 113.33/0.00
item 6 random   trial 1 cva            8.3s  DNp09 139.17 MDN 128.75 DNp01 140.83 pC1 25.41 pIP10 111.67 HS R/L 141.67/0.00
item 6 random   trial 1 none           8.0s  DNp09 0.00 MDN 0.00 DNp01 0.00 pC1 0.00 pIP10 0.00 HS R/L 0.00/0.00
  jitter trial 1 j=2.83: wscale 0.0653 probe 13.155 (target 13.609) in 6 iters
item 6 random   trial 1 female_taste   8.3s  DNp09 130.00 MDN 100.00 DNp01 124.17 pC1 13.04 pIP10 46.67 HS R/L 121.67/0.00
item 6 random   trial 1 cva            8.5s  DNp09 137.50 MDN 115.00 DNp01 134.17 pC1 16.31 pIP10 60.83 HS R/L 137.22/0.00
item 6 random   trial 1 none           8.3s  DNp09 0.00 MDN 0.00 DNp01 0.00 pC1 0.00 pIP10 0.00 HS R/L 0.00/0.00
  jitter trial 1 j=4: wscale 0.0573 probe 11.580 (target 13.609) in 3 iters
item 6 random   trial 1 female_taste   8.4s  DNp09 116.67 MDN 95.83 DNp01 100.83 pC1 10.80 pIP10 19.17 HS R/L 125.56/0.00
item 6 random   trial 1 cva            8.2s  DNp09 124.17 MDN 107.92 DNp01 108.33 pC1 12.34 pIP10 23.33 HS R/L 137.22/0.00
item 6 random   trial 1 none           8.0s  DNp09 0.00 MDN 0.00 DNp01 0.00 pC1 0.00 pIP10 0.00 HS R/L 0.00/0.00
  jitter trial 2 j=1: wscale 2.4640 probe 14.774 (target 13.609) in 5 iters
item 6 random   trial 2 female_taste   8.2s  DNp09 115.83 MDN 106.25 DNp01 120.00 pC1 40.57 pIP10 115.00 HS R/L 115.00/115.00
item 6 random   trial 2 cva            8.3s  DNp09 133.33 MDN 126.25 DNp01 138.33 pC1 49.36 pIP10 137.50 HS R/L 131.67/133.33
item 6 random   trial 2 none           8.1s  DNp09 0.00 MDN 0.00 DNp01 0.00 pC1 0.00 pIP10 0.00 HS R/L 0.00/0.00
  jitter trial 2 j=1.41: wscale 2.4640 probe 14.983 (target 13.609) in 5 iters
item 6 random   trial 2 female_taste   8.4s  DNp09 130.00 MDN 110.83 DNp01 135.83 pC1 47.86 pIP10 129.17 HS R/L 130.00/130.00
item 6 random   trial 2 cva            8.3s  DNp09 134.17 MDN 117.50 DNp01 140.00 pC1 52.35 pIP10 137.50 HS R/L 135.00/136.67
item 6 random   trial 2 none           8.1s  DNp09 0.00 MDN 0.00 DNp01 0.00 pC1 0.00 pIP10 0.00 HS R/L 0.00/0.00
  jitter trial 2 j=2: wscale 2.4640 probe 15.709 (target 13.609) in 5 iters
item 6 random   trial 2 female_taste   8.3s  DNp09 138.33 MDN 107.92 DNp01 145.83 pC1 54.62 pIP10 137.50 HS R/L 138.33/140.00
item 6 random   trial 2 cva            8.2s  DNp09 137.50 MDN 107.92 DNp01 142.50 pC1 56.00 pIP10 139.17 HS R/L 136.67/140.00
item 6 random   trial 2 none           8.1s  DNp09 0.00 MDN 0.00 DNp01 0.00 pC1 0.00 pIP10 0.00 HS R/L 0.00/0.00
  jitter trial 2 j=2.83: wscale 1.9000 probe 10.513 (target 13.609) in 4 iters
item 6 random   trial 2 female_taste   8.3s  DNp09 95.83 MDN 59.58 DNp01 142.50 pC1 27.18 pIP10 110.00 HS R/L 131.11/136.67
item 6 random   trial 2 cva            8.3s  DNp09 94.17 MDN 59.17 DNp01 135.83 pC1 27.79 pIP10 108.33 HS R/L 131.11/136.67
item 6 random   trial 2 none           8.1s  DNp09 0.00 MDN 0.00 DNp01 0.00 pC1 0.00 pIP10 0.00 HS R/L 0.00/0.00
  jitter trial 2 j=4: wscale 1.9000 probe 12.035 (target 13.609) in 4 iters
item 6 random   trial 2 female_taste   8.3s  DNp09 90.83 MDN 60.00 DNp01 150.00 pC1 35.37 pIP10 111.67 HS R/L 137.22/145.00
item 6 random   trial 2 cva            8.3s  DNp09 88.33 MDN 56.25 DNp01 141.67 pC1 35.71 pIP10 107.50 HS R/L 133.33/143.33
item 6 random   trial 2 none           8.1s  DNp09 0.00 MDN 0.00 DNp01 0.00 pC1 0.00 pIP10 0.00 HS R/L 0.00/0.00
  jitter trial 3 j=1: wscale 0.8508 probe 11.613 (target 13.609) in 5 iters
item 6 random   trial 3 female_taste   8.2s  DNp09 154.17 MDN 111.25 DNp01 168.33 pC1 38.27 pIP10 31.67 HS R/L 146.67/0.00
item 6 random   trial 3 cva            8.2s  DNp09 112.50 MDN 92.50 DNp01 125.83 pC1 20.43 pIP10 20.83 HS R/L 125.00/0.00
item 6 random   trial 3 none           8.0s  DNp09 0.00 MDN 0.00 DNp01 0.00 pC1 0.00 pIP10 0.00 HS R/L 0.00/0.00
  jitter trial 3 j=1.41: wscale 0.8508 probe 12.186 (target 13.609) in 5 iters
item 6 random   trial 3 female_taste   8.2s  DNp09 159.17 MDN 122.92 DNp01 171.67 pC1 43.95 pIP10 50.83 HS R/L 153.33/0.00
item 6 random   trial 3 cva            8.2s  DNp09 116.67 MDN 104.17 DNp01 129.17 pC1 25.76 pIP10 39.17 HS R/L 118.33/0.00
item 6 random   trial 3 none           8.0s  DNp09 0.00 MDN 0.00 DNp01 0.00 pC1 0.00 pIP10 0.00 HS R/L 0.00/0.00
  jitter trial 3 j=2: wscale 0.8508 probe 13.621 (target 13.609) in 5 iters
item 6 random   trial 3 female_taste   8.3s  DNp09 164.17 MDN 127.92 DNp01 174.17 pC1 51.39 pIP10 88.33 HS R/L 157.78/0.00
item 6 random   trial 3 cva            8.2s  DNp09 129.17 MDN 115.00 DNp01 140.83 pC1 34.68 pIP10 74.17 HS R/L 124.44/0.00
item 6 random   trial 3 none           8.1s  DNp09 0.00 MDN 0.00 DNp01 0.00 pC1 0.00 pIP10 0.00 HS R/L 0.00/0.00
  jitter trial 3 j=2.83: wscale 0.8508 probe 15.324 (target 13.609) in 5 iters
item 6 random   trial 3 female_taste   8.8s  DNp09 170.00 MDN 130.83 DNp01 178.33 pC1 58.59 pIP10 120.00 HS R/L 161.11/0.00
item 6 random   trial 3 cva            8.7s  DNp09 141.67 MDN 121.67 DNp01 153.33 pC1 44.98 pIP10 108.33 HS R/L 132.78/0.00
item 6 random   trial 3 none           8.6s  DNp09 0.00 MDN 0.00 DNp01 0.00 pC1 0.00 pIP10 0.00 HS R/L 0.00/0.00
  jitter trial 3 j=4: wscale 0.6561 probe 10.339 (target 13.609) in 1 iters
item 6 random   trial 3 female_taste   8.4s  DNp09 157.50 MDN 112.92 DNp01 175.00 pC1 36.96 pIP10 67.50 HS R/L 138.89/0.00
item 6 random   trial 3 cva            8.6s  DNp09 116.67 MDN 90.83 DNp01 139.17 pC1 24.37 pIP10 56.67 HS R/L 104.44/0.00
item 6 random   trial 3 none           8.1s  DNp09 0.00 MDN 0.00 DNp01 0.00 pC1 0.00 pIP10 0.00 HS R/L 0.00/0.00
  jitter trial 4 j=1: wscale 0.4106 probe 11.416 (target 13.609) in 5 iters
item 6 random   trial 4 female_taste  13.1s  DNp09 36.67 MDN 67.50 DNp01 94.17 pC1 8.87 pIP10 17.50 HS R/L 71.67/56.67
item 6 random   trial 4 cva           10.2s  DNp09 81.67 MDN 127.92 DNp01 146.67 pC1 27.52 pIP10 60.00 HS R/L 11.11/90.56
item 6 random   trial 4 none           8.1s  DNp09 0.00 MDN 0.00 DNp01 0.00 pC1 0.00 pIP10 0.00 HS R/L 0.00/0.00
  jitter trial 4 j=1.41: wscale 0.4106 probe 12.230 (target 13.609) in 5 iters
item 6 random   trial 4 female_taste  19.2s  DNp09 106.67 MDN 154.58 DNp01 178.33 pC1 31.16 pIP10 74.17 HS R/L 153.33/83.89
item 6 random   trial 4 cva           13.0s  DNp09 93.33 MDN 140.42 DNp01 159.17 pC1 30.51 pIP10 70.00 HS R/L 148.33/80.56
item 6 random   trial 4 none          11.6s  DNp09 0.00 MDN 0.00 DNp01 0.00 pC1 0.00 pIP10 0.00 HS R/L 0.00/0.00
  jitter trial 4 j=2: wscale 0.4106 probe 13.787 (target 13.609) in 5 iters
item 6 random   trial 4 female_taste  16.0s  DNp09 125.83 MDN 175.00 DNp01 196.67 pC1 44.49 pIP10 102.50 HS R/L 176.67/76.11
item 6 random   trial 4 cva           10.6s  DNp09 112.50 MDN 161.25 DNp01 175.83 pC1 43.30 pIP10 97.50 HS R/L 161.67/65.00
item 6 random   trial 4 none          10.6s  DNp09 0.00 MDN 0.00 DNp01 0.00 pC1 0.00 pIP10 0.00 HS R/L 0.00/0.00
  jitter trial 4 j=2.83: wscale 0.4106 probe 15.636 (target 13.609) in 5 iters
item 6 random   trial 4 female_taste  16.9s  DNp09 151.67 MDN 156.67 DNp01 201.67 pC1 56.21 pIP10 111.67 HS R/L 182.78/44.44
item 6 random   trial 4 cva           13.3s  DNp09 135.00 MDN 149.17 DNp01 185.83 pC1 55.41 pIP10 109.17 HS R/L 173.33/45.56
item 6 random   trial 4 none          12.0s  DNp09 0.00 MDN 0.00 DNp01 0.00 pC1 0.00 pIP10 0.00 HS R/L 0.00/0.00
  jitter trial 4 j=4: wscale 0.3606 probe 13.401 (target 13.609) in 6 iters
item 6 random   trial 4 female_taste  16.7s  DNp09 130.83 MDN 115.42 DNp01 197.50 pC1 45.67 pIP10 90.83 HS R/L 152.78/15.56
item 6 random   trial 4 cva           19.9s  DNp09 120.00 MDN 110.42 DNp01 180.00 pC1 44.11 pIP10 87.50 HS R/L 150.00/15.56
item 6 random   trial 4 none          14.7s  DNp09 0.00 MDN 0.00 DNp01 0.00 pC1 0.00 pIP10 0.00 HS R/L 0.00/0.00
  jitter trial 5 j=1: wscale 0.2919 probe 13.226 (target 13.609) in 1 iters
item 6 random   trial 5 female_taste  10.4s  DNp09 0.00 MDN 0.00 DNp01 50.00 pC1 0.00 pIP10 0.00 HS R/L 0.00/0.00
item 6 random   trial 5 cva           19.4s  DNp09 95.00 MDN 93.75 DNp01 116.67 pC1 23.96 pIP10 111.67 HS R/L 0.00/86.67
item 6 random   trial 5 none          13.3s  DNp09 0.00 MDN 0.00 DNp01 0.00 pC1 0.00 pIP10 0.00 HS R/L 0.00/0.00
  jitter trial 5 j=1.41: wscale 0.2919 probe 13.690 (target 13.609) in 1 iters
item 6 random   trial 5 female_taste  12.8s  DNp09 0.00 MDN 0.00 DNp01 41.67 pC1 0.01 pIP10 0.00 HS R/L 0.00/0.00
item 6 random   trial 5 cva           13.6s  DNp09 98.33 MDN 98.75 DNp01 115.00 pC1 26.45 pIP10 116.67 HS R/L 0.00/93.33
item 6 random   trial 5 none          12.6s  DNp09 0.00 MDN 0.00 DNp01 0.00 pC1 0.00 pIP10 0.00 HS R/L 0.00/0.00
  jitter trial 5 j=2: wscale 0.2919 probe 15.130 (target 13.609) in 1 iters
item 6 random   trial 5 female_taste  13.6s  DNp09 12.50 MDN 8.75 DNp01 80.00 pC1 0.50 pIP10 20.00 HS R/L 0.00/8.33
item 6 random   trial 5 cva           12.9s  DNp09 106.67 MDN 107.92 DNp01 119.17 pC1 32.54 pIP10 124.17 HS R/L 0.00/105.00
item 6 random   trial 5 none          13.3s  DNp09 0.00 MDN 0.00 DNp01 0.00 pC1 0.00 pIP10 0.00 HS R/L 0.00/0.00
  jitter trial 5 j=2.83: wscale 0.2564 probe 12.671 (target 13.609) in 6 iters
item 6 random   trial 5 female_taste  13.5s  DNp09 37.50 MDN 41.67 DNp01 81.67 pC1 5.33 pIP10 62.50 HS R/L 0.00/46.67
item 6 random   trial 5 cva           13.0s  DNp09 103.33 MDN 106.67 DNp01 114.17 pC1 26.90 pIP10 124.17 HS R/L 0.00/108.33
item 6 random   trial 5 none          13.5s  DNp09 0.00 MDN 0.00 DNp01 0.00 pC1 0.00 pIP10 0.00 HS R/L 0.00/0.00
  jitter trial 5 j=4: wscale 0.2251 probe 11.512 (target 13.609) in 5 iters
item 6 random   trial 5 female_taste  13.8s  DNp09 43.33 MDN 46.67 DNp01 74.17 pC1 6.91 pIP10 76.67 HS R/L 0.00/51.67
item 6 random   trial 5 cva           13.5s  DNp09 103.33 MDN 108.75 DNp01 107.50 pC1 24.50 pIP10 124.17 HS R/L 0.00/110.00
item 6 random   trial 5 none          13.3s  DNp09 0.00 MDN 0.00 DNp01 0.00 pC1 0.00 pIP10 0.00 HS R/L 0.00/0.00
  jitter trial 6 j=1: wscale 0.0661 probe 12.436 (target 13.609) in 4 iters
item 6 random   trial 6 female_taste  13.5s  DNp09 55.83 MDN 44.58 DNp01 105.00 pC1 9.11 pIP10 46.67 HS R/L 13.89/36.67
item 6 random   trial 6 cva           13.7s  DNp09 93.33 MDN 92.08 DNp01 123.33 pC1 24.95 pIP10 85.00 HS R/L 19.44/86.67
item 6 random   trial 6 none          13.5s  DNp09 0.00 MDN 0.00 DNp01 0.00 pC1 0.00 pIP10 0.00 HS R/L 0.00/0.00
  jitter trial 6 j=1.41: wscale 0.0661 probe 12.538 (target 13.609) in 4 iters
item 6 random   trial 6 female_taste  14.1s  DNp09 80.00 MDN 62.08 DNp01 127.50 pC1 14.10 pIP10 66.67 HS R/L 10.00/56.67
item 6 random   trial 6 cva           13.4s  DNp09 97.50 MDN 103.75 DNp01 128.33 pC1 32.74 pIP10 93.33 HS R/L 4.44/82.22
item 6 random   trial 6 none          14.0s  DNp09 0.00 MDN 0.00 DNp01 0.00 pC1 0.00 pIP10 0.00 HS R/L 0.00/0.00
  jitter trial 6 j=2: wscale 0.0661 probe 13.147 (target 13.609) in 4 iters
item 6 random   trial 6 female_taste  13.5s  DNp09 109.17 MDN 90.83 DNp01 137.50 pC1 30.15 pIP10 99.17 HS R/L 5.00/88.89
item 6 random   trial 6 cva           14.5s  DNp09 102.50 MDN 110.00 DNp01 132.50 pC1 35.93 pIP10 100.83 HS R/L 3.33/76.67
item 6 random   trial 6 none          14.1s  DNp09 0.00 MDN 0.00 DNp01 0.00 pC1 0.00 pIP10 0.00 HS R/L 0.00/0.00
  jitter trial 6 j=2.83: wscale 0.0661 probe 14.318 (target 13.609) in 4 iters
item 6 random   trial 6 female_taste  14.7s  DNp09 115.83 MDN 94.58 DNp01 140.83 pC1 38.12 pIP10 110.83 HS R/L 1.11/98.33
item 6 random   trial 6 cva           14.9s  DNp09 108.33 MDN 109.17 DNp01 135.00 pC1 40.93 pIP10 106.67 HS R/L 1.11/123.89
item 6 random   trial 6 none          13.5s  DNp09 0.00 MDN 0.00 DNp01 0.00 pC1 0.00 pIP10 0.00 HS R/L 0.00/0.00
  jitter trial 6 j=4: wscale 0.0661 probe 15.788 (target 13.609) in 4 iters
item 6 random   trial 6 female_taste  15.0s  DNp09 121.67 MDN 95.00 DNp01 143.33 pC1 44.18 pIP10 115.83 HS R/L 2.78/103.33
item 6 random   trial 6 cva           14.9s  DNp09 115.83 MDN 107.08 DNp01 138.33 pC1 46.01 pIP10 112.50 HS R/L 2.78/124.44
item 6 random   trial 6 none          13.7s  DNp09 0.00 MDN 0.00 DNp01 0.00 pC1 0.00 pIP10 0.00 HS R/L 0.00/0.00
  jitter trial 7 j=1: wscale 1.1964 probe 16.786 (target 13.609) in 1 iters
item 6 random   trial 7 female_taste  15.3s  DNp09 79.17 MDN 90.83 DNp01 130.00 pC1 9.18 pIP10 25.83 HS R/L 100.00/0.00
item 6 random   trial 7 cva           15.6s  DNp09 278.33 MDN 297.92 DNp01 305.00 pC1 42.24 pIP10 125.83 HS R/L 285.00/0.00
item 6 random   trial 7 none          13.9s  DNp09 0.00 MDN 0.00 DNp01 0.00 pC1 0.00 pIP10 0.00 HS R/L 0.00/0.00
  jitter trial 7 j=1.41: wscale 1.1964 probe 16.434 (target 13.609) in 1 iters
item 6 random   trial 7 female_taste  15.5s  DNp09 109.17 MDN 117.50 DNp01 156.67 pC1 14.42 pIP10 47.50 HS R/L 128.33/0.00
item 6 random   trial 7 cva           15.3s  DNp09 279.17 MDN 299.58 DNp01 302.50 pC1 42.35 pIP10 141.67 HS R/L 283.33/0.00
item 6 random   trial 7 none          14.4s  DNp09 0.00 MDN 0.00 DNp01 0.00 pC1 0.00 pIP10 0.00 HS R/L 0.00/0.00
  jitter trial 7 j=2: wscale 1.1211 probe 14.366 (target 13.609) in 7 iters
item 6 random   trial 7 female_taste  15.6s  DNp09 193.33 MDN 229.58 DNp01 275.00 pC1 26.29 pIP10 87.50 HS R/L 246.11/0.00
item 6 random   trial 7 cva           15.6s  DNp09 242.50 MDN 299.58 DNp01 301.67 pC1 33.94 pIP10 111.67 HS R/L 278.33/0.00
item 6 random   trial 7 none          14.3s  DNp09 0.00 MDN 0.00 DNp01 0.00 pC1 0.00 pIP10 0.00 HS R/L 0.00/0.00
  jitter trial 7 j=2.83: wscale 1.0506 probe 13.735 (target 13.609) in 6 iters
item 6 random   trial 7 female_taste  15.8s  DNp09 178.33 MDN 266.67 DNp01 305.00 pC1 30.27 pIP10 91.67 HS R/L 285.00/0.00
item 6 random   trial 7 cva           15.7s  DNp09 172.50 MDN 298.75 DNp01 306.67 pC1 32.44 pIP10 96.67 HS R/L 281.11/0.00
item 6 random   trial 7 none          14.5s  DNp09 0.00 MDN 0.00 DNp01 0.00 pC1 0.00 pIP10 0.00 HS R/L 0.00/0.00
  jitter trial 7 j=4: wscale 0.9226 probe 10.414 (target 13.609) in 5 iters
item 6 random   trial 7 female_taste  16.0s  DNp09 22.50 MDN 185.42 DNp01 244.17 pC1 14.76 pIP10 49.17 HS R/L 188.89/0.00
item 6 random   trial 7 cva           15.3s  DNp09 25.83 MDN 265.83 DNp01 300.83 pC1 20.32 pIP10 73.33 HS R/L 271.11/0.00
item 6 random   trial 7 none          14.6s  DNp09 0.00 MDN 0.00 DNp01 0.00 pC1 0.00 pIP10 0.00 HS R/L 0.00/0.00
  jitter trial 8 j=1: wscale 0.1541 probe 12.342 (target 13.609) in 6 iters
item 6 random   trial 8 female_taste  15.8s  DNp09 0.00 MDN 0.00 DNp01 0.00 pC1 0.00 pIP10 0.00 HS R/L 0.00/0.00
item 6 random   trial 8 cva           15.4s  DNp09 0.00 MDN 0.83 DNp01 0.00 pC1 0.00 pIP10 0.00 HS R/L 0.00/0.00
item 6 random   trial 8 none          14.5s  DNp09 0.00 MDN 0.00 DNp01 0.00 pC1 0.00 pIP10 0.00 HS R/L 0.00/0.00
  jitter trial 8 j=1.41: wscale 0.1541 probe 12.932 (target 13.609) in 6 iters
item 6 random   trial 8 female_taste  15.7s  DNp09 0.00 MDN 0.00 DNp01 0.00 pC1 0.00 pIP10 0.00 HS R/L 0.00/0.00
item 6 random   trial 8 cva           15.0s  DNp09 2.50 MDN 49.17 DNp01 5.83 pC1 0.13 pIP10 15.00 HS R/L 6.67/0.00
item 6 random   trial 8 none          15.4s  DNp09 0.00 MDN 0.00 DNp01 0.00 pC1 0.00 pIP10 0.00 HS R/L 0.00/0.00
  jitter trial 8 j=2: wscale 0.1541 probe 15.299 (target 13.609) in 6 iters
item 6 random   trial 8 female_taste  14.7s  DNp09 0.00 MDN 0.00 DNp01 0.00 pC1 0.00 pIP10 0.00 HS R/L 0.00/0.00
item 6 random   trial 8 cva           15.7s  DNp09 108.33 MDN 125.00 DNp01 118.33 pC1 26.12 pIP10 116.67 HS R/L 96.11/0.00
item 6 random   trial 8 none          15.2s  DNp09 0.00 MDN 0.00 DNp01 0.00 pC1 0.00 pIP10 0.00 HS R/L 0.00/0.00
  jitter trial 8 j=2.83: wscale 0.1354 probe 11.863 (target 13.609) in 4 iters
item 6 random   trial 8 female_taste  15.3s  DNp09 0.00 MDN 0.00 DNp01 0.00 pC1 0.00 pIP10 0.00 HS R/L 0.00/0.00
item 6 random   trial 8 cva           15.2s  DNp09 140.83 MDN 131.25 DNp01 155.00 pC1 22.41 pIP10 138.33 HS R/L 0.00/0.00
item 6 random   trial 8 none          14.0s  DNp09 0.00 MDN 0.00 DNp01 0.00 pC1 0.00 pIP10 0.00 HS R/L 0.00/0.00
  jitter trial 8 j=4: wscale 0.1354 probe 15.206 (target 13.609) in 4 iters
item 6 random   trial 8 female_taste  14.7s  DNp09 130.00 MDN 119.17 DNp01 145.83 pC1 32.15 pIP10 135.83 HS R/L 63.33/0.00
item 6 random   trial 8 cva           14.2s  DNp09 169.17 MDN 145.42 DNp01 180.00 pC1 56.54 pIP10 173.33 HS R/L 133.33/0.00
item 6 random   trial 8 none          13.8s  DNp09 0.00 MDN 0.00 DNp01 0.00 pC1 0.00 pIP10 0.00 HS R/L 0.00/0.00
  jitter trial 9 j=1: wscale 0.3311 probe 13.344 (target 13.609) in 5 iters
item 6 random   trial 9 female_taste  13.4s  DNp09 139.17 MDN 137.08 DNp01 185.83 pC1 29.60 pIP10 136.67 HS R/L 2.78/0.00
item 6 random   trial 9 cva           13.6s  DNp09 47.50 MDN 97.92 DNp01 92.50 pC1 7.30 pIP10 65.83 HS R/L 0.56/0.00
item 6 random   trial 9 none          13.1s  DNp09 0.00 MDN 0.00 DNp01 0.00 pC1 0.00 pIP10 0.00 HS R/L 0.00/0.00
  jitter trial 9 j=1.41: wscale 0.3311 probe 13.437 (target 13.609) in 5 iters
item 6 random   trial 9 female_taste  13.3s  DNp09 143.33 MDN 144.17 DNp01 190.00 pC1 35.46 pIP10 140.83 HS R/L 5.00/0.00
item 6 random   trial 9 cva           13.1s  DNp09 84.17 MDN 117.92 DNp01 129.17 pC1 17.44 pIP10 95.00 HS R/L 1.67/0.00
item 6 random   trial 9 none          12.8s  DNp09 0.00 MDN 0.00 DNp01 0.00 pC1 0.00 pIP10 0.00 HS R/L 0.00/0.00
  jitter trial 9 j=2: wscale 0.3311 probe 15.484 (target 13.609) in 5 iters
item 6 random   trial 9 female_taste  13.2s  DNp09 155.00 MDN 145.83 DNp01 198.33 pC1 47.17 pIP10 153.33 HS R/L 74.44/0.56
item 6 random   trial 9 cva           11.8s  DNp09 127.50 MDN 142.08 DNp01 168.33 pC1 35.30 pIP10 135.83 HS R/L 49.44/0.00
item 6 random   trial 9 none          10.3s  DNp09 0.00 MDN 0.00 DNp01 0.00 pC1 0.00 pIP10 0.00 HS R/L 0.00/0.00
  jitter trial 9 j=2.83: wscale 0.2907 probe 12.781 (target 13.609) in 6 iters
item 6 random   trial 9 female_taste   9.7s  DNp09 118.33 MDN 118.75 DNp01 194.17 pC1 34.89 pIP10 140.00 HS R/L 4.44/1.11
item 6 random   trial 9 cva            9.6s  DNp09 100.00 MDN 115.83 DNp01 170.83 pC1 27.45 pIP10 120.83 HS R/L 3.33/1.11
item 6 random   trial 9 none           9.5s  DNp09 0.00 MDN 0.00 DNp01 0.00 pC1 0.00 pIP10 0.00 HS R/L 0.00/0.00
  jitter trial 9 j=4: wscale 0.2553 probe 11.239 (target 13.609) in 2 iters
item 6 random   trial 9 female_taste   9.7s  DNp09 87.50 MDN 95.00 DNp01 175.00 pC1 31.05 pIP10 103.33 HS R/L 1.67/1.67
item 6 random   trial 9 cva            9.6s  DNp09 73.33 MDN 94.17 DNp01 158.33 pC1 24.53 pIP10 85.83 HS R/L 1.11/1.67
item 6 random   trial 9 none           9.5s  DNp09 0.00 MDN 0.00 DNp01 0.00 pC1 0.00 pIP10 0.00 HS R/L 0.00/0.00
  jitter trial 10 j=1: wscale 1.5162 probe 10.769 (target 13.609) in 5 iters
item 6 random   trial 10 female_taste   9.7s  DNp09 70.83 MDN 65.42 DNp01 132.50 pC1 14.58 pIP10 81.67 HS R/L 0.00/81.67
item 6 random   trial 10 cva            9.7s  DNp09 90.00 MDN 111.25 DNp01 139.17 pC1 22.59 pIP10 116.67 HS R/L 0.00/130.00
item 6 random   trial 10 none           9.5s  DNp09 0.00 MDN 0.00 DNp01 0.00 pC1 0.00 pIP10 0.00 HS R/L 0.00/0.00
  jitter trial 10 j=1.41: wscale 1.5162 probe 11.204 (target 13.609) in 5 iters
item 6 random   trial 10 female_taste   9.9s  DNp09 85.83 MDN 72.92 DNp01 131.67 pC1 20.16 pIP10 92.50 HS R/L 0.00/91.67
item 6 random   trial 10 cva            9.9s  DNp09 103.33 MDN 109.17 DNp01 150.00 pC1 27.46 pIP10 126.67 HS R/L 0.00/125.56
item 6 random   trial 10 none           9.7s  DNp09 0.00 MDN 0.00 DNp01 0.00 pC1 0.00 pIP10 0.00 HS R/L 0.00/0.00
  jitter trial 10 j=2: wscale 1.5162 probe 12.408 (target 13.609) in 5 iters
item 6 random   trial 10 female_taste  10.1s  DNp09 115.00 MDN 90.83 DNp01 142.50 pC1 33.76 pIP10 119.17 HS R/L 0.00/117.22
item 6 random   trial 10 cva            9.5s  DNp09 121.67 MDN 110.42 DNp01 162.50 pC1 39.22 pIP10 141.67 HS R/L 0.00/138.89
item 6 random   trial 10 none           9.7s  DNp09 0.00 MDN 0.00 DNp01 0.00 pC1 0.00 pIP10 0.00 HS R/L 0.00/0.00
  jitter trial 10 j=2.83: wscale 1.5162 probe 14.084 (target 13.609) in 5 iters
item 6 random   trial 10 female_taste   9.6s  DNp09 139.17 MDN 100.00 DNp01 153.33 pC1 50.67 pIP10 145.83 HS R/L 0.00/132.22
item 6 random   trial 10 cva            9.6s  DNp09 144.17 MDN 107.92 DNp01 170.00 pC1 54.54 pIP10 156.67 HS R/L 0.00/143.89
item 6 random   trial 10 none           9.4s  DNp09 0.00 MDN 0.00 DNp01 0.00 pC1 0.00 pIP10 0.00 HS R/L 0.00/0.00
  jitter trial 10 j=4: wscale 1.5162 probe 15.781 (target 13.609) in 5 iters
item 6 random   trial 10 female_taste   9.5s  DNp09 155.00 MDN 95.83 DNp01 159.17 pC1 63.60 pIP10 160.83 HS R/L 0.00/120.56
item 6 random   trial 10 cva            9.6s  DNp09 155.83 MDN 99.58 DNp01 170.00 pC1 65.57 pIP10 166.67 HS R/L 0.00/118.89
item 6 random   trial 10 none           9.5s  DNp09 0.00 MDN 0.00 DNp01 0.00 pC1 0.00 pIP10 0.00 HS R/L 0.00/0.00
  jitter trial 11 j=1: wscale 0.5023 probe 13.901 (target 13.609) in 5 iters
item 6 random   trial 11 female_taste   9.7s  DNp09 143.33 MDN 140.83 DNp01 128.33 pC1 40.89 pIP10 135.83 HS R/L 121.67/17.22
item 6 random   trial 11 cva            9.7s  DNp09 100.00 MDN 110.83 DNp01 75.00 pC1 16.78 pIP10 88.33 HS R/L 25.00/58.33
item 6 random   trial 11 none           9.5s  DNp09 0.00 MDN 0.00 DNp01 0.00 pC1 0.00 pIP10 0.00 HS R/L 0.00/0.00
  jitter trial 11 j=1.41: wscale 0.5023 probe 13.991 (target 13.609) in 5 iters
item 6 random   trial 11 female_taste   9.7s  DNp09 140.00 MDN 138.75 DNp01 118.33 pC1 40.27 pIP10 137.50 HS R/L 106.11/92.22
item 6 random   trial 11 cva            9.7s  DNp09 80.83 MDN 87.50 DNp01 60.00 pC1 11.69 pIP10 70.00 HS R/L 7.22/40.56
item 6 random   trial 11 none           9.5s  DNp09 0.00 MDN 0.00 DNp01 0.00 pC1 0.00 pIP10 0.00 HS R/L 0.00/0.00
  jitter trial 11 j=2: wscale 0.5023 probe 15.046 (target 13.609) in 5 iters
item 6 random   trial 11 female_taste   9.7s  DNp09 149.17 MDN 144.58 DNp01 125.00 pC1 42.95 pIP10 148.33 HS R/L 131.11/103.89
item 6 random   trial 11 cva            9.7s  DNp09 115.83 MDN 95.00 DNp01 92.50 pC1 21.30 pIP10 90.83 HS R/L 58.33/75.56
item 6 random   trial 11 none           9.5s  DNp09 0.00 MDN 0.00 DNp01 0.00 pC1 0.00 pIP10 0.00 HS R/L 0.00/0.00
  jitter trial 11 j=2.83: wscale 0.5023 probe 16.910 (target 13.609) in 5 iters
item 6 random   trial 11 female_taste   9.7s  DNp09 163.33 MDN 150.83 DNp01 137.50 pC1 49.62 pIP10 165.00 HS R/L 150.56/134.44
item 6 random   trial 11 cva            9.7s  DNp09 156.67 MDN 137.08 DNp01 131.67 pC1 38.45 pIP10 138.33 HS R/L 101.11/132.78
item 6 random   trial 11 none           9.5s  DNp09 0.00 MDN 0.00 DNp01 0.00 pC1 0.00 pIP10 0.00 HS R/L 0.00/0.00
  jitter trial 11 j=4: wscale 0.4411 probe 14.295 (target 13.609) in 6 iters
item 6 random   trial 11 female_taste   9.7s  DNp09 160.83 MDN 132.08 DNp01 124.17 pC1 39.41 pIP10 156.67 HS R/L 133.89/131.67
item 6 random   trial 11 cva            9.8s  DNp09 125.83 MDN 95.83 DNp01 85.00 pC1 21.90 pIP10 100.83 HS R/L 87.22/119.44
item 6 random   trial 11 none           9.5s  DNp09 0.00 MDN 0.00 DNp01 0.00 pC1 0.00 pIP10 0.00 HS R/L 0.00/0.00
  jitter trial 12 j=1: wscale 0.6498 probe 14.181 (target 13.609) in 4 iters
item 6 random   trial 12 female_taste   9.5s  DNp09 182.50 MDN 171.25 DNp01 174.17 pC1 83.12 pIP10 169.17 HS R/L 0.56/5.00
item 6 random   trial 12 cva            9.5s  DNp09 156.67 MDN 152.50 DNp01 145.83 pC1 66.84 pIP10 151.67 HS R/L 0.00/10.00
item 6 random   trial 12 none           9.4s  DNp09 0.00 MDN 0.00 DNp01 0.00 pC1 0.00 pIP10 0.00 HS R/L 0.00/0.00
  jitter trial 12 j=1.41: wscale 0.6498 probe 13.971 (target 13.609) in 4 iters
item 6 random   trial 12 female_taste   9.4s  DNp09 175.00 MDN 162.92 DNp01 167.50 pC1 74.62 pIP10 161.67 HS R/L 13.33/156.67
item 6 random   trial 12 cva            9.5s  DNp09 164.17 MDN 162.50 DNp01 157.50 pC1 71.28 pIP10 160.00 HS R/L 13.33/150.00
item 6 random   trial 12 none           9.4s  DNp09 0.00 MDN 0.00 DNp01 0.00 pC1 0.00 pIP10 0.00 HS R/L 0.00/0.00
  jitter trial 12 j=2: wscale 0.6498 probe 14.822 (target 13.609) in 4 iters
item 6 random   trial 12 female_taste   9.5s  DNp09 172.50 MDN 162.92 DNp01 162.50 pC1 76.84 pIP10 161.67 HS R/L 16.67/155.00
item 6 random   trial 12 cva            9.5s  DNp09 171.67 MDN 170.42 DNp01 160.00 pC1 77.88 pIP10 167.50 HS R/L 16.67/156.67
item 6 random   trial 12 none           9.4s  DNp09 0.00 MDN 0.00 DNp01 0.00 pC1 0.00 pIP10 0.00 HS R/L 0.00/0.00
  jitter trial 12 j=2.83: wscale 0.6498 probe 15.776 (target 13.609) in 4 iters
item 6 random   trial 12 female_taste   9.5s  DNp09 177.50 MDN 168.75 DNp01 158.33 pC1 79.07 pIP10 170.00 HS R/L 23.33/165.00
item 6 random   trial 12 cva            9.4s  DNp09 175.83 MDN 171.67 DNp01 151.67 pC1 78.78 pIP10 172.50 HS R/L 22.78/163.33
item 6 random   trial 12 none           9.4s  DNp09 0.00 MDN 0.00 DNp01 0.00 pC1 0.00 pIP10 0.00 HS R/L 0.00/0.00
  jitter trial 12 j=4: wscale 0.6498 probe 16.908 (target 13.609) in 4 iters
item 6 random   trial 12 female_taste   9.5s  DNp09 181.67 MDN 173.75 DNp01 130.83 pC1 83.17 pIP10 180.00 HS R/L 15.00/168.33
item 6 random   trial 12 cva            9.5s  DNp09 179.17 MDN 174.17 DNp01 127.50 pC1 81.98 pIP10 180.83 HS R/L 14.44/166.67
item 6 random   trial 12 none           9.4s  DNp09 0.00 MDN 0.00 DNp01 0.00 pC1 0.00 pIP10 0.00 HS R/L 0.00/0.00
  jitter trial 13 j=1: wscale 0.4733 probe 12.775 (target 13.609) in 4 iters
item 6 random   trial 13 female_taste   9.8s  DNp09 40.83 MDN 65.00 DNp01 74.17 pC1 22.36 pIP10 90.83 HS R/L 0.00/0.00
item 6 random   trial 13 cva            9.9s  DNp09 82.50 MDN 148.33 DNp01 143.33 pC1 15.77 pIP10 77.50 HS R/L 0.00/0.56
item 6 random   trial 13 none           9.6s  DNp09 0.00 MDN 0.00 DNp01 0.00 pC1 0.00 pIP10 0.00 HS R/L 0.00/0.00
  jitter trial 13 j=1.41: wscale 0.4733 probe 12.728 (target 13.609) in 4 iters
item 6 random   trial 13 female_taste   9.8s  DNp09 18.33 MDN 19.58 DNp01 29.17 pC1 7.82 pIP10 30.83 HS R/L 0.00/0.00
item 6 random   trial 13 cva            9.9s  DNp09 93.33 MDN 144.17 DNp01 143.33 pC1 12.69 pIP10 63.33 HS R/L 0.00/0.56
item 6 random   trial 13 none           9.7s  DNp09 0.00 MDN 0.00 DNp01 0.00 pC1 0.00 pIP10 0.00 HS R/L 0.00/0.00
  jitter trial 13 j=2: wscale 0.4733 probe 14.224 (target 13.609) in 4 iters
item 6 random   trial 13 female_taste   9.8s  DNp09 79.17 MDN 49.17 DNp01 125.00 pC1 7.56 pIP10 38.33 HS R/L 0.00/0.00
item 6 random   trial 13 cva            9.9s  DNp09 119.17 MDN 150.42 DNp01 158.33 pC1 14.74 pIP10 79.17 HS R/L 0.00/0.00
item 6 random   trial 13 none           9.6s  DNp09 0.00 MDN 0.00 DNp01 0.00 pC1 0.00 pIP10 0.00 HS R/L 0.00/0.00
  jitter trial 13 j=2.83: wscale 0.4156 probe 10.367 (target 13.609) in 6 iters
item 6 random   trial 13 female_taste   9.8s  DNp09 67.50 MDN 32.50 DNp01 98.33 pC1 2.44 pIP10 13.33 HS R/L 0.00/0.00
item 6 random   trial 13 cva            9.8s  DNp09 93.33 MDN 106.67 DNp01 121.67 pC1 7.39 pIP10 28.33 HS R/L 0.00/0.00
item 6 random   trial 13 none           9.7s  DNp09 0.00 MDN 0.00 DNp01 0.00 pC1 0.00 pIP10 0.00 HS R/L 0.00/0.00
  jitter trial 13 j=4: wscale 0.4156 probe 14.085 (target 13.609) in 6 iters
item 6 random   trial 13 female_taste   9.9s  DNp09 141.67 MDN 102.50 DNp01 201.67 pC1 14.54 pIP10 67.50 HS R/L 0.00/0.00
item 6 random   trial 13 cva            9.8s  DNp09 126.67 MDN 117.08 DNp01 171.67 pC1 13.99 pIP10 60.00 HS R/L 0.00/0.00
item 6 random   trial 13 none           9.7s  DNp09 0.00 MDN 0.00 DNp01 0.00 pC1 0.00 pIP10 0.00 HS R/L 0.00/0.00
  jitter trial 14 j=1: wscale 0.0763 probe 10.423 (target 13.609) in 6 iters
item 6 random   trial 14 female_taste   9.6s  DNp09 0.00 MDN 0.00 DNp01 0.00 pC1 0.00 pIP10 0.00 HS R/L 0.00/0.00
item 6 random   trial 14 cva            9.7s  DNp09 112.50 MDN 127.92 DNp01 110.83 pC1 18.65 pIP10 12.50 HS R/L 136.67/0.00
item 6 random   trial 14 none           9.5s  DNp09 0.00 MDN 0.00 DNp01 0.00 pC1 0.00 pIP10 0.00 HS R/L 0.00/0.00
  jitter trial 14 j=1.41: wscale 0.0763 probe 10.535 (target 13.609) in 6 iters
item 6 random   trial 14 female_taste   9.6s  DNp09 0.00 MDN 0.00 DNp01 0.00 pC1 0.00 pIP10 0.00 HS R/L 0.00/0.00
item 6 random   trial 14 cva            9.6s  DNp09 116.67 MDN 130.42 DNp01 125.83 pC1 21.11 pIP10 35.83 HS R/L 142.78/0.00
item 6 random   trial 14 none           9.5s  DNp09 0.00 MDN 0.00 DNp01 0.00 pC1 0.00 pIP10 0.00 HS R/L 0.00/0.00
  jitter trial 14 j=2: wscale 0.0763 probe 12.036 (target 13.609) in 6 iters
item 6 random   trial 14 female_taste   9.6s  DNp09 0.00 MDN 0.00 DNp01 0.00 pC1 0.00 pIP10 0.00 HS R/L 0.00/0.00
item 6 random   trial 14 cva            9.7s  DNp09 128.33 MDN 151.67 DNp01 137.50 pC1 35.80 pIP10 91.67 HS R/L 148.33/0.00
item 6 random   trial 14 none           9.5s  DNp09 0.00 MDN 0.00 DNp01 0.00 pC1 0.00 pIP10 0.00 HS R/L 0.00/0.00
  jitter trial 14 j=2.83: wscale 0.0763 probe 13.862 (target 13.609) in 6 iters
item 6 random   trial 14 female_taste   9.7s  DNp09 78.33 MDN 107.08 DNp01 82.50 pC1 26.54 pIP10 80.83 HS R/L 136.11/0.00
item 6 random   trial 14 cva           10.1s  DNp09 141.67 MDN 164.17 DNp01 147.50 pC1 52.17 pIP10 127.50 HS R/L 156.11/0.00
item 6 random   trial 14 none           9.5s  DNp09 0.00 MDN 0.00 DNp01 0.00 pC1 0.00 pIP10 0.00 HS R/L 0.00/0.00
  jitter trial 14 j=4: wscale 0.0670 probe 12.328 (target 13.609) in 3 iters
item 6 random   trial 14 female_taste   9.7s  DNp09 87.50 MDN 121.25 DNp01 98.33 pC1 24.90 pIP10 100.83 HS R/L 147.78/0.00
item 6 random   trial 14 cva            9.7s  DNp09 137.50 MDN 164.58 DNp01 141.67 pC1 39.10 pIP10 132.50 HS R/L 159.44/0.00
item 6 random   trial 14 none           9.5s  DNp09 0.00 MDN 0.00 DNp01 0.00 pC1 0.00 pIP10 0.00 HS R/L 0.00/0.00
  jitter trial 15 j=1: wscale 0.5033 probe 12.893 (target 13.609) in 6 iters
item 6 random   trial 15 female_taste   9.6s  DNp09 176.67 MDN 157.50 DNp01 186.67 pC1 23.78 pIP10 168.33 HS R/L 0.00/1.11
item 6 random   trial 15 cva            9.6s  DNp09 135.00 MDN 128.33 DNp01 145.83 pC1 19.18 pIP10 135.83 HS R/L 0.00/1.11
item 6 random   trial 15 none           9.5s  DNp09 0.00 MDN 0.00 DNp01 0.00 pC1 0.00 pIP10 0.00 HS R/L 0.00/0.00
  jitter trial 15 j=1.41: wscale 0.5033 probe 13.142 (target 13.609) in 6 iters
item 6 random   trial 15 female_taste   9.6s  DNp09 112.50 MDN 84.58 DNp01 120.00 pC1 14.73 pIP10 105.83 HS R/L 0.00/1.67
item 6 random   trial 15 cva            9.6s  DNp09 105.00 MDN 91.25 DNp01 115.00 pC1 15.27 pIP10 111.67 HS R/L 0.00/1.67
item 6 random   trial 15 none           9.5s  DNp09 0.00 MDN 0.00 DNp01 0.00 pC1 0.00 pIP10 0.00 HS R/L 0.00/0.00
  jitter trial 15 j=2: wscale 0.5033 probe 13.832 (target 13.609) in 6 iters
item 6 random   trial 15 female_taste   9.6s  DNp09 165.83 MDN 112.92 DNp01 170.83 pC1 24.86 pIP10 160.00 HS R/L 0.00/3.33
item 6 random   trial 15 cva            9.6s  DNp09 120.83 MDN 88.75 DNp01 130.00 pC1 18.23 pIP10 126.67 HS R/L 0.00/2.78
item 6 random   trial 15 none           9.5s  DNp09 0.00 MDN 0.00 DNp01 0.00 pC1 0.00 pIP10 0.00 HS R/L 0.00/0.00
  jitter trial 15 j=2.83: wscale 0.4419 probe 10.631 (target 13.609) in 4 iters
item 6 random   trial 15 female_taste   9.6s  DNp09 159.17 MDN 86.25 DNp01 182.50 pC1 21.13 pIP10 160.83 HS R/L 0.00/2.78
item 6 random   trial 15 cva            9.6s  DNp09 89.17 MDN 47.08 DNp01 107.50 pC1 10.69 pIP10 93.33 HS R/L 0.00/1.11
item 6 random   trial 15 none           9.5s  DNp09 0.00 MDN 0.00 DNp01 0.00 pC1 0.00 pIP10 0.00 HS R/L 0.00/0.00
  jitter trial 15 j=4: wscale 0.4419 probe 12.201 (target 13.609) in 4 iters
item 6 random   trial 15 female_taste   9.6s  DNp09 170.83 MDN 87.50 DNp01 197.50 pC1 26.99 pIP10 171.67 HS R/L 0.00/3.89
item 6 random   trial 15 cva            9.6s  DNp09 141.67 MDN 77.92 DNp01 166.67 pC1 20.51 pIP10 147.50 HS R/L 0.00/3.33
item 6 random   trial 15 none           9.5s  DNp09 0.00 MDN 0.00 DNp01 0.00 pC1 0.00 pIP10 0.00 HS R/L 0.00/0.00
  jitter trial 16 j=1: wscale 0.3399 probe 14.493 (target 13.609) in 4 iters
item 6 random   trial 16 female_taste   9.7s  DNp09 69.17 MDN 50.42 DNp01 67.50 pC1 18.53 pIP10 70.00 HS R/L 2.22/55.56
item 6 random   trial 16 cva            9.7s  DNp09 122.50 MDN 95.42 DNp01 120.83 pC1 38.62 pIP10 122.50 HS R/L 5.00/103.89
item 6 random   trial 16 none           9.5s  DNp09 0.00 MDN 0.00 DNp01 0.00 pC1 0.00 pIP10 0.00 HS R/L 0.00/0.00
  jitter trial 16 j=1.41: wscale 0.3399 probe 14.366 (target 13.609) in 4 iters
item 6 random   trial 16 female_taste   9.6s  DNp09 66.67 MDN 43.75 DNp01 65.83 pC1 18.16 pIP10 66.67 HS R/L 1.11/48.89
item 6 random   trial 16 cva            9.6s  DNp09 134.17 MDN 95.42 DNp01 128.33 pC1 44.06 pIP10 135.00 HS R/L 3.89/101.67
item 6 random   trial 16 none           9.5s  DNp09 0.00 MDN 0.00 DNp01 0.00 pC1 0.00 pIP10 0.00 HS R/L 0.00/0.00
  jitter trial 16 j=2: wscale 0.3399 probe 14.585 (target 13.609) in 4 iters
item 6 random   trial 16 female_taste   9.6s  DNp09 134.17 MDN 82.08 DNp01 133.33 pC1 46.25 pIP10 134.17 HS R/L 1.11/90.56
item 6 random   trial 16 cva            9.6s  DNp09 140.83 MDN 86.67 DNp01 131.67 pC1 48.81 pIP10 138.33 HS R/L 1.11/98.33
item 6 random   trial 16 none           9.5s  DNp09 0.00 MDN 0.00 DNp01 0.00 pC1 0.00 pIP10 0.00 HS R/L 0.00/0.00
  jitter trial 16 j=2.83: wscale 0.3399 probe 15.330 (target 13.609) in 4 iters
item 6 random   trial 16 female_taste   9.6s  DNp09 142.50 MDN 74.17 DNp01 140.83 pC1 53.16 pIP10 140.83 HS R/L 0.00/91.11
item 6 random   trial 16 cva            9.6s  DNp09 143.33 MDN 75.42 DNp01 135.00 pC1 53.72 pIP10 141.67 HS R/L 0.00/86.11
item 6 random   trial 16 none           9.5s  DNp09 0.00 MDN 0.00 DNp01 0.00 pC1 0.00 pIP10 0.00 HS R/L 0.00/0.00
  jitter trial 16 j=4: wscale 0.3399 probe 16.494 (target 13.609) in 4 iters
item 6 random   trial 16 female_taste   9.6s  DNp09 135.00 MDN 67.50 DNp01 144.17 pC1 58.09 pIP10 145.83 HS R/L 0.00/85.56
item 6 random   trial 16 cva            9.6s  DNp09 134.17 MDN 66.67 DNp01 140.00 pC1 57.26 pIP10 143.33 HS R/L 0.00/76.67
item 6 random   trial 16 none           9.5s  DNp09 0.00 MDN 0.00 DNp01 0.00 pC1 0.00 pIP10 0.00 HS R/L 0.00/0.00
  jitter trial 17 j=1: wscale 0.1354 probe 16.983 (target 13.609) in 9 iters
item 6 random   trial 17 female_taste   9.6s  DNp09 129.17 MDN 115.42 DNp01 190.00 pC1 29.53 pIP10 105.00 HS R/L 0.00/103.33
item 6 random   trial 17 cva            9.6s  DNp09 0.00 MDN 0.00 DNp01 0.00 pC1 0.00 pIP10 0.00 HS R/L 0.00/0.00
item 6 random   trial 17 none           9.5s  DNp09 0.00 MDN 0.00 DNp01 0.00 pC1 0.00 pIP10 0.00 HS R/L 0.00/0.00
  jitter trial 17 j=1.41: wscale 0.1289 probe 12.185 (target 13.609) in 7 iters
item 6 random   trial 17 female_taste   9.7s  DNp09 0.00 MDN 0.00 DNp01 83.33 pC1 0.96 pIP10 0.00 HS R/L 0.00/0.00
item 6 random   trial 17 cva            9.6s  DNp09 0.00 MDN 0.00 DNp01 0.00 pC1 0.00 pIP10 0.00 HS R/L 0.00/0.00
item 6 random   trial 17 none           9.5s  DNp09 0.00 MDN 0.00 DNp01 0.00 pC1 0.00 pIP10 0.00 HS R/L 0.00/0.00
  jitter trial 17 j=2: wscale 0.1208 probe 10.766 (target 13.609) in 5 iters
item 6 random   trial 17 female_taste   9.6s  DNp09 0.00 MDN 0.00 DNp01 18.33 pC1 0.30 pIP10 0.00 HS R/L 0.00/0.00
item 6 random   trial 17 cva            9.7s  DNp09 0.00 MDN 0.00 DNp01 0.00 pC1 0.00 pIP10 0.00 HS R/L 0.00/0.00
item 6 random   trial 17 none           9.5s  DNp09 0.00 MDN 0.00 DNp01 0.00 pC1 0.00 pIP10 0.00 HS R/L 0.00/0.00
  jitter trial 17 j=2.83: wscale 0.1132 probe 13.430 (target 13.609) in 7 iters
item 6 random   trial 17 female_taste   9.6s  DNp09 46.67 MDN 15.00 DNp01 112.50 pC1 4.73 pIP10 25.83 HS R/L 0.00/28.89
item 6 random   trial 17 cva            9.7s  DNp09 30.00 MDN 20.83 DNp01 43.33 pC1 2.03 pIP10 8.33 HS R/L 0.00/8.89
item 6 random   trial 17 none           9.5s  DNp09 0.00 MDN 0.00 DNp01 0.00 pC1 0.00 pIP10 0.00 HS R/L 0.00/0.00
  jitter trial 17 j=4: wscale 0.1061 probe 14.436 (target 13.609) in 6 iters
item 6 random   trial 17 female_taste   9.6s  DNp09 109.17 MDN 72.50 DNp01 152.50 pC1 19.72 pIP10 103.33 HS R/L 1.11/92.22
item 6 random   trial 17 cva            9.7s  DNp09 110.83 MDN 84.58 DNp01 120.83 pC1 19.43 pIP10 87.50 HS R/L 0.00/105.00
item 6 random   trial 17 none           9.5s  DNp09 0.00 MDN 0.00 DNp01 0.00 pC1 0.00 pIP10 0.00 HS R/L 0.00/0.00
  jitter trial 18 j=1: wscale 0.5297 probe 10.324 (target 13.609) in 5 iters
item 6 random   trial 18 female_taste   9.5s  DNp09 7.50 MDN 0.00 DNp01 32.50 pC1 0.03 pIP10 1.67 HS R/L 0.00/0.00
item 6 random   trial 18 cva            9.4s  DNp09 167.50 MDN 117.50 DNp01 196.67 pC1 10.49 pIP10 185.83 HS R/L 0.00/100.56
item 6 random   trial 18 none           9.4s  DNp09 0.00 MDN 0.00 DNp01 0.00 pC1 0.00 pIP10 0.00 HS R/L 0.00/0.00
  jitter trial 18 j=1.41: wscale 0.5297 probe 11.229 (target 13.609) in 5 iters
item 6 random   trial 18 female_taste   9.4s  DNp09 25.83 MDN 0.42 DNp01 62.50 pC1 0.24 pIP10 10.83 HS R/L 0.00/0.00
item 6 random   trial 18 cva            9.5s  DNp09 103.33 MDN 69.58 DNp01 125.00 pC1 6.58 pIP10 119.17 HS R/L 0.00/1.11
item 6 random   trial 18 none           9.4s  DNp09 0.00 MDN 0.00 DNp01 0.00 pC1 0.00 pIP10 0.00 HS R/L 0.00/0.00
  jitter trial 18 j=2: wscale 0.5297 probe 13.140 (target 13.609) in 5 iters
item 6 random   trial 18 female_taste   9.4s  DNp09 117.50 MDN 80.42 DNp01 145.00 pC1 6.60 pIP10 100.00 HS R/L 0.00/32.22
item 6 random   trial 18 cva            9.4s  DNp09 6.67 MDN 1.25 DNp01 15.83 pC1 0.25 pIP10 13.33 HS R/L 0.00/0.00
item 6 random   trial 18 none           9.4s  DNp09 0.00 MDN 0.00 DNp01 0.00 pC1 0.00 pIP10 0.00 HS R/L 0.00/0.00
  jitter trial 18 j=2.83: wscale 0.5297 probe 15.772 (target 13.609) in 5 iters
item 6 random   trial 18 female_taste   9.4s  DNp09 198.33 MDN 174.58 DNp01 218.33 pC1 23.46 pIP10 185.83 HS R/L 0.00/120.56
item 6 random   trial 18 cva            9.4s  DNp09 82.50 MDN 78.75 DNp01 90.00 pC1 8.08 pIP10 98.33 HS R/L 0.00/30.56
item 6 random   trial 18 none           9.4s  DNp09 0.00 MDN 0.00 DNp01 0.00 pC1 0.00 pIP10 0.00 HS R/L 0.00/0.00
  jitter trial 18 j=4: wscale 0.4651 probe 13.319 (target 13.609) in 6 iters
item 6 random   trial 18 female_taste   9.4s  DNp09 184.17 MDN 182.50 DNp01 220.00 pC1 23.89 pIP10 190.83 HS R/L 0.00/136.11
item 6 random   trial 18 cva            9.5s  DNp09 126.67 MDN 141.25 DNp01 148.33 pC1 16.42 pIP10 148.33 HS R/L 0.00/91.67
item 6 random   trial 18 none           9.4s  DNp09 0.00 MDN 0.00 DNp01 0.00 pC1 0.00 pIP10 0.00 HS R/L 0.00/0.00
  jitter trial 19 j=1: wscale 0.2775 probe 11.578 (target 13.609) in 6 iters
item 6 random   trial 19 female_taste   9.5s  DNp09 135.83 MDN 112.50 DNp01 131.67 pC1 31.04 pIP10 123.33 HS R/L 12.78/0.00
item 6 random   trial 19 cva            9.6s  DNp09 108.33 MDN 112.92 DNp01 101.67 pC1 28.40 pIP10 100.00 HS R/L 10.00/0.00
item 6 random   trial 19 none           9.5s  DNp09 0.00 MDN 0.00 DNp01 0.00 pC1 0.00 pIP10 0.00 HS R/L 0.00/0.00
  jitter trial 19 j=1.41: wscale 0.2775 probe 11.786 (target 13.609) in 6 iters
item 6 random   trial 19 female_taste   9.6s  DNp09 136.67 MDN 112.50 DNp01 135.83 pC1 33.80 pIP10 129.17 HS R/L 8.33/0.56
item 6 random   trial 19 cva            9.6s  DNp09 104.17 MDN 106.25 DNp01 100.00 pC1 29.49 pIP10 102.50 HS R/L 2.22/0.56
item 6 random   trial 19 none           9.4s  DNp09 0.00 MDN 0.00 DNp01 0.00 pC1 0.00 pIP10 0.00 HS R/L 0.00/0.00
  jitter trial 19 j=2: wscale 0.2775 probe 13.508 (target 13.609) in 6 iters
item 6 random   trial 19 female_taste   9.6s  DNp09 132.50 MDN 108.33 DNp01 135.00 pC1 36.30 pIP10 128.33 HS R/L 7.22/2.22
item 6 random   trial 19 cva            9.6s  DNp09 99.17 MDN 103.33 DNp01 100.83 pC1 32.02 pIP10 110.83 HS R/L 0.00/2.22
item 6 random   trial 19 none           9.4s  DNp09 0.00 MDN 0.00 DNp01 0.00 pC1 0.00 pIP10 0.00 HS R/L 0.00/0.00
  jitter trial 19 j=2.83: wscale 0.2436 probe 10.403 (target 13.609) in 5 iters
item 6 random   trial 19 female_taste   9.6s  DNp09 100.83 MDN 63.33 DNp01 110.83 pC1 19.44 pIP10 95.83 HS R/L 6.11/0.56
item 6 random   trial 19 cva            9.6s  DNp09 47.50 MDN 55.83 DNp01 48.33 pC1 11.30 pIP10 78.33 HS R/L 0.00/0.00
item 6 random   trial 19 none           9.4s  DNp09 0.00 MDN 0.00 DNp01 0.00 pC1 0.00 pIP10 0.00 HS R/L 0.00/0.00
  jitter trial 19 j=4: wscale 0.2436 probe 13.993 (target 13.609) in 5 iters
item 6 random   trial 19 female_taste   9.6s  DNp09 132.50 MDN 98.75 DNp01 144.17 pC1 36.09 pIP10 138.33 HS R/L 3.89/3.33
item 6 random   trial 19 cva            9.5s  DNp09 86.67 MDN 88.75 DNp01 93.33 pC1 28.94 pIP10 117.50 HS R/L 0.00/2.78
item 6 random   trial 19 none           9.5s  DNp09 0.00 MDN 0.00 DNp01 0.00 pC1 0.00 pIP10 0.00 HS R/L 0.00/0.00
  jitter trial 20 j=1: wscale 0.1275 probe 12.846 (target 13.609) in 6 iters
item 6 random   trial 20 female_taste   9.8s  DNp09 0.00 MDN 0.00 DNp01 0.00 pC1 0.00 pIP10 0.00 HS R/L 0.00/0.00
item 6 random   trial 20 cva            9.8s  DNp09 128.33 MDN 186.25 DNp01 78.33 pC1 27.93 pIP10 110.83 HS R/L 125.00/0.00
item 6 random   trial 20 none           9.6s  DNp09 0.00 MDN 0.00 DNp01 0.00 pC1 0.00 pIP10 0.00 HS R/L 0.00/0.00
  jitter trial 20 j=1.41: wscale 0.1275 probe 13.237 (target 13.609) in 6 iters
item 6 random   trial 20 female_taste   9.7s  DNp09 0.00 MDN 0.00 DNp01 0.00 pC1 0.00 pIP10 0.00 HS R/L 0.00/0.00
item 6 random   trial 20 cva            9.7s  DNp09 133.33 MDN 186.25 DNp01 81.67 pC1 29.37 pIP10 115.00 HS R/L 124.44/0.00
item 6 random   trial 20 none           9.6s  DNp09 0.00 MDN 0.00 DNp01 0.00 pC1 0.00 pIP10 0.00 HS R/L 0.00/0.00
  jitter trial 20 j=2: wscale 0.1275 probe 15.184 (target 13.609) in 6 iters
item 6 random   trial 20 female_taste   9.7s  DNp09 40.83 MDN 58.33 DNp01 13.33 pC1 6.74 pIP10 36.67 HS R/L 34.44/0.00
item 6 random   trial 20 cva            9.7s  DNp09 136.67 MDN 188.33 DNp01 74.17 pC1 43.18 pIP10 138.33 HS R/L 121.11/0.00
item 6 random   trial 20 none           9.5s  DNp09 0.00 MDN 0.00 DNp01 0.00 pC1 0.00 pIP10 0.00 HS R/L 0.00/0.00
  jitter trial 20 j=2.83: wscale 0.1120 probe 11.798 (target 13.609) in 4 iters
item 6 random   trial 20 female_taste   9.8s  DNp09 18.33 MDN 33.33 DNp01 0.00 pC1 3.30 pIP10 12.50 HS R/L 12.78/0.00
item 6 random   trial 20 cva            9.7s  DNp09 100.00 MDN 169.17 DNp01 14.17 pC1 29.27 pIP10 111.67 HS R/L 117.22/0.00
item 6 random   trial 20 none           9.6s  DNp09 0.00 MDN 0.00 DNp01 0.00 pC1 0.00 pIP10 0.00 HS R/L 0.00/0.00
  jitter trial 20 j=4: wscale 0.1120 probe 15.598 (target 13.609) in 4 iters
item 6 random   trial 20 female_taste   9.7s  DNp09 74.17 MDN 85.42 DNp01 17.50 pC1 24.86 pIP10 81.67 HS R/L 84.44/0.00
item 6 random   trial 20 cva            9.8s  DNp09 112.50 MDN 170.00 DNp01 25.83 pC1 45.44 pIP10 143.33 HS R/L 131.11/0.00
item 6 random   trial 20 none           9.5s  DNp09 0.00 MDN 0.00 DNp01 0.00 pC1 0.00 pIP10 0.00 HS R/L 0.00/0.00
  jitter trial 21 j=1: wscale 0.2180 probe 15.066 (target 13.609) in 6 iters
item 6 random   trial 21 female_taste   9.7s  DNp09 153.33 MDN 134.17 DNp01 178.33 pC1 51.08 pIP10 148.33 HS R/L 143.33/106.67
item 6 random   trial 21 cva            9.7s  DNp09 5.00 MDN 43.33 DNp01 32.50 pC1 1.08 pIP10 1.67 HS R/L 25.00/23.33
item 6 random   trial 21 none           9.5s  DNp09 0.00 MDN 0.00 DNp01 0.00 pC1 0.00 pIP10 0.00 HS R/L 0.00/0.00
  jitter trial 21 j=1.41: wscale 0.2180 probe 16.013 (target 13.609) in 6 iters
item 6 random   trial 21 female_taste   9.7s  DNp09 170.00 MDN 147.50 DNp01 193.33 pC1 53.96 pIP10 160.00 HS R/L 151.67/127.78
item 6 random   trial 21 cva            9.8s  DNp09 48.33 MDN 66.67 DNp01 75.83 pC1 10.32 pIP10 39.17 HS R/L 49.44/50.56
item 6 random   trial 21 none           9.5s  DNp09 0.00 MDN 0.00 DNp01 0.00 pC1 0.00 pIP10 0.00 HS R/L 0.00/0.00
  jitter trial 21 j=2: wscale 0.1914 probe 12.310 (target 13.609) in 4 iters
item 6 random   trial 21 female_taste   9.7s  DNp09 168.33 MDN 133.33 DNp01 191.67 pC1 39.21 pIP10 150.00 HS R/L 141.67/123.33
item 6 random   trial 21 cva            9.8s  DNp09 17.50 MDN 26.25 DNp01 37.50 pC1 1.11 pIP10 3.33 HS R/L 8.33/15.56
item 6 random   trial 21 none           9.6s  DNp09 0.00 MDN 0.00 DNp01 0.00 pC1 0.00 pIP10 0.00 HS R/L 0.00/0.00
  jitter trial 21 j=2.83: wscale 0.1914 probe 16.121 (target 13.609) in 4 iters
item 6 random   trial 21 female_taste   9.8s  DNp09 185.00 MDN 140.00 DNp01 204.17 pC1 46.88 pIP10 150.00 HS R/L 148.33/140.00
item 6 random   trial 21 cva            9.8s  DNp09 110.83 MDN 92.92 DNp01 126.67 pC1 24.24 pIP10 80.00 HS R/L 79.44/81.67
item 6 random   trial 21 none           9.5s  DNp09 0.00 MDN 0.00 DNp01 0.00 pC1 0.00 pIP10 0.00 HS R/L 0.00/0.00
  jitter trial 21 j=4: wscale 0.1681 probe 14.484 (target 13.609) in 6 iters
item 6 random   trial 21 female_taste   9.8s  DNp09 185.00 MDN 113.75 DNp01 203.33 pC1 38.56 pIP10 123.33 HS R/L 118.89/122.78
item 6 random   trial 21 cva            9.7s  DNp09 118.33 MDN 77.08 DNp01 129.17 pC1 21.18 pIP10 70.00 HS R/L 61.11/67.78
item 6 random   trial 21 none           9.6s  DNp09 0.00 MDN 0.00 DNp01 0.00 pC1 0.00 pIP10 0.00 HS R/L 0.00/0.00
  jitter trial 22 j=1: wscale 0.6534 probe 16.583 (target 13.609) in 4 iters
item 6 random   trial 22 female_taste   9.6s  DNp09 153.33 MDN 141.25 DNp01 156.67 pC1 55.72 pIP10 147.50 HS R/L 0.00/0.00
item 6 random   trial 22 cva            9.6s  DNp09 153.33 MDN 157.92 DNp01 155.83 pC1 60.24 pIP10 161.67 HS R/L 0.00/0.00
item 6 random   trial 22 none           9.5s  DNp09 0.00 MDN 0.00 DNp01 0.00 pC1 0.00 pIP10 0.00 HS R/L 0.00/0.00
  jitter trial 22 j=1.41: wscale 0.6534 probe 16.596 (target 13.609) in 4 iters
item 6 random   trial 22 female_taste   9.6s  DNp09 146.67 MDN 135.83 DNp01 150.83 pC1 51.76 pIP10 140.83 HS R/L 0.00/0.00
item 6 random   trial 22 cva            9.6s  DNp09 159.17 MDN 162.50 DNp01 160.00 pC1 62.34 pIP10 165.83 HS R/L 0.00/0.00
item 6 random   trial 22 none           9.4s  DNp09 0.00 MDN 0.00 DNp01 0.00 pC1 0.00 pIP10 0.00 HS R/L 0.00/0.00
  jitter trial 22 j=2: wscale 0.5738 probe 12.876 (target 13.609) in 6 iters
item 6 random   trial 22 female_taste   9.6s  DNp09 87.50 MDN 67.50 DNp01 86.67 pC1 15.85 pIP10 77.50 HS R/L 0.00/0.00
item 6 random   trial 22 cva            9.6s  DNp09 151.67 MDN 155.00 DNp01 149.17 pC1 43.51 pIP10 160.83 HS R/L 0.00/0.00
item 6 random   trial 22 none           9.5s  DNp09 0.00 MDN 0.00 DNp01 0.00 pC1 0.00 pIP10 0.00 HS R/L 0.00/0.00
  jitter trial 22 j=2.83: wscale 0.5738 probe 13.808 (target 13.609) in 6 iters
item 6 random   trial 22 female_taste   9.5s  DNp09 95.00 MDN 73.75 DNp01 87.50 pC1 20.29 pIP10 83.33 HS R/L 0.00/0.00
item 6 random   trial 22 cva            9.6s  DNp09 157.50 MDN 154.58 DNp01 152.50 pC1 48.46 pIP10 165.00 HS R/L 0.00/0.00
item 6 random   trial 22 none           9.5s  DNp09 0.00 MDN 0.00 DNp01 0.00 pC1 0.00 pIP10 0.00 HS R/L 0.00/0.00
  jitter trial 22 j=4: wscale 0.5038 probe 11.608 (target 13.609) in 5 iters
item 6 random   trial 22 female_taste   9.6s  DNp09 106.67 MDN 74.58 DNp01 78.33 pC1 18.85 pIP10 92.50 HS R/L 0.00/0.00
item 6 random   trial 22 cva            9.6s  DNp09 153.33 MDN 134.17 DNp01 127.50 pC1 37.25 pIP10 159.17 HS R/L 0.00/0.00
item 6 random   trial 22 none           9.4s  DNp09 0.00 MDN 0.00 DNp01 0.00 pC1 0.00 pIP10 0.00 HS R/L 0.00/0.00
  jitter trial 23 j=1: wscale 0.1838 probe 13.613 (target 13.609) in 6 iters
item 6 random   trial 23 female_taste   9.7s  DNp09 134.17 MDN 117.92 DNp01 148.33 pC1 36.00 pIP10 107.50 HS R/L 2.22/0.00
item 6 random   trial 23 cva            9.7s  DNp09 125.83 MDN 137.92 DNp01 151.67 pC1 36.24 pIP10 120.83 HS R/L 2.22/0.00
item 6 random   trial 23 none           9.5s  DNp09 0.00 MDN 0.00 DNp01 0.00 pC1 0.00 pIP10 0.00 HS R/L 0.00/0.00
  jitter trial 23 j=1.41: wscale 0.1838 probe 13.373 (target 13.609) in 6 iters
item 6 random   trial 23 female_taste   9.6s  DNp09 126.67 MDN 115.42 DNp01 143.33 pC1 32.83 pIP10 95.83 HS R/L 1.11/0.00
item 6 random   trial 23 cva            9.7s  DNp09 122.50 MDN 136.67 DNp01 152.50 pC1 36.90 pIP10 110.00 HS R/L 1.11/0.00
item 6 random   trial 23 none           9.5s  DNp09 0.00 MDN 0.00 DNp01 0.00 pC1 0.00 pIP10 0.00 HS R/L 0.00/0.00
  jitter trial 23 j=2: wscale 0.1838 probe 13.788 (target 13.609) in 6 iters
item 6 random   trial 23 female_taste   9.7s  DNp09 111.67 MDN 108.33 DNp01 131.67 pC1 30.99 pIP10 80.83 HS R/L 0.00/0.56
item 6 random   trial 23 cva            9.7s  DNp09 121.67 MDN 137.92 DNp01 153.33 pC1 40.40 pIP10 102.50 HS R/L 0.00/0.56
item 6 random   trial 23 none           9.5s  DNp09 0.00 MDN 0.00 DNp01 0.00 pC1 0.00 pIP10 0.00 HS R/L 0.00/0.00
  jitter trial 23 j=2.83: wscale 0.1614 probe 11.108 (target 13.609) in 5 iters
item 6 random   trial 23 female_taste   9.7s  DNp09 20.83 MDN 40.00 DNp01 59.17 pC1 3.59 pIP10 22.50 HS R/L 0.00/0.00
item 6 random   trial 23 cva            9.7s  DNp09 79.17 MDN 130.83 DNp01 145.83 pC1 31.78 pIP10 85.00 HS R/L 0.00/0.00
item 6 random   trial 23 none           9.5s  DNp09 0.00 MDN 0.00 DNp01 0.00 pC1 0.00 pIP10 0.00 HS R/L 0.00/0.00
  jitter trial 23 j=4: wscale 0.1614 probe 12.983 (target 13.609) in 5 iters
item 6 random   trial 23 female_taste   9.7s  DNp09 28.33 MDN 65.83 DNp01 85.83 pC1 11.73 pIP10 36.67 HS R/L 0.00/0.00
item 6 random   trial 23 cva            9.7s  DNp09 68.33 MDN 145.00 DNp01 153.33 pC1 41.21 pIP10 91.67 HS R/L 0.00/0.56
item 6 random   trial 23 none           9.5s  DNp09 0.00 MDN 0.00 DNp01 0.00 pC1 0.00 pIP10 0.00 HS R/L 0.00/0.00
  jitter trial 24 j=1: wscale 1.4512 probe 14.696 (target 13.609) in 3 iters
item 6 random   trial 24 female_taste   9.7s  DNp09 145.00 MDN 145.00 DNp01 142.50 pC1 53.12 pIP10 147.50 HS R/L 0.00/143.33
item 6 random   trial 24 cva            9.7s  DNp09 141.67 MDN 145.00 DNp01 137.50 pC1 50.67 pIP10 144.17 HS R/L 0.00/141.11
item 6 random   trial 24 none           9.5s  DNp09 0.00 MDN 0.00 DNp01 0.00 pC1 0.00 pIP10 0.00 HS R/L 0.00/0.00
  jitter trial 24 j=1.41: wscale 1.4512 probe 14.836 (target 13.609) in 3 iters
item 6 random   trial 24 female_taste   9.7s  DNp09 145.00 MDN 145.83 DNp01 144.17 pC1 51.62 pIP10 148.33 HS R/L 0.00/143.33
item 6 random   trial 24 cva            9.7s  DNp09 142.50 MDN 145.83 DNp01 139.17 pC1 49.79 pIP10 146.67 HS R/L 0.00/141.67
item 6 random   trial 24 none           9.5s  DNp09 0.00 MDN 0.00 DNp01 0.00 pC1 0.00 pIP10 0.00 HS R/L 0.00/0.00
  jitter trial 24 j=2: wscale 1.4512 probe 15.393 (target 13.609) in 3 iters
item 6 random   trial 24 female_taste   9.7s  DNp09 147.50 MDN 148.75 DNp01 145.83 pC1 53.64 pIP10 150.83 HS R/L 1.11/143.33
item 6 random   trial 24 cva            9.7s  DNp09 143.33 MDN 147.50 DNp01 141.67 pC1 51.74 pIP10 150.83 HS R/L 0.56/143.33
item 6 random   trial 24 none           9.5s  DNp09 0.00 MDN 0.00 DNp01 0.00 pC1 0.00 pIP10 0.00 HS R/L 0.00/0.00
  jitter trial 24 j=2.83: wscale 1.4512 probe 16.311 (target 13.609) in 3 iters
item 6 random   trial 24 female_taste   9.7s  DNp09 150.83 MDN 150.83 DNp01 150.00 pC1 55.20 pIP10 152.50 HS R/L 16.11/145.00
item 6 random   trial 24 cva            9.7s  DNp09 146.67 MDN 149.58 DNp01 146.67 pC1 53.45 pIP10 154.17 HS R/L 15.56/143.33
item 6 random   trial 24 none           9.5s  DNp09 0.00 MDN 0.00 DNp01 0.00 pC1 0.00 pIP10 0.00 HS R/L 0.00/0.00
  jitter trial 24 j=4: wscale 1.1190 probe 11.298 (target 13.609) in 5 iters
item 6 random   trial 24 female_taste   9.8s  DNp09 125.83 MDN 147.08 DNp01 126.67 pC1 26.83 pIP10 149.17 HS R/L 5.56/138.33
item 6 random   trial 24 cva            9.7s  DNp09 119.17 MDN 142.92 DNp01 121.67 pC1 25.13 pIP10 150.00 HS R/L 3.33/135.00
item 6 random   trial 24 none           9.5s  DNp09 0.00 MDN 0.00 DNp01 0.00 pC1 0.00 pIP10 0.00 HS R/L 0.00/0.00
  jitter trial 25 j=1: wscale 0.1275 probe 11.480 (target 13.609) in 6 iters
item 6 random   trial 25 female_taste   9.8s  DNp09 0.00 MDN 0.00 DNp01 0.00 pC1 0.00 pIP10 0.00 HS R/L 0.00/0.00
item 6 random   trial 25 cva            9.7s  DNp09 146.67 MDN 147.50 DNp01 170.83 pC1 14.43 pIP10 152.50 HS R/L 51.67/0.00
item 6 random   trial 25 none           9.6s  DNp09 0.00 MDN 0.00 DNp01 0.00 pC1 0.00 pIP10 0.00 HS R/L 0.00/0.00
  jitter trial 25 j=1.41: wscale 0.1275 probe 12.196 (target 13.609) in 6 iters
item 6 random   trial 25 female_taste   9.8s  DNp09 0.00 MDN 0.00 DNp01 0.00 pC1 0.00 pIP10 0.00 HS R/L 0.00/0.00
item 6 random   trial 25 cva            9.7s  DNp09 144.17 MDN 145.00 DNp01 169.17 pC1 17.67 pIP10 153.33 HS R/L 23.33/0.00
item 6 random   trial 25 none           9.6s  DNp09 0.00 MDN 0.00 DNp01 0.00 pC1 0.00 pIP10 0.00 HS R/L 0.00/0.00
  jitter trial 25 j=2: wscale 0.1275 probe 13.945 (target 13.609) in 6 iters
item 6 random   trial 25 female_taste   9.8s  DNp09 0.00 MDN 0.00 DNp01 0.00 pC1 0.00 pIP10 0.00 HS R/L 0.00/0.00
item 6 random   trial 25 cva            9.8s  DNp09 157.50 MDN 156.25 DNp01 175.83 pC1 24.96 pIP10 165.00 HS R/L 25.00/0.00
item 6 random   trial 25 none           9.5s  DNp09 0.00 MDN 0.00 DNp01 0.00 pC1 0.00 pIP10 0.00 HS R/L 0.00/0.00
  jitter trial 25 j=2.83: wscale 0.1120 probe 11.240 (target 13.609) in 3 iters
item 6 random   trial 25 female_taste   9.8s  DNp09 0.00 MDN 0.00 DNp01 0.00 pC1 0.00 pIP10 0.00 HS R/L 0.00/0.00
item 6 random   trial 25 cva            9.8s  DNp09 148.33 MDN 126.67 DNp01 170.00 pC1 17.81 pIP10 160.83 HS R/L 0.00/0.00
item 6 random   trial 25 none           9.6s  DNp09 0.00 MDN 0.00 DNp01 0.00 pC1 0.00 pIP10 0.00 HS R/L 0.00/0.00
  jitter trial 25 j=4: wscale 0.1120 probe 13.635 (target 13.609) in 3 iters
item 6 random   trial 25 female_taste  10.6s  DNp09 0.00 MDN 0.00 DNp01 0.00 pC1 0.00 pIP10 0.00 HS R/L 0.00/0.00
item 6 random   trial 25 cva            9.8s  DNp09 161.67 MDN 126.25 DNp01 187.50 pC1 27.59 pIP10 178.33 HS R/L 5.56/0.00
item 6 random   trial 25 none           9.6s  DNp09 0.00 MDN 0.00 DNp01 0.00 pC1 0.00 pIP10 0.00 HS R/L 0.00/0.00
  jitter trial 26 j=1: wscale 0.2648 probe 15.800 (target 13.609) in 3 iters
item 6 random   trial 26 female_taste   9.8s  DNp09 93.33 MDN 84.17 DNp01 101.67 pC1 33.40 pIP10 89.17 HS R/L 0.00/0.00
item 6 random   trial 26 cva            9.8s  DNp09 124.17 MDN 122.92 DNp01 135.83 pC1 54.98 pIP10 135.00 HS R/L 0.00/0.00
item 6 random   trial 26 none           9.6s  DNp09 0.00 MDN 0.00 DNp01 0.00 pC1 0.00 pIP10 0.00 HS R/L 0.00/0.00
  jitter trial 26 j=1.41: wscale 0.2648 probe 16.137 (target 13.609) in 3 iters
item 6 random   trial 26 female_taste   9.8s  DNp09 127.50 MDN 119.58 DNp01 132.50 pC1 50.02 pIP10 120.83 HS R/L 1.67/0.00
item 6 random   trial 26 cva            9.7s  DNp09 130.83 MDN 127.50 DNp01 139.17 pC1 56.98 pIP10 134.17 HS R/L 2.22/0.00
item 6 random   trial 26 none           9.6s  DNp09 0.00 MDN 0.00 DNp01 0.00 pC1 0.00 pIP10 0.00 HS R/L 0.00/0.00
  jitter trial 26 j=2: wscale 0.2648 probe 16.847 (target 13.609) in 3 iters
item 6 random   trial 26 female_taste   9.8s  DNp09 137.50 MDN 129.58 DNp01 139.17 pC1 57.97 pIP10 130.00 HS R/L 10.56/0.00
item 6 random   trial 26 cva            9.8s  DNp09 136.67 MDN 130.83 DNp01 140.83 pC1 61.49 pIP10 135.83 HS R/L 8.89/0.00
item 6 random   trial 26 none           9.5s  DNp09 0.00 MDN 0.00 DNp01 0.00 pC1 0.00 pIP10 0.00 HS R/L 0.00/0.00
  jitter trial 26 j=2.83: wscale 0.2042 probe 11.156 (target 13.609) in 5 iters
item 6 random   trial 26 female_taste   9.7s  DNp09 120.83 MDN 87.92 DNp01 136.67 pC1 33.18 pIP10 120.83 HS R/L 0.00/0.00
item 6 random   trial 26 cva            9.8s  DNp09 117.50 MDN 86.67 DNp01 135.00 pC1 34.17 pIP10 123.33 HS R/L 0.00/0.00
item 6 random   trial 26 none           9.6s  DNp09 0.00 MDN 0.00 DNp01 0.00 pC1 0.00 pIP10 0.00 HS R/L 0.00/0.00
  jitter trial 26 j=4: wscale 0.2042 probe 12.409 (target 13.609) in 5 iters
item 6 random   trial 26 female_taste   9.8s  DNp09 125.83 MDN 87.08 DNp01 140.83 pC1 40.84 pIP10 120.00 HS R/L 0.00/2.22
item 6 random   trial 26 cva            9.7s  DNp09 121.67 MDN 85.00 DNp01 137.50 pC1 40.58 pIP10 118.33 HS R/L 0.00/2.22
item 6 random   trial 26 none           9.6s  DNp09 0.00 MDN 0.00 DNp01 0.00 pC1 0.00 pIP10 0.00 HS R/L 0.00/0.00
  jitter trial 27 j=1: wscale 1.4316 probe 13.578 (target 13.609) in 4 iters
item 6 random   trial 27 female_taste   9.5s  DNp09 142.50 MDN 140.00 DNp01 140.83 pC1 26.34 pIP10 139.17 HS R/L 0.00/0.00
item 6 random   trial 27 cva            9.5s  DNp09 149.17 MDN 150.00 DNp01 147.50 pC1 26.25 pIP10 149.17 HS R/L 0.00/0.00
item 6 random   trial 27 none           9.4s  DNp09 0.00 MDN 0.00 DNp01 0.00 pC1 0.00 pIP10 0.00 HS R/L 0.00/0.00
  jitter trial 27 j=1.41: wscale 1.4316 probe 13.818 (target 13.609) in 4 iters
item 6 random   trial 27 female_taste   9.5s  DNp09 145.00 MDN 142.50 DNp01 139.17 pC1 27.63 pIP10 140.00 HS R/L 0.00/0.00
item 6 random   trial 27 cva            9.6s  DNp09 149.17 MDN 148.33 DNp01 148.33 pC1 27.38 pIP10 149.17 HS R/L 0.00/0.00
item 6 random   trial 27 none           9.4s  DNp09 0.00 MDN 0.00 DNp01 0.00 pC1 0.00 pIP10 0.00 HS R/L 0.00/0.00
  jitter trial 27 j=2: wscale 1.4316 probe 14.334 (target 13.609) in 4 iters
item 6 random   trial 27 female_taste   9.5s  DNp09 147.50 MDN 146.67 DNp01 143.33 pC1 31.13 pIP10 144.17 HS R/L 0.56/0.00
item 6 random   trial 27 cva            9.6s  DNp09 151.67 MDN 150.83 DNp01 150.00 pC1 30.34 pIP10 150.83 HS R/L 1.11/0.00
item 6 random   trial 27 none           9.4s  DNp09 0.00 MDN 0.00 DNp01 0.00 pC1 0.00 pIP10 0.00 HS R/L 0.00/0.00
  jitter trial 27 j=2.83: wscale 1.4316 probe 15.340 (target 13.609) in 4 iters
item 6 random   trial 27 female_taste   9.5s  DNp09 149.17 MDN 150.83 DNp01 145.83 pC1 37.66 pIP10 147.50 HS R/L 3.33/0.00
item 6 random   trial 27 cva            9.5s  DNp09 153.33 MDN 151.67 DNp01 151.67 pC1 36.75 pIP10 151.67 HS R/L 3.89/0.00
item 6 random   trial 27 none           9.4s  DNp09 0.00 MDN 0.00 DNp01 0.00 pC1 0.00 pIP10 0.00 HS R/L 0.00/0.00
  jitter trial 27 j=4: wscale 1.4316 probe 16.786 (target 13.609) in 4 iters
item 6 random   trial 27 female_taste   9.5s  DNp09 151.67 MDN 146.67 DNp01 151.67 pC1 48.10 pIP10 148.33 HS R/L 6.11/0.00
item 6 random   trial 27 cva            9.6s  DNp09 154.17 MDN 148.75 DNp01 154.17 pC1 47.21 pIP10 149.17 HS R/L 6.11/0.00
item 6 random   trial 27 none           9.4s  DNp09 0.00 MDN 0.00 DNp01 0.00 pC1 0.00 pIP10 0.00 HS R/L 0.00/0.00
  jitter trial 28 j=1: wscale 0.2643 probe 15.248 (target 13.609) in 7 iters
item 6 random   trial 28 female_taste   9.6s  DNp09 0.00 MDN 0.00 DNp01 12.50 pC1 0.00 pIP10 0.00 HS R/L 0.00/0.00
item 6 random   trial 28 cva            9.7s  DNp09 125.00 MDN 67.08 DNp01 158.33 pC1 33.51 pIP10 96.67 HS R/L 3.33/0.56
item 6 random   trial 28 none           9.5s  DNp09 0.00 MDN 0.00 DNp01 0.00 pC1 0.00 pIP10 0.00 HS R/L 0.00/0.00
  jitter trial 28 j=1.41: wscale 0.2476 probe 13.472 (target 13.609) in 3 iters
item 6 random   trial 28 female_taste   9.6s  DNp09 0.00 MDN 0.00 DNp01 5.83 pC1 0.00 pIP10 0.00 HS R/L 0.00/0.00
item 6 random   trial 28 cva            9.7s  DNp09 60.83 MDN 17.92 DNp01 112.50 pC1 8.82 pIP10 30.00 HS R/L 1.11/0.00
item 6 random   trial 28 none           9.5s  DNp09 0.00 MDN 0.00 DNp01 0.00 pC1 0.00 pIP10 0.00 HS R/L 0.00/0.00
  jitter trial 28 j=2: wscale 0.2320 probe 14.528 (target 13.609) in 7 iters
item 6 random   trial 28 female_taste   9.6s  DNp09 114.17 MDN 35.00 DNp01 122.50 pC1 21.10 pIP10 85.00 HS R/L 6.11/0.00
item 6 random   trial 28 cva            9.7s  DNp09 82.50 MDN 22.50 DNp01 165.00 pC1 15.42 pIP10 48.33 HS R/L 3.89/0.00
item 6 random   trial 28 none           9.5s  DNp09 0.00 MDN 0.00 DNp01 0.00 pC1 0.00 pIP10 0.00 HS R/L 0.00/0.00
  jitter trial 28 j=2.83: wscale 0.2174 probe 16.018 (target 13.609) in 6 iters
item 6 random   trial 28 female_taste   9.7s  DNp09 163.33 MDN 46.25 DNp01 180.83 pC1 37.04 pIP10 136.67 HS R/L 32.78/1.11
item 6 random   trial 28 cva            9.7s  DNp09 130.00 MDN 37.92 DNp01 217.50 pC1 31.39 pIP10 99.17 HS R/L 23.89/0.56
item 6 random   trial 28 none           9.5s  DNp09 0.00 MDN 0.00 DNp01 0.00 pC1 0.00 pIP10 0.00 HS R/L 0.00/0.00
  jitter trial 28 j=4: wscale 0.1909 probe 14.198 (target 13.609) in 5 iters
item 6 random   trial 28 female_taste   9.6s  DNp09 162.50 MDN 37.92 DNp01 190.00 pC1 35.19 pIP10 123.33 HS R/L 45.56/0.56
item 6 random   trial 28 cva            9.7s  DNp09 142.50 MDN 36.67 DNp01 239.17 pC1 33.86 pIP10 100.00 HS R/L 40.00/0.56
item 6 random   trial 28 none           9.5s  DNp09 0.00 MDN 0.00 DNp01 0.00 pC1 0.00 pIP10 0.00 HS R/L 0.00/0.00
  jitter trial 29 j=1: wscale 0.1110 probe 10.357 (target 13.609) in 6 iters
item 6 random   trial 29 female_taste   9.6s  DNp09 144.17 MDN 103.75 DNp01 108.33 pC1 59.09 pIP10 129.17 HS R/L 0.00/0.00
item 6 random   trial 29 cva            9.6s  DNp09 0.00 MDN 0.00 DNp01 0.00 pC1 0.00 pIP10 0.00 HS R/L 0.00/0.00
item 6 random   trial 29 none           9.5s  DNp09 0.00 MDN 0.00 DNp01 0.00 pC1 0.00 pIP10 0.00 HS R/L 0.00/0.00
  jitter trial 29 j=1.41: wscale 0.1110 probe 12.890 (target 13.609) in 6 iters
item 6 random   trial 29 female_taste   9.9s  DNp09 145.83 MDN 103.75 DNp01 93.33 pC1 57.09 pIP10 133.33 HS R/L 0.00/0.00
item 6 random   trial 29 cva           10.1s  DNp09 0.00 MDN 0.00 DNp01 0.00 pC1 0.00 pIP10 0.00 HS R/L 0.00/0.00
item 6 random   trial 29 none           9.6s  DNp09 0.00 MDN 0.00 DNp01 0.00 pC1 0.00 pIP10 0.00 HS R/L 0.00/0.00
  jitter trial 29 j=2: wscale 0.1110 probe 13.856 (target 13.609) in 6 iters
item 6 random   trial 29 female_taste   9.9s  DNp09 150.00 MDN 100.00 DNp01 96.67 pC1 58.40 pIP10 144.17 HS R/L 0.00/0.00
item 6 random   trial 29 cva            9.8s  DNp09 0.00 MDN 0.00 DNp01 0.00 pC1 0.00 pIP10 0.00 HS R/L 0.00/0.00
item 6 random   trial 29 none           9.5s  DNp09 0.00 MDN 0.00 DNp01 0.00 pC1 0.00 pIP10 0.00 HS R/L 0.00/0.00
  jitter trial 29 j=2.83: wscale 0.1110 probe 15.446 (target 13.609) in 6 iters
item 6 random   trial 29 female_taste   9.7s  DNp09 157.50 MDN 96.25 DNp01 104.17 pC1 60.68 pIP10 154.17 HS R/L 0.00/0.00
item 6 random   trial 29 cva            9.8s  DNp09 3.33 MDN 5.42 DNp01 8.33 pC1 0.12 pIP10 13.33 HS R/L 0.00/0.00
item 6 random   trial 29 none           9.7s  DNp09 0.00 MDN 0.00 DNp01 0.00 pC1 0.00 pIP10 0.00 HS R/L 0.00/0.00
  jitter trial 29 j=4: wscale 0.0974 probe 13.284 (target 13.609) in 3 iters
item 6 random   trial 29 female_taste   9.7s  DNp09 157.50 MDN 84.17 DNp01 95.00 pC1 45.97 pIP10 151.67 HS R/L 0.00/0.00
item 6 random   trial 29 cva            9.8s  DNp09 7.50 MDN 5.00 DNp01 10.83 pC1 0.18 pIP10 19.17 HS R/L 0.00/0.00
item 6 random   trial 29 none           9.5s  DNp09 0.00 MDN 0.00 DNp01 0.00 pC1 0.00 pIP10 0.00 HS R/L 0.00/0.00
rows 3150 total 33970s
